season,round,driverId,driverCode,givenName,familyName,constructorId,constructorName,grid,position,points,laps,status,did_not_finish
2018,1,vettel,VET,Sebastian,Vettel,ferrari,Ferrari,3,1,25.0,58,Finished,False
2018,1,hamilton,HAM,Lewis,Hamilton,mercedes,Mercedes,1,2,18.0,58,Finished,False
2018,1,raikkonen,RAI,Kimi,Räikkönen,ferrari,Ferrari,2,3,15.0,58,Finished,False
2018,1,ricciardo,RIC,Daniel,Ricciardo,red_bull,Red Bull,8,4,12.0,58,Finished,False
2018,1,alonso,ALO,Fernando,Alonso,mclaren,McLaren,10,5,10.0,58,Finished,False
2018,1,max_verstappen,VER,Max,Verstappen,red_bull,Red Bull,4,6,8.0,58,Finished,False
2018,1,hulkenberg,HUL,Nico,Hülkenberg,renault,Renault,7,7,6.0,58,Finished,False
2018,1,bottas,BOT,Valtteri,Bottas,mercedes,Mercedes,15,8,4.0,58,Finished,False
2018,1,vandoorne,VAN,Stoffel,Vandoorne,mclaren,McLaren,11,9,2.0,58,Finished,False
2018,1,sainz,SAI,Carlos,Sainz,renault,Renault,9,10,1.0,58,Finished,False
2018,1,perez,PER,Sergio,Pérez,force_india,Force India,12,11,0.0,58,Finished,False
2018,1,ocon,OCO,Esteban,Ocon,force_india,Force India,14,12,0.0,58,Finished,False
2018,1,leclerc,LEC,Charles,Leclerc,sauber,Sauber,18,13,0.0,58,Finished,False
2018,1,stroll,STR,Lance,Stroll,williams,Williams,13,14,0.0,58,Finished,False
2018,1,brendon_hartley,HAR,Brendon,Hartley,toro_rosso,Toro Rosso,16,15,0.0,57,+1 Lap,False
2018,1,grosjean,GRO,Romain,Grosjean,haas,Haas F1 Team,6,16,0.0,24,Wheel,True
2018,1,kevin_magnussen,MAG,Kevin,Magnussen,haas,Haas F1 Team,5,17,0.0,22,Wheel,True
2018,1,gasly,GAS,Pierre,Gasly,toro_rosso,Toro Rosso,20,18,0.0,13,Engine,True
2018,1,ericsson,ERI,Marcus,Ericsson,sauber,Sauber,17,19,0.0,5,Steering,True
2018,1,sirotkin,SIR,Sergey,Sirotkin,williams,Williams,19,20,0.0,4,Brakes,True
2018,2,vettel,VET,Sebastian,Vettel,ferrari,Ferrari,1,1,25.0,57,Finished,False
2018,2,bottas,BOT,Valtteri,Bottas,mercedes,Mercedes,3,2,18.0,57,Finished,False
2018,2,hamilton,HAM,Lewis,Hamilton,mercedes,Mercedes,9,3,15.0,57,Finished,False
2018,2,gasly,GAS,Pierre,Gasly,toro_rosso,Toro Rosso,5,4,12.0,57,Finished,False
2018,2,kevin_magnussen,MAG,Kevin,Magnussen,haas,Haas F1 Team,6,5,10.0,57,Finished,False
2018,2,hulkenberg,HUL,Nico,Hülkenberg,renault,Renault,7,6,8.0,57,Finished,False
2018,2,alonso,ALO,Fernando,Alonso,mclaren,McLaren,13,7,6.0,56,+1 Lap,False
2018,2,vandoorne,VAN,Stoffel,Vandoorne,mclaren,McLaren,14,8,4.0,56,+1 Lap,False
2018,2,ericsson,ERI,Marcus,Ericsson,sauber,Sauber,17,9,2.0,56,+1 Lap,False
2018,2,ocon,OCO,Esteban,Ocon,force_india,Force India,8,10,1.0,56,+1 Lap,False
2018,2,sainz,SAI,Carlos,Sainz,renault,Renault,10,11,0.0,56,+1 Lap,False
2018,2,leclerc,LEC,Charles,Leclerc,sauber,Sauber,19,12,0.0,56,+1 Lap,False
2018,2,grosjean,GRO,Romain,Grosjean,haas,Haas F1 Team,16,13,0.0,56,+1 Lap,False
2018,2,stroll,STR,Lance,Stroll,williams,Williams,20,14,0.0,56,+1 Lap,False
2018,2,sirotkin,SIR,Sergey,Sirotkin,williams,Williams,18,15,0.0,56,+1 Lap,False
2018,2,perez,PER,Sergio,Pérez,force_india,Force India,12,16,0.0,56,+1 Lap,False
2018,2,brendon_hartley,HAR,Brendon,Hartley,toro_rosso,Toro Rosso,11,17,0.0,56,+1 Lap,False
2018,2,raikkonen,RAI,Kimi,Räikkönen,ferrari,Ferrari,2,18,0.0,35,Wheel,True
2018,2,max_verstappen,VER,Max,Verstappen,red_bull,Red Bull,15,19,0.0,3,Puncture,True
2018,2,ricciardo,RIC,Daniel,Ricciardo,red_bull,Red Bull,4,20,0.0,1,Electrical,True
2018,3,ricciardo,RIC,Daniel,Ricciardo,red_bull,Red Bull,6,1,25.0,56,Finished,False
2018,3,bottas,BOT,Valtteri,Bottas,mercedes,Mercedes,3,2,18.0,56,Finished,False
2018,3,raikkonen,RAI,Kimi,Räikkönen,ferrari,Ferrari,2,3,15.0,56,Finished,False
2018,3,hamilton,HAM,Lewis,Hamilton,mercedes,Mercedes,4,4,12.0,56,Finished,False
2018,3,max_verstappen,VER,Max,Verstappen,red_bull,Red Bull,5,5,10.0,56,Finished,False
2018,3,hulkenberg,HUL,Nico,Hülkenberg,renault,Renault,7,6,8.0,56,Finished,False
2018,3,alonso,ALO,Fernando,Alonso,mclaren,McLaren,13,7,6.0,56,Finished,False
2018,3,vettel,VET,Sebastian,Vettel,ferrari,Ferrari,1,8,4.0,56,Finished,False
2018,3,sainz,SAI,Carlos,Sainz,renault,Renault,9,9,2.0,56,Finished,False
2018,3,kevin_magnussen,MAG,Kevin,Magnussen,haas,Haas F1 Team,11,10,1.0,56,Finished,False
2018,3,ocon,OCO,Esteban,Ocon,force_india,Force India,12,11,0.0,56,Finished,False
2018,3,perez,PER,Sergio,Pérez,force_india,Force India,8,12,0.0,56,Finished,False
2018,3,vandoorne,VAN,Stoffel,Vandoorne,mclaren,McLaren,14,13,0.0,56,Finished,False
2018,3,stroll,STR,Lance,Stroll,williams,Williams,18,14,0.0,56,Finished,False
2018,3,sirotkin,SIR,Sergey,Sirotkin,williams,Williams,16,15,0.0,56,Finished,False
2018,3,ericsson,ERI,Marcus,Ericsson,sauber,Sauber,20,16,0.0,56,Finished,False
2018,3,grosjean,GRO,Romain,Grosjean,haas,Haas F1 Team,10,17,0.0,56,Finished,False
2018,3,gasly,GAS,Pierre,Gasly,toro_rosso,Toro Rosso,17,18,0.0,56,Finished,False
2018,3,leclerc,LEC,Charles,Leclerc,sauber,Sauber,19,19,0.0,56,Finished,False
2018,3,brendon_hartley,HAR,Brendon,Hartley,toro_rosso,Toro Rosso,15,20,0.0,51,Collision damage,True
2018,4,hamilton,HAM,Lewis,Hamilton,mercedes,Mercedes,2,1,25.0,51,Finished,False
2018,4,raikkonen,RAI,Kimi,Räikkönen,ferrari,Ferrari,6,2,18.0,51,Finished,False
2018,4,perez,PER,Sergio,Pérez,force_india,Force India,8,3,15.0,51,Finished,False
2018,4,vettel,VET,Sebastian,Vettel,ferrari,Ferrari,1,4,12.0,51,Finished,False
2018,4,sainz,SAI,Carlos,Sainz,renault,Renault,9,5,10.0,51,Finished,False
2018,4,leclerc,LEC,Charles,Leclerc,sauber,Sauber,13,6,8.0,51,Finished,False
2018,4,alonso,ALO,Fernando,Alonso,mclaren,McLaren,12,7,6.0,51,Finished,False
2018,4,stroll,STR,Lance,Stroll,williams,Williams,10,8,4.0,51,Finished,False
2018,4,vandoorne,VAN,Stoffel,Vandoorne,mclaren,McLaren,16,9,2.0,51,Finished,False
2018,4,brendon_hartley,HAR,Brendon,Hartley,toro_rosso,Toro Rosso,19,10,1.0,51,Finished,False
2018,4,ericsson,ERI,Marcus,Ericsson,sauber,Sauber,18,11,0.0,51,Finished,False
2018,4,gasly,GAS,Pierre,Gasly,toro_rosso,Toro Rosso,17,12,0.0,51,Finished,False
2018,4,kevin_magnussen,MAG,Kevin,Magnussen,haas,Haas F1 Team,15,13,0.0,51,Finished,False
2018,4,bottas,BOT,Valtteri,Bottas,mercedes,Mercedes,3,14,0.0,48,Puncture,True
2018,4,grosjean,GRO,Romain,Grosjean,haas,Haas F1 Team,20,15,0.0,42,Accident,True
2018,4,max_verstappen,VER,Max,Verstappen,red_bull,Red Bull,5,16,0.0,39,Collision,True
2018,4,ricciardo,RIC,Daniel,Ricciardo,red_bull,Red Bull,4,17,0.0,39,Collision,True
2018,4,hulkenberg,HUL,Nico,Hülkenberg,renault,Renault,14,18,0.0,10,Accident,True
2018,4,ocon,OCO,Esteban,Ocon,force_india,Force India,7,19,0.0,0,Collision,True
2018,4,sirotkin,SIR,Sergey,Sirotkin,williams,Williams,11,20,0.0,0,Collision,True
2018,5,hamilton,HAM,Lewis,Hamilton,mercedes,Mercedes,1,1,25.0,66,Finished,False
2018,5,bottas,BOT,Valtteri,Bottas,mercedes,Mercedes,2,2,18.0,66,Finished,False
2018,5,max_verstappen,VER,Max,Verstappen,red_bull,Red Bull,5,3,15.0,66,Finished,False
2018,5,vettel,VET,Sebastian,Vettel,ferrari,Ferrari,3,4,12.0,66,Finished,False
2018,5,ricciardo,RIC,Daniel,Ricciardo,red_bull,Red Bull,6,5,10.0,66,Finished,False
2018,5,kevin_magnussen,MAG,Kevin,Magnussen,haas,Haas F1 Team,7,6,8.0,65,+1 Lap,False
2018,5,sainz,SAI,Carlos,Sainz,renault,Renault,9,7,6.0,65,+1 Lap,False
2018,5,alonso,ALO,Fernando,Alonso,mclaren,McLaren,8,8,4.0,65,+1 Lap,False
2018,5,perez,PER,Sergio,Pérez,force_india,Force India,15,9,2.0,64,+2 Laps,False
2018,5,leclerc,LEC,Charles,Leclerc,sauber,Sauber,14,10,1.0,64,+2 Laps,False
2018,5,stroll,STR,Lance,Stroll,williams,Williams,18,11,0.0,64,+2 Laps,False
2018,5,brendon_hartley,HAR,Brendon,Hartley,toro_rosso,Toro Rosso,20,12,0.0,64,+2 Laps,False
2018,5,ericsson,ERI,Marcus,Ericsson,sauber,Sauber,17,13,0.0,64,+2 Laps,False
2018,5,sirotkin,SIR,Sergey,Sirotkin,williams,Williams,19,14,0.0,63,+3 Laps,False
2018,5,vandoorne,VAN,Stoffel,Vandoorne,mclaren,McLaren,11,15,0.0,45,Gearbox,True
2018,5,ocon,OCO,Esteban,Ocon,force_india,Force India,13,16,0.0,38,Oil leak,True
2018,5,raikkonen,RAI,Kimi,Räikkönen,ferrari,Ferrari,4,17,0.0,25,Turbo,True
2018,5,grosjean,GRO,Romain,Grosjean,haas,Haas F1 Team,10,18,0.0,0,Collision,True
2018,5,gasly,GAS,Pierre,Gasly,toro_rosso,Toro Rosso,12,19,0.0,0,Collision,True
2018,5,hulkenberg,HUL,Nico,Hülkenberg,renault,Renault,16,20,0.0,0,Collision,True
2018,6,ricciardo,RIC,Daniel,Ricciardo,red_bull,Red Bull,1,1,25.0,78,Finished,False
2018,6,vettel,VET,Sebastian,Vettel,ferrari,Ferrari,2,2,18.0,78,Finished,False
2018,6,hamilton,HAM,Lewis,Hamilton,mercedes,Mercedes,3,3,15.0,78,Finished,False
2018,6,raikkonen,RAI,Kimi,Räikkönen,ferrari,Ferrari,4,4,12.0,78,Finished,False
2018,6,bottas,BOT,Valtteri,Bottas,mercedes,Mercedes,5,5,10.0,78,Finished,False
2018,6,ocon,OCO,Esteban,Ocon,force_india,Force India,6,6,8.0,78,Finished,False
2018,6,gasly,GAS,Pierre,Gasly,toro_rosso,Toro Rosso,10,7,6.0,78,Finished,False
2018,6,hulkenberg,HUL,Nico,Hülkenberg,renault,Renault,11,8,4.0,78,Finished,False
2018,6,max_verstappen,VER,Max,Verstappen,red_bull,Red Bull,20,9,2.0,78,Finished,False
2018,6,sainz,SAI,Carlos,Sainz,renault,Renault,8,10,1.0,78,Finished,False
2018,6,ericsson,ERI,Marcus,Ericsson,sauber,Sauber,16,11,0.0,78,Finished,False
2018,6,perez,PER,Sergio,Pérez,force_india,Force India,9,12,0.0,78,Finished,False
2018,6,kevin_magnussen,MAG,Kevin,Magnussen,haas,Haas F1 Team,19,13,0.0,78,Finished,False
2018,6,vandoorne,VAN,Stoffel,Vandoorne,mclaren,McLaren,12,14,0.0,77,+1 Lap,False
2018,6,grosjean,GRO,Romain,Grosjean,haas,Haas F1 Team,18,15,0.0,77,+1 Lap,False
2018,6,sirotkin,SIR,Sergey,Sirotkin,williams,Williams,13,16,0.0,77,+1 Lap,False
2018,6,stroll,STR,Lance,Stroll,williams,Williams,17,17,0.0,76,+2 Laps,False
2018,6,leclerc,LEC,Charles,Leclerc,sauber,Sauber,14,18,0.0,70,Collision,True
2018,6,brendon_hartley,HAR,Brendon,Hartley,toro_rosso,Toro Rosso,15,19,0.0,70,Collision,True
2018,6,alonso,ALO,Fernando,Alonso,mclaren,McLaren,7,20,0.0,52,Gearbox,True
2018,7,vettel,VET,Sebastian,Vettel,ferrari,Ferrari,1,1,25.0,68,Finished,False
2018,7,bottas,BOT,Valtteri,Bottas,mercedes,Mercedes,2,2,18.0,68,Finished,False
2018,7,max_verstappen,VER,Max,Verstappen,red_bull,Red Bull,3,3,15.0,68,Finished,False
2018,7,ricciardo,RIC,Daniel,Ricciardo,red_bull,Red Bull,6,4,12.0,68,Finished,False
2018,7,hamilton,HAM,Lewis,Hamilton,mercedes,Mercedes,4,5,10.0,68,Finished,False
2018,7,raikkonen,RAI,Kimi,Räikkönen,ferrari,Ferrari,5,6,8.0,68,Finished,False
2018,7,hulkenberg,HUL,Nico,Hülkenberg,renault,Renault,7,7,6.0,67,+1 Lap,False
2018,7,sainz,SAI,Carlos,Sainz,renault,Renault,9,8,4.0,67,+1 Lap,False
2018,7,ocon,OCO,Esteban,Ocon,force_india,Force India,8,9,2.0,67,+1 Lap,False
2018,7,leclerc,LEC,Charles,Leclerc,sauber,Sauber,13,10,1.0,67,+1 Lap,False
2018,7,gasly,GAS,Pierre,Gasly,toro_rosso,Toro Rosso,16,11,0.0,67,+1 Lap,False
2018,7,grosjean,GRO,Romain,Grosjean,haas,Haas F1 Team,20,12,0.0,67,+1 Lap,False
2018,7,kevin_magnussen,MAG,Kevin,Magnussen,haas,Haas F1 Team,11,13,0.0,67,+1 Lap,False
2018,7,perez,PER,Sergio,Pérez,force_india,Force India,10,14,0.0,67,+1 Lap,False
2018,7,ericsson,ERI,Marcus,Ericsson,sauber,Sauber,19,15,0.0,66,+2 Laps,False
2018,7,vandoorne,VAN,Stoffel,Vandoorne,mclaren,McLaren,15,16,0.0,66,+2 Laps,False
2018,7,sirotkin,SIR,Sergey,Sirotkin,williams,Williams,18,17,0.0,66,+2 Laps,False
2018,7,alonso,ALO,Fernando,Alonso,mclaren,McLaren,14,18,0.0,40,Exhaust,True
2018,7,brendon_hartley,HAR,Brendon,Hartley,toro_rosso,Toro Rosso,12,19,0.0,0,Collision,True
2018,7,stroll,STR,Lance,Stroll,williams,Williams,17,20,0.0,0,Collision,True
2018,8,hamilton,HAM,Lewis,Hamilton,mercedes,Mercedes,1,1,25.0,53,Finished,False
2018,8,max_verstappen,VER,Max,Verstappen,red_bull,Red Bull,4,2,18.0,53,Finished,False
2018,8,raikkonen,RAI,Kimi,Räikkönen,ferrari,Ferrari,6,3,15.0,53,Finished,False
2018,8,ricciardo,RIC,Daniel,Ricciardo,red_bull,Red Bull,5,4,12.0,53,Finished,False
2018,8,vettel,VET,Sebastian,Vettel,ferrari,Ferrari,3,5,10.0,53,Finished,False
2018,8,kevin_magnussen,MAG,Kevin,Magnussen,haas,Haas F1 Team,9,6,8.0,53,Finished,False
2018,8,bottas,BOT,Valtteri,Bottas,mercedes,Mercedes,2,7,6.0,53,Finished,False
2018,8,sainz,SAI,Carlos,Sainz,renault,Renault,7,8,4.0,53,Finished,False
2018,8,hulkenberg,HUL,Nico,Hülkenberg,renault,Renault,12,9,2.0,53,Finished,False
2018,8,leclerc,LEC,Charles,Leclerc,sauber,Sauber,8,10,1.0,53,Finished,False
2018,8,grosjean,GRO,Romain,Grosjean,haas,Haas F1 Team,10,11,0.0,52,+1 Lap,False
2018,8,vandoorne,VAN,Stoffel,Vandoorne,mclaren,McLaren,17,12,0.0,52,+1 Lap,False
2018,8,ericsson,ERI,Marcus,Ericsson,sauber,Sauber,15,13,0.0,52,+1 Lap,False
2018,8,brendon_hartley,HAR,Brendon,Hartley,toro_rosso,Toro Rosso,20,14,0.0,52,+1 Lap,False
2018,8,sirotkin,SIR,Sergey,Sirotkin,williams,Williams,18,15,0.0,52,+1 Lap,False
2018,8,alonso,ALO,Fernando,Alonso,mclaren,McLaren,16,16,0.0,50,Wheel,True
2018,8,stroll,STR,Lance,Stroll,williams,Williams,19,17,0.0,48,Puncture,True
2018,8,perez,PER,Sergio,Pérez,force_india,Force India,13,18,0.0,27,Engine,True
2018,8,ocon,OCO,Esteban,Ocon,force_india,Force India,11,19,0.0,0,Collision,True
2018,8,gasly,GAS,Pierre,Gasly,toro_rosso,Toro Rosso,14,20,0.0,0,Collision,True
2018,9,max_verstappen,VER,Max,Verstappen,red_bull,Red Bull,4,1,25.0,71,Finished,False
2018,9,raikkonen,RAI,Kimi,Räikkönen,ferrari,Ferrari,3,2,18.0,71,Finished,False
2018,9,vettel,VET,Sebastian,Vettel,ferrari,Ferrari,6,3,15.0,71,Finished,False
2018,9,grosjean,GRO,Romain,Grosjean,haas,Haas F1 Team,5,4,12.0,70,+1 Lap,False
2018,9,kevin_magnussen,MAG,Kevin,Magnussen,haas,Haas F1 Team,8,5,10.0,70,+1 Lap,False
2018,9,ocon,OCO,Esteban,Ocon,force_india,Force India,11,6,8.0,70,+1 Lap,False
2018,9,perez,PER,Sergio,Pérez,force_india,Force India,16,7,6.0,70,+1 Lap,False
2018,9,alonso,ALO,Fernando,Alonso,mclaren,McLaren,13,8,4.0,70,+1 Lap,False
2018,9,leclerc,LEC,Charles,Leclerc,sauber,Sauber,18,9,2.0,70,+1 Lap,False
2018,9,ericsson,ERI,Marcus,Ericsson,sauber,Sauber,20,10,1.0,70,+1 Lap,False
2018,9,gasly,GAS,Pierre,Gasly,toro_rosso,Toro Rosso,12,11,0.0,70,+1 Lap,False
2018,9,sainz,SAI,Carlos,Sainz,renault,Renault,9,12,0.0,70,+1 Lap,False
2018,9,sirotkin,SIR,Sergey,Sirotkin,williams,Williams,17,13,0.0,69,+2 Laps,False
2018,9,stroll,STR,Lance,Stroll,williams,Williams,14,14,0.0,69,+2 Laps,False
2018,9,vandoorne,VAN,Stoffel,Vandoorne,mclaren,McLaren,15,15,0.0,65,Collision damage,True
2018,9,hamilton,HAM,Lewis,Hamilton,mercedes,Mercedes,2,16,0.0,62,Fuel pressure,True
2018,9,brendon_hartley,HAR,Brendon,Hartley,toro_rosso,Toro Rosso,19,17,0.0,54,Hydraulics,True
2018,9,ricciardo,RIC,Daniel,Ricciardo,red_bull,Red Bull,7,18,0.0,53,Exhaust,True
2018,9,bottas,BOT,Valtteri,Bottas,mercedes,Mercedes,1,19,0.0,13,Hydraulics,True
2018,9,hulkenberg,HUL,Nico,Hülkenberg,renault,Renault,10,20,0.0,11,Engine,True
2018,10,vettel,VET,Sebastian,Vettel,ferrari,Ferrari,2,1,25.0,52,Finished,False
2018,10,hamilton,HAM,Lewis,Hamilton,mercedes,Mercedes,1,2,18.0,52,Finished,False
2018,10,raikkonen,RAI,Kimi,Räikkönen,ferrari,Ferrari,3,3,15.0,52,Finished,False
2018,10,bottas,BOT,Valtteri,Bottas,mercedes,Mercedes,4,4,12.0,52,Finished,False
2018,10,ricciardo,RIC,Daniel,Ricciardo,red_bull,Red Bull,6,5,10.0,52,Finished,False
2018,10,hulkenberg,HUL,Nico,Hülkenberg,renault,Renault,11,6,8.0,52,Finished,False
2018,10,ocon,OCO,Esteban,Ocon,force_india,Force India,10,7,6.0,52,Finished,False
2018,10,alonso,ALO,Fernando,Alonso,mclaren,McLaren,13,8,4.0,52,Finished,False
2018,10,kevin_magnussen,MAG,Kevin,Magnussen,haas,Haas F1 Team,7,9,2.0,52,Finished,False
2018,10,perez,PER,Sergio,Pérez,force_india,Force India,12,10,1.0,52,Finished,False
2018,10,vandoorne,VAN,Stoffel,Vandoorne,mclaren,McLaren,17,11,0.0,52,Finished,False
2018,10,stroll,STR,Lance,Stroll,williams,Williams,19,12,0.0,52,Finished,False
2018,10,gasly,GAS,Pierre,Gasly,toro_rosso,Toro Rosso,14,13,0.0,52,Finished,False
2018,10,sirotkin,SIR,Sergey,Sirotkin,williams,Williams,18,14,0.0,52,Finished,False
2018,10,max_verstappen,VER,Max,Verstappen,red_bull,Red Bull,5,15,0.0,46,Brakes,True
2018,10,grosjean,GRO,Romain,Grosjean,haas,Haas F1 Team,8,16,0.0,37,Collision,True
2018,10,sainz,SAI,Carlos,Sainz,renault,Renault,16,17,0.0,37,Collision,True
2018,10,ericsson,ERI,Marcus,Ericsson,sauber,Sauber,15,18,0.0,31,Accident,True
2018,10,leclerc,LEC,Charles,Leclerc,sauber,Sauber,9,19,0.0,18,Tyre,True
2018,10,brendon_hartley,HAR,Brendon,Hartley,toro_rosso,Toro Rosso,0,20,0.0,1,Power Unit,True
2018,11,hamilton,HAM,Lewis,Hamilton,mercedes,Mercedes,14,1,25.0,67,Finished,False
2018,11,bottas,BOT,Valtteri,Bottas,mercedes,Mercedes,2,2,18.0,67,Finished,False
2018,11,raikkonen,RAI,Kimi,Räikkönen,ferrari,Ferrari,3,3,15.0,67,Finished,False
2018,11,max_verstappen,VER,Max,Verstappen,red_bull,Red Bull,4,4,12.0,67,Finished,False
2018,11,hulkenberg,HUL,Nico,Hülkenberg,renault,Renault,7,5,10.0,67,Finished,False
2018,11,grosjean,GRO,Romain,Grosjean,haas,Haas F1 Team,6,6,8.0,67,Finished,False
2018,11,perez,PER,Sergio,Pérez,force_india,Force India,10,7,6.0,67,Finished,False
2018,11,ocon,OCO,Esteban,Ocon,force_india,Force India,15,8,4.0,67,Finished,False
2018,11,ericsson,ERI,Marcus,Ericsson,sauber,Sauber,13,9,2.0,67,Finished,False
2018,11,brendon_hartley,HAR,Brendon,Hartley,toro_rosso,Toro Rosso,17,10,1.0,67,Finished,False
2018,11,kevin_magnussen,MAG,Kevin,Magnussen,haas,Haas F1 Team,5,11,0.0,67,Finished,False
2018,11,sainz,SAI,Carlos,Sainz,renault,Renault,8,12,0.0,67,Finished,False
2018,11,vandoorne,VAN,Stoffel,Vandoorne,mclaren,McLaren,19,13,0.0,67,Finished,False
2018,11,gasly,GAS,Pierre,Gasly,toro_rosso,Toro Rosso,16,14,0.0,66,+1 Lap,False
2018,11,leclerc,LEC,Charles,Leclerc,sauber,Sauber,9,15,0.0,66,+1 Lap,False
2018,11,alonso,ALO,Fernando,Alonso,mclaren,McLaren,11,16,0.0,65,Retired,True
2018,11,stroll,STR,Lance,Stroll,williams,Williams,18,17,0.0,53,Engine,True
2018,11,vettel,VET,Sebastian,Vettel,ferrari,Ferrari,1,18,0.0,51,Accident,True
2018,11,sirotkin,SIR,Sergey,Sirotkin,williams,Williams,12,19,0.0,51,Engine,True
2018,11,ricciardo,RIC,Daniel,Ricciardo,red_bull,Red Bull,20,20,0.0,27,Engine,True
2018,12,hamilton,HAM,Lewis,Hamilton,mercedes,Mercedes,1,1,25.0,70,Finished,False
2018,12,vettel,VET,Sebastian,Vettel,ferrari,Ferrari,4,2,18.0,70,Finished,False
2018,12,raikkonen,RAI,Kimi,Räikkönen,ferrari,Ferrari,3,3,15.0,70,Finished,False
2018,12,ricciardo,RIC,Daniel,Ricciardo,red_bull,Red Bull,12,4,12.0,70,Finished,False
2018,12,bottas,BOT,Valtteri,Bottas,mercedes,Mercedes,2,5,10.0,70,Finished,False
2018,12,gasly,GAS,Pierre,Gasly,toro_rosso,Toro Rosso,6,6,8.0,70,Finished,False
2018,12,kevin_magnussen,MAG,Kevin,Magnussen,haas,Haas F1 Team,9,7,6.0,69,+1 Lap,False
2018,12,alonso,ALO,Fernando,Alonso,mclaren,McLaren,11,8,4.0,69,+1 Lap,False
2018,12,sainz,SAI,Carlos,Sainz,renault,Renault,5,9,2.0,69,+1 Lap,False
2018,12,grosjean,GRO,Romain,Grosjean,haas,Haas F1 Team,10,10,1.0,69,+1 Lap,False
2018,12,brendon_hartley,HAR,Brendon,Hartley,toro_rosso,Toro Rosso,8,11,0.0,69,+1 Lap,False
2018,12,hulkenberg,HUL,Nico,Hülkenberg,renault,Renault,13,12,0.0,69,+1 Lap,False
2018,12,ocon,OCO,Esteban,Ocon,force_india,Force India,18,13,0.0,69,+1 Lap,False
2018,12,perez,PER,Sergio,Pérez,force_india,Force India,19,14,0.0,69,+1 Lap,False
2018,12,ericsson,ERI,Marcus,Ericsson,sauber,Sauber,14,15,0.0,68,+2 Laps,False
2018,12,sirotkin,SIR,Sergey,Sirotkin,williams,Williams,20,16,0.0,68,+2 Laps,False
2018,12,stroll,STR,Lance,Stroll,williams,Williams,15,17,0.0,68,+2 Laps,False
2018,12,vandoorne,VAN,Stoffel,Vandoorne,mclaren,McLaren,16,18,0.0,49,Gearbox,True
2018,12,max_verstappen,VER,Max,Verstappen,red_bull,Red Bull,7,19,0.0,5,Power loss,True
2018,12,leclerc,LEC,Charles,Leclerc,sauber,Sauber,17,20,0.0,0,Suspension,True
2018,13,vettel,VET,Sebastian,Vettel,ferrari,Ferrari,2,1,25.0,44,Finished,False
2018,13,hamilton,HAM,Lewis,Hamilton,mercedes,Mercedes,1,2,18.0,44,Finished,False
2018,13,max_verstappen,VER,Max,Verstappen,red_bull,Red Bull,7,3,15.0,44,Finished,False
2018,13,bottas,BOT,Valtteri,Bottas,mercedes,Mercedes,19,4,12.0,44,Finished,False
2018,13,perez,PER,Sergio,Pérez,force_india,Force India,4,5,10.0,44,Finished,False
2018,13,ocon,OCO,Esteban,Ocon,force_india,Force India,3,6,8.0,44,Finished,False
2018,13,grosjean,GRO,Romain,Grosjean,haas,Haas F1 Team,5,7,6.0,44,Finished,False
2018,13,kevin_magnussen,MAG,Kevin,Magnussen,haas,Haas F1 Team,9,8,4.0,44,Finished,False
2018,13,gasly,GAS,Pierre,Gasly,toro_rosso,Toro Rosso,10,9,2.0,44,Finished,False
2018,13,ericsson,ERI,Marcus,Ericsson,sauber,Sauber,13,10,1.0,43,+1 Lap,False
2018,13,sainz,SAI,Carlos,Sainz,renault,Renault,14,11,0.0,43,+1 Lap,False
2018,13,sirotkin,SIR,Sergey,Sirotkin,williams,Williams,16,12,0.0,43,+1 Lap,False
2018,13,stroll,STR,Lance,Stroll,williams,Williams,17,13,0.0,43,+1 Lap,False
2018,13,brendon_hartley,HAR,Brendon,Hartley,toro_rosso,Toro Rosso,11,14,0.0,43,+1 Lap,False
2018,13,vandoorne,VAN,Stoffel,Vandoorne,mclaren,McLaren,18,15,0.0,43,+1 Lap,False
2018,13,ricciardo,RIC,Daniel,Ricciardo,red_bull,Red Bull,8,16,0.0,28,Retired,True
2018,13,raikkonen,RAI,Kimi,Räikkönen,ferrari,Ferrari,6,17,0.0,8,Brakes,True
2018,13,leclerc,LEC,Charles,Leclerc,sauber,Sauber,12,18,0.0,0,Accident,True
2018,13,alonso,ALO,Fernando,Alonso,mclaren,McLaren,15,19,0.0,0,Accident,True
2018,13,hulkenberg,HUL,Nico,Hülkenberg,renault,Renault,20,20,0.0,0,Accident,True
2018,14,hamilton,HAM,Lewis,Hamilton,mercedes,Mercedes,3,1,25.0,53,Finished,False
2018,14,raikkonen,RAI,Kimi,Räikkönen,ferrari,Ferrari,1,2,18.0,53,Finished,False
2018,14,bottas,BOT,Valtteri,Bottas,mercedes,Mercedes,4,3,15.0,53,Finished,False
2018,14,vettel,VET,Sebastian,Vettel,ferrari,Ferrari,2,4,12.0,53,Finished,False
2018,14,max_verstappen,VER,Max,Verstappen,red_bull,Red Bull,5,5,10.0,53,Finished,False
2018,14,ocon,OCO,Esteban,Ocon,force_india,Force India,8,6,8.0,53,Finished,False
2018,14,perez,PER,Sergio,Pérez,force_india,Force India,14,7,6.0,53,Finished,False
2018,14,sainz,SAI,Carlos,Sainz,renault,Renault,7,8,4.0,53,Finished,False
2018,14,stroll,STR,Lance,Stroll,williams,Williams,10,9,2.0,52,+1 Lap,False
2018,14,sirotkin,SIR,Sergey,Sirotkin,williams,Williams,12,10,1.0,52,+1 Lap,False
2018,14,leclerc,LEC,Charles,Leclerc,sauber,Sauber,15,11,0.0,52,+1 Lap,False
2018,14,vandoorne,VAN,Stoffel,Vandoorne,mclaren,McLaren,17,12,0.0,52,+1 Lap,False
2018,14,hulkenberg,HUL,Nico,Hülkenberg,renault,Renault,20,13,0.0,52,+1 Lap,False
2018,14,gasly,GAS,Pierre,Gasly,toro_rosso,Toro Rosso,9,14,0.0,52,+1 Lap,False
2018,14,ericsson,ERI,Marcus,Ericsson,sauber,Sauber,18,15,0.0,52,+1 Lap,False
2018,14,kevin_magnussen,MAG,Kevin,Magnussen,haas,Haas F1 Team,11,16,0.0,52,+1 Lap,False
2018,14,ricciardo,RIC,Daniel,Ricciardo,red_bull,Red Bull,19,17,0.0,23,Engine,True
2018,14,alonso,ALO,Fernando,Alonso,mclaren,McLaren,13,18,0.0,9,Engine,True
2018,14,brendon_hartley,HAR,Brendon,Hartley,toro_rosso,Toro Rosso,16,19,0.0,0,Brakes,True
2018,14,grosjean,GRO,Romain,Grosjean,haas,Haas F1 Team,6,20,0.0,53,Disqualified,True
2018,15,hamilton,HAM,Lewis,Hamilton,mercedes,Mercedes,1,1,25.0,61,Finished,False
2018,15,max_verstappen,VER,Max,Verstappen,red_bull,Red Bull,2,2,18.0,61,Finished,False
2018,15,vettel,VET,Sebastian,Vettel,ferrari,Ferrari,3,3,15.0,61,Finished,False
2018,15,bottas,BOT,Valtteri,Bottas,mercedes,Mercedes,4,4,12.0,61,Finished,False
2018,15,raikkonen,RAI,Kimi,Räikkönen,ferrari,Ferrari,5,5,10.0,61,Finished,False
2018,15,ricciardo,RIC,Daniel,Ricciardo,red_bull,Red Bull,6,6,8.0,61,Finished,False
2018,15,alonso,ALO,Fernando,Alonso,mclaren,McLaren,11,7,6.0,61,Finished,False
2018,15,sainz,SAI,Carlos,Sainz,renault,Renault,12,8,4.0,60,+1 Lap,False
2018,15,leclerc,LEC,Charles,Leclerc,sauber,Sauber,13,9,2.0,60,+1 Lap,False
2018,15,hulkenberg,HUL,Nico,Hülkenberg,renault,Renault,10,10,1.0,60,+1 Lap,False
2018,15,ericsson,ERI,Marcus,Ericsson,sauber,Sauber,14,11,0.0,60,+1 Lap,False
2018,15,vandoorne,VAN,Stoffel,Vandoorne,mclaren,McLaren,18,12,0.0,60,+1 Lap,False
2018,15,gasly,GAS,Pierre,Gasly,toro_rosso,Toro Rosso,15,13,0.0,60,+1 Lap,False
2018,15,stroll,STR,Lance,Stroll,williams,Williams,20,14,0.0,60,+1 Lap,False
2018,15,grosjean,GRO,Romain,Grosjean,haas,Haas F1 Team,8,15,0.0,60,+1 Lap,False
2018,15,perez,PER,Sergio,Pérez,force_india,Force India,7,16,0.0,60,+1 Lap,False
2018,15,brendon_hartley,HAR,Brendon,Hartley,toro_rosso,Toro Rosso,17,17,0.0,60,+1 Lap,False
2018,15,kevin_magnussen,MAG,Kevin,Magnussen,haas,Haas F1 Team,16,18,0.0,59,+2 Laps,False
2018,15,sirotkin,SIR,Sergey,Sirotkin,williams,Williams,19,19,0.0,59,+2 Laps,False
2018,15,ocon,OCO,Esteban,Ocon,force_india,Force India,9,20,0.0,0,Collision,True
2018,16,hamilton,HAM,Lewis,Hamilton,mercedes,Mercedes,2,1,25.0,53,Finished,False
2018,16,bottas,BOT,Valtteri,Bottas,mercedes,Mercedes,1,2,18.0,53,Finished,False
2018,16,vettel,VET,Sebastian,Vettel,ferrari,Ferrari,3,3,15.0,53,Finished,False
2018,16,raikkonen,RAI,Kimi,Räikkönen,ferrari,Ferrari,4,4,12.0,53,Finished,False
2018,16,max_verstappen,VER,Max,Verstappen,red_bull,Red Bull,19,5,10.0,53,Finished,False
2018,16,ricciardo,RIC,Daniel,Ricciardo,red_bull,Red Bull,18,6,8.0,53,Finished,False
2018,16,leclerc,LEC,Charles,Leclerc,sauber,Sauber,7,7,6.0,53,Finished,False
2018,16,kevin_magnussen,MAG,Kevin,Magnussen,haas,Haas F1 Team,5,8,4.0,52,+1 Lap,False
2018,16,ocon,OCO,Esteban,Ocon,force_india,Force India,6,9,2.0,52,+1 Lap,False
2018,16,perez,PER,Sergio,Pérez,force_india,Force India,8,10,1.0,52,+1 Lap,False
2018,16,grosjean,GRO,Romain,Grosjean,haas,Haas F1 Team,9,11,0.0,52,+1 Lap,False
2018,16,hulkenberg,HUL,Nico,Hülkenberg,renault,Renault,12,12,0.0,52,+1 Lap,False
2018,16,ericsson,ERI,Marcus,Ericsson,sauber,Sauber,10,13,0.0,52,+1 Lap,False
2018,16,alonso,ALO,Fernando,Alonso,mclaren,McLaren,16,14,0.0,52,+1 Lap,False
2018,16,stroll,STR,Lance,Stroll,williams,Williams,14,15,0.0,52,+1 Lap,False
2018,16,vandoorne,VAN,Stoffel,Vandoorne,mclaren,McLaren,15,16,0.0,51,+2 Laps,False
2018,16,sainz,SAI,Carlos,Sainz,renault,Renault,11,17,0.0,51,+2 Laps,False
2018,16,sirotkin,SIR,Sergey,Sirotkin,williams,Williams,13,18,0.0,51,+2 Laps,False
2018,16,gasly,GAS,Pierre,Gasly,toro_rosso,Toro Rosso,17,19,0.0,4,Brakes,True
2018,16,brendon_hartley,HAR,Brendon,Hartley,toro_rosso,Toro Rosso,20,20,0.0,4,Brakes,True
2018,17,hamilton,HAM,Lewis,Hamilton,mercedes,Mercedes,1,1,25.0,53,Finished,False
2018,17,bottas,BOT,Valtteri,Bottas,mercedes,Mercedes,2,2,18.0,53,Finished,False
2018,17,max_verstappen,VER,Max,Verstappen,red_bull,Red Bull,3,3,15.0,53,Finished,False
2018,17,ricciardo,RIC,Daniel,Ricciardo,red_bull,Red Bull,15,4,12.0,53,Finished,False
2018,17,raikkonen,RAI,Kimi,Räikkönen,ferrari,Ferrari,4,5,10.0,53,Finished,False
2018,17,vettel,VET,Sebastian,Vettel,ferrari,Ferrari,8,6,8.0,53,Finished,False
2018,17,perez,PER,Sergio,Pérez,force_india,Force India,9,7,6.0,53,Finished,False
2018,17,grosjean,GRO,Romain,Grosjean,haas,Haas F1 Team,5,8,4.0,53,Finished,False
2018,17,ocon,OCO,Esteban,Ocon,force_india,Force India,11,9,2.0,53,Finished,False
2018,17,sainz,SAI,Carlos,Sainz,renault,Renault,13,10,1.0,52,+1 Lap,False
2018,17,gasly,GAS,Pierre,Gasly,toro_rosso,Toro Rosso,7,11,0.0,52,+1 Lap,False
2018,17,ericsson,ERI,Marcus,Ericsson,sauber,Sauber,20,12,0.0,52,+1 Lap,False
2018,17,brendon_hartley,HAR,Brendon,Hartley,toro_rosso,Toro Rosso,6,13,0.0,52,+1 Lap,False
2018,17,alonso,ALO,Fernando,Alonso,mclaren,McLaren,18,14,0.0,52,+1 Lap,False
2018,17,vandoorne,VAN,Stoffel,Vandoorne,mclaren,McLaren,19,15,0.0,52,+1 Lap,False
2018,17,sirotkin,SIR,Sergey,Sirotkin,williams,Williams,17,16,0.0,52,+1 Lap,False
2018,17,stroll,STR,Lance,Stroll,williams,Williams,14,17,0.0,52,+1 Lap,False
2018,17,leclerc,LEC,Charles,Leclerc,sauber,Sauber,10,18,0.0,38,Mechanical,True
2018,17,hulkenberg,HUL,Nico,Hülkenberg,renault,Renault,16,19,0.0,37,Engine,True
2018,17,kevin_magnussen,MAG,Kevin,Magnussen,haas,Haas F1 Team,12,20,0.0,8,Collision damage,True
2018,18,raikkonen,RAI,Kimi,Räikkönen,ferrari,Ferrari,2,1,25.0,56,Finished,False
2018,18,max_verstappen,VER,Max,Verstappen,red_bull,Red Bull,18,2,18.0,56,Finished,False
2018,18,hamilton,HAM,Lewis,Hamilton,mercedes,Mercedes,1,3,15.0,56,Finished,False
2018,18,vettel,VET,Sebastian,Vettel,ferrari,Ferrari,5,4,12.0,56,Finished,False
2018,18,bottas,BOT,Valtteri,Bottas,mercedes,Mercedes,3,5,10.0,56,Finished,False
2018,18,hulkenberg,HUL,Nico,Hülkenberg,renault,Renault,7,6,8.0,56,Finished,False
2018,18,sainz,SAI,Carlos,Sainz,renault,Renault,11,7,6.0,56,Finished,False
2018,18,perez,PER,Sergio,Pérez,force_india,Force India,10,8,4.0,56,Finished,False
2018,18,brendon_hartley,HAR,Brendon,Hartley,toro_rosso,Toro Rosso,20,9,2.0,55,+1 Lap,False
2018,18,ericsson,ERI,Marcus,Ericsson,sauber,Sauber,16,10,1.0,55,+1 Lap,False
2018,18,vandoorne,VAN,Stoffel,Vandoorne,mclaren,McLaren,17,11,0.0,55,+1 Lap,False
2018,18,gasly,GAS,Pierre,Gasly,toro_rosso,Toro Rosso,19,12,0.0,55,+1 Lap,False
2018,18,sirotkin,SIR,Sergey,Sirotkin,williams,Williams,14,13,0.0,55,+1 Lap,False
2018,18,stroll,STR,Lance,Stroll,williams,Williams,15,14,0.0,54,+2 Laps,False
2018,18,leclerc,LEC,Charles,Leclerc,sauber,Sauber,9,15,0.0,31,Collision damage,True
2018,18,ricciardo,RIC,Daniel,Ricciardo,red_bull,Red Bull,4,16,0.0,8,Battery,True
2018,18,grosjean,GRO,Romain,Grosjean,haas,Haas F1 Team,8,17,0.0,2,Collision damage,True
2018,18,alonso,ALO,Fernando,Alonso,mclaren,McLaren,13,18,0.0,1,Collision,True
2018,18,ocon,OCO,Esteban,Ocon,force_india,Force India,6,19,0.0,56,Disqualified,True
2018,18,kevin_magnussen,MAG,Kevin,Magnussen,haas,Haas F1 Team,12,20,0.0,56,Disqualified,True
2018,19,max_verstappen,VER,Max,Verstappen,red_bull,Red Bull,2,1,25.0,71,Finished,False
2018,19,vettel,VET,Sebastian,Vettel,ferrari,Ferrari,4,2,18.0,71,Finished,False
2018,19,raikkonen,RAI,Kimi,Räikkönen,ferrari,Ferrari,6,3,15.0,71,Finished,False
2018,19,hamilton,HAM,Lewis,Hamilton,mercedes,Mercedes,3,4,12.0,71,Finished,False
2018,19,bottas,BOT,Valtteri,Bottas,mercedes,Mercedes,5,5,10.0,70,+1 Lap,False
2018,19,hulkenberg,HUL,Nico,Hülkenberg,renault,Renault,7,6,8.0,69,+2 Laps,False
2018,19,leclerc,LEC,Charles,Leclerc,sauber,Sauber,9,7,6.0,69,+2 Laps,False
2018,19,vandoorne,VAN,Stoffel,Vandoorne,mclaren,McLaren,15,8,4.0,69,+2 Laps,False
2018,19,ericsson,ERI,Marcus,Ericsson,sauber,Sauber,10,9,2.0,69,+2 Laps,False
2018,19,gasly,GAS,Pierre,Gasly,toro_rosso,Toro Rosso,20,10,1.0,69,+2 Laps,False
2018,19,ocon,OCO,Esteban,Ocon,force_india,Force India,11,11,0.0,69,+2 Laps,False
2018,19,stroll,STR,Lance,Stroll,williams,Williams,17,12,0.0,69,+2 Laps,False
2018,19,sirotkin,SIR,Sergey,Sirotkin,williams,Williams,19,13,0.0,69,+2 Laps,False
2018,19,brendon_hartley,HAR,Brendon,Hartley,toro_rosso,Toro Rosso,14,14,0.0,69,+2 Laps,False
2018,19,kevin_magnussen,MAG,Kevin,Magnussen,haas,Haas F1 Team,16,15,0.0,69,+2 Laps,False
2018,19,grosjean,GRO,Romain,Grosjean,haas,Haas F1 Team,18,16,0.0,68,+3 Laps,False
2018,19,ricciardo,RIC,Daniel,Ricciardo,red_bull,Red Bull,1,17,0.0,61,Engine,True
2018,19,perez,PER,Sergio,Pérez,force_india,Force India,13,18,0.0,38,Brakes,True
2018,19,sainz,SAI,Carlos,Sainz,renault,Renault,8,19,0.0,28,Suspension,True
2018,19,alonso,ALO,Fernando,Alonso,mclaren,McLaren,12,20,0.0,3,Engine,True
2018,20,hamilton,HAM,Lewis,Hamilton,mercedes,Mercedes,1,1,25.0,71,Finished,False
2018,20,max_verstappen,VER,Max,Verstappen,red_bull,Red Bull,5,2,18.0,71,Finished,False
2018,20,raikkonen,RAI,Kimi,Räikkönen,ferrari,Ferrari,4,3,15.0,71,Finished,False
2018,20,ricciardo,RIC,Daniel,Ricciardo,red_bull,Red Bull,11,4,12.0,71,Finished,False
2018,20,bottas,BOT,Valtteri,Bottas,mercedes,Mercedes,3,5,10.0,71,Finished,False
2018,20,vettel,VET,Sebastian,Vettel,ferrari,Ferrari,2,6,8.0,71,Finished,False
2018,20,leclerc,LEC,Charles,Leclerc,sauber,Sauber,7,7,6.0,71,Finished,False
2018,20,grosjean,GRO,Romain,Grosjean,haas,Haas F1 Team,8,8,4.0,71,Finished,False
2018,20,kevin_magnussen,MAG,Kevin,Magnussen,haas,Haas F1 Team,10,9,2.0,71,Finished,False
2018,20,perez,PER,Sergio,Pérez,force_india,Force India,12,10,1.0,70,+1 Lap,False
2018,20,brendon_hartley,HAR,Brendon,Hartley,toro_rosso,Toro Rosso,16,11,0.0,70,+1 Lap,False
2018,20,sainz,SAI,Carlos,Sainz,renault,Renault,15,12,0.0,70,+1 Lap,False
2018,20,gasly,GAS,Pierre,Gasly,toro_rosso,Toro Rosso,9,13,0.0,70,+1 Lap,False
2018,20,vandoorne,VAN,Stoffel,Vandoorne,mclaren,McLaren,20,14,0.0,70,+1 Lap,False
2018,20,ocon,OCO,Esteban,Ocon,force_india,Force India,18,15,0.0,70,+1 Lap,False
2018,20,sirotkin,SIR,Sergey,Sirotkin,williams,Williams,14,16,0.0,69,+2 Laps,False
2018,20,alonso,ALO,Fernando,Alonso,mclaren,McLaren,17,17,0.0,69,+2 Laps,False
2018,20,stroll,STR,Lance,Stroll,williams,Williams,19,18,0.0,69,+2 Laps,False
2018,20,hulkenberg,HUL,Nico,Hülkenberg,renault,Renault,13,19,0.0,32,Overheating,True
2018,20,ericsson,ERI,Marcus,Ericsson,sauber,Sauber,6,20,0.0,20,Collision,True
2018,21,hamilton,HAM,Lewis,Hamilton,mercedes,Mercedes,1,1,25.0,55,Finished,False
2018,21,vettel,VET,Sebastian,Vettel,ferrari,Ferrari,3,2,18.0,55,Finished,False
2018,21,max_verstappen,VER,Max,Verstappen,red_bull,Red Bull,6,3,15.0,55,Finished,False
2018,21,ricciardo,RIC,Daniel,Ricciardo,red_bull,Red Bull,5,4,12.0,55,Finished,False
2018,21,bottas,BOT,Valtteri,Bottas,mercedes,Mercedes,2,5,10.0,55,Finished,False
2018,21,sainz,SAI,Carlos,Sainz,renault,Renault,11,6,8.0,55,Finished,False
2018,21,leclerc,LEC,Charles,Leclerc,sauber,Sauber,8,7,6.0,55,Finished,False
2018,21,perez,PER,Sergio,Pérez,force_india,Force India,14,8,4.0,55,Finished,False
2018,21,grosjean,GRO,Romain,Grosjean,haas,Haas F1 Team,7,9,2.0,54,+1 Lap,False
2018,21,kevin_magnussen,MAG,Kevin,Magnussen,haas,Haas F1 Team,13,10,1.0,54,+1 Lap,False
2018,21,alonso,ALO,Fernando,Alonso,mclaren,McLaren,15,11,0.0,54,+1 Lap,False
2018,21,brendon_hartley,HAR,Brendon,Hartley,toro_rosso,Toro Rosso,16,12,0.0,54,+1 Lap,False
2018,21,stroll,STR,Lance,Stroll,williams,Williams,20,13,0.0,54,+1 Lap,False
2018,21,vandoorne,VAN,Stoffel,Vandoorne,mclaren,McLaren,18,14,0.0,54,+1 Lap,False
2018,21,sirotkin,SIR,Sergey,Sirotkin,williams,Williams,19,15,0.0,54,+1 Lap,False
2018,21,gasly,GAS,Pierre,Gasly,toro_rosso,Toro Rosso,17,16,0.0,46,Engine,True
2018,21,ocon,OCO,Esteban,Ocon,force_india,Force India,9,17,0.0,44,Engine,True
2018,21,ericsson,ERI,Marcus,Ericsson,sauber,Sauber,12,18,0.0,24,Power loss,True
2018,21,raikkonen,RAI,Kimi,Räikkönen,ferrari,Ferrari,4,19,0.0,6,Power loss,True
2018,21,hulkenberg,HUL,Nico,Hülkenberg,renault,Renault,10,20,0.0,0,Collision,True
2019,1,bottas,BOT,Valtteri,Bottas,mercedes,Mercedes,2,1,26.0,58,Finished,False
2019,1,hamilton,HAM,Lewis,Hamilton,mercedes,Mercedes,1,2,18.0,58,Finished,False
2019,1,max_verstappen,VER,Max,Verstappen,red_bull,Red Bull,4,3,15.0,58,Finished,False
2019,1,vettel,VET,Sebastian,Vettel,ferrari,Ferrari,3,4,12.0,58,Finished,False
2019,1,leclerc,LEC,Charles,Leclerc,ferrari,Ferrari,5,5,10.0,58,Finished,False
2019,1,kevin_magnussen,MAG,Kevin,Magnussen,haas,Haas F1 Team,7,6,8.0,58,Finished,False
2019,1,hulkenberg,HUL,Nico,Hülkenberg,renault,Renault,11,7,6.0,57,+1 Lap,False
2019,1,raikkonen,RAI,Kimi,Räikkönen,alfa,Alfa Romeo,9,8,4.0,57,+1 Lap,False
2019,1,stroll,STR,Lance,Stroll,racing_point,Racing Point,16,9,2.0,57,+1 Lap,False
2019,1,kvyat,KVY,Daniil,Kvyat,toro_rosso,Toro Rosso,15,10,1.0,57,+1 Lap,False
2019,1,gasly,GAS,Pierre,Gasly,red_bull,Red Bull,17,11,0.0,57,+1 Lap,False
2019,1,norris,NOR,Lando,Norris,mclaren,McLaren,8,12,0.0,57,+1 Lap,False
2019,1,perez,PER,Sergio,Pérez,racing_point,Racing Point,10,13,0.0,57,+1 Lap,False
2019,1,albon,ALB,Alexander,Albon,toro_rosso,Toro Rosso,13,14,0.0,57,+1 Lap,False
2019,1,giovinazzi,GIO,Antonio,Giovinazzi,alfa,Alfa Romeo,14,15,0.0,57,+1 Lap,False
2019,1,russell,RUS,George,Russell,williams,Williams,19,16,0.0,56,+2 Laps,False
2019,1,kubica,KUB,Robert,Kubica,williams,Williams,20,17,0.0,55,+3 Laps,False
2019,1,grosjean,GRO,Romain,Grosjean,haas,Haas F1 Team,6,18,0.0,29,Wheel,True
2019,1,ricciardo,RIC,Daniel,Ricciardo,renault,Renault,12,19,0.0,28,Damage,True
2019,1,sainz,SAI,Carlos,Sainz,mclaren,McLaren,18,20,0.0,9,Engine,True
2019,2,hamilton,HAM,Lewis,Hamilton,mercedes,Mercedes,3,1,25.0,57,Finished,False
2019,2,bottas,BOT,Valtteri,Bottas,mercedes,Mercedes,4,2,18.0,57,Finished,False
2019,2,leclerc,LEC,Charles,Leclerc,ferrari,Ferrari,1,3,16.0,57,Finished,False
2019,2,max_verstappen,VER,Max,Verstappen,red_bull,Red Bull,5,4,12.0,57,Finished,False
2019,2,vettel,VET,Sebastian,Vettel,ferrari,Ferrari,2,5,10.0,57,Finished,False
2019,2,norris,NOR,Lando,Norris,mclaren,McLaren,9,6,8.0,57,Finished,False
2019,2,raikkonen,RAI,Kimi,Räikkönen,alfa,Alfa Romeo,8,7,6.0,57,Finished,False
2019,2,gasly,GAS,Pierre,Gasly,red_bull,Red Bull,13,8,4.0,57,Finished,False
2019,2,albon,ALB,Alexander,Albon,toro_rosso,Toro Rosso,12,9,2.0,57,Finished,False
2019,2,perez,PER,Sergio,Pérez,racing_point,Racing Point,14,10,1.0,57,Finished,False
2019,2,giovinazzi,GIO,Antonio,Giovinazzi,alfa,Alfa Romeo,16,11,0.0,57,Finished,False
2019,2,kvyat,KVY,Daniil,Kvyat,toro_rosso,Toro Rosso,15,12,0.0,56,+1 Lap,False
2019,2,kevin_magnussen,MAG,Kevin,Magnussen,haas,Haas F1 Team,6,13,0.0,56,+1 Lap,False
2019,2,stroll,STR,Lance,Stroll,racing_point,Racing Point,18,14,0.0,56,+1 Lap,False
2019,2,russell,RUS,George,Russell,williams,Williams,19,15,0.0,56,+1 Lap,False
2019,2,kubica,KUB,Robert,Kubica,williams,Williams,20,16,0.0,55,+2 Laps,False
2019,2,hulkenberg,HUL,Nico,Hülkenberg,renault,Renault,17,17,0.0,53,Engine,True
2019,2,ricciardo,RIC,Daniel,Ricciardo,renault,Renault,10,18,0.0,53,Out of fuel,True
2019,2,sainz,SAI,Carlos,Sainz,mclaren,McLaren,7,19,0.0,53,Collision damage,True
2019,2,grosjean,GRO,Romain,Grosjean,haas,Haas F1 Team,11,20,0.0,16,Retired,True
2019,3,hamilton,HAM,Lewis,Hamilton,mercedes,Mercedes,2,1,25.0,56,Finished,False
2019,3,bottas,BOT,Valtteri,Bottas,mercedes,Mercedes,1,2,18.0,56,Finished,False
2019,3,vettel,VET,Sebastian,Vettel,ferrari,Ferrari,3,3,15.0,56,Finished,False
2019,3,max_verstappen,VER,Max,Verstappen,red_bull,Red Bull,5,4,12.0,56,Finished,False
2019,3,leclerc,LEC,Charles,Leclerc,ferrari,Ferrari,4,5,10.0,56,Finished,False
2019,3,gasly,GAS,Pierre,Gasly,red_bull,Red Bull,6,6,9.0,56,Finished,False
2019,3,ricciardo,RIC,Daniel,Ricciardo,renault,Renault,7,7,6.0,55,+1 Lap,False
2019,3,perez,PER,Sergio,Pérez,racing_point,Racing Point,12,8,4.0,55,+1 Lap,False
2019,3,raikkonen,RAI,Kimi,Räikkönen,alfa,Alfa Romeo,13,9,2.0,55,+1 Lap,False
2019,3,albon,ALB,Alexander,Albon,toro_rosso,Toro Rosso,0,10,1.0,55,+1 Lap,False
2019,3,grosjean,GRO,Romain,Grosjean,haas,Haas F1 Team,10,11,0.0,55,+1 Lap,False
2019,3,stroll,STR,Lance,Stroll,racing_point,Racing Point,16,12,0.0,55,+1 Lap,False
2019,3,kevin_magnussen,MAG,Kevin,Magnussen,haas,Haas F1 Team,9,13,0.0,55,+1 Lap,False
2019,3,sainz,SAI,Carlos,Sainz,mclaren,McLaren,14,14,0.0,55,+1 Lap,False
2019,3,giovinazzi,GIO,Antonio,Giovinazzi,alfa,Alfa Romeo,19,15,0.0,55,+1 Lap,False
2019,3,russell,RUS,George,Russell,williams,Williams,17,16,0.0,54,+2 Laps,False
2019,3,kubica,KUB,Robert,Kubica,williams,Williams,18,17,0.0,54,+2 Laps,False
2019,3,norris,NOR,Lando,Norris,mclaren,McLaren,15,18,0.0,50,Collision,True
2019,3,kvyat,KVY,Daniil,Kvyat,toro_rosso,Toro Rosso,11,19,0.0,41,Collision,True
2019,3,hulkenberg,HUL,Nico,Hülkenberg,renault,Renault,8,20,0.0,16,Power Unit,True
2019,4,bottas,BOT,Valtteri,Bottas,mercedes,Mercedes,1,1,25.0,51,Finished,False
2019,4,hamilton,HAM,Lewis,Hamilton,mercedes,Mercedes,2,2,18.0,51,Finished,False
2019,4,vettel,VET,Sebastian,Vettel,ferrari,Ferrari,3,3,15.0,51,Finished,False
2019,4,max_verstappen,VER,Max,Verstappen,red_bull,Red Bull,4,4,12.0,51,Finished,False
2019,4,leclerc,LEC,Charles,Leclerc,ferrari,Ferrari,8,5,11.0,51,Finished,False
2019,4,perez,PER,Sergio,Pérez,racing_point,Racing Point,5,6,8.0,51,Finished,False
2019,4,sainz,SAI,Carlos,Sainz,mclaren,McLaren,9,7,6.0,51,Finished,False
2019,4,norris,NOR,Lando,Norris,mclaren,McLaren,7,8,4.0,51,Finished,False
2019,4,stroll,STR,Lance,Stroll,racing_point,Racing Point,13,9,2.0,51,Finished,False
2019,4,raikkonen,RAI,Kimi,Räikkönen,alfa,Alfa Romeo,0,10,1.0,50,+1 Lap,False
2019,4,albon,ALB,Alexander,Albon,toro_rosso,Toro Rosso,11,11,0.0,50,+1 Lap,False
2019,4,giovinazzi,GIO,Antonio,Giovinazzi,alfa,Alfa Romeo,17,12,0.0,50,+1 Lap,False
2019,4,kevin_magnussen,MAG,Kevin,Magnussen,haas,Haas F1 Team,12,13,0.0,50,+1 Lap,False
2019,4,hulkenberg,HUL,Nico,Hülkenberg,renault,Renault,15,14,0.0,50,+1 Lap,False
2019,4,russell,RUS,George,Russell,williams,Williams,16,15,0.0,49,+2 Laps,False
2019,4,kubica,KUB,Robert,Kubica,williams,Williams,0,16,0.0,49,+2 Laps,False
2019,4,gasly,GAS,Pierre,Gasly,red_bull,Red Bull,0,17,0.0,38,Transmission,True
2019,4,grosjean,GRO,Romain,Grosjean,haas,Haas F1 Team,14,18,0.0,38,Brakes,True
2019,4,kvyat,KVY,Daniil,Kvyat,toro_rosso,Toro Rosso,6,19,0.0,33,Collision,True
2019,4,ricciardo,RIC,Daniel,Ricciardo,renault,Renault,10,20,0.0,31,Collision,True
2019,5,hamilton,HAM,Lewis,Hamilton,mercedes,Mercedes,2,1,26.0,66,Finished,False
2019,5,bottas,BOT,Valtteri,Bottas,mercedes,Mercedes,1,2,18.0,66,Finished,False
2019,5,max_verstappen,VER,Max,Verstappen,red_bull,Red Bull,4,3,15.0,66,Finished,False
2019,5,vettel,VET,Sebastian,Vettel,ferrari,Ferrari,3,4,12.0,66,Finished,False
2019,5,leclerc,LEC,Charles,Leclerc,ferrari,Ferrari,5,5,10.0,66,Finished,False
2019,5,gasly,GAS,Pierre,Gasly,red_bull,Red Bull,6,6,8.0,66,Finished,False
2019,5,kevin_magnussen,MAG,Kevin,Magnussen,haas,Haas F1 Team,8,7,6.0,66,Finished,False
2019,5,sainz,SAI,Carlos,Sainz,mclaren,McLaren,12,8,4.0,66,Finished,False
2019,5,kvyat,KVY,Daniil,Kvyat,toro_rosso,Toro Rosso,9,9,2.0,66,Finished,False
2019,5,grosjean,GRO,Romain,Grosjean,haas,Haas F1 Team,7,10,1.0,66,Finished,False
2019,5,albon,ALB,Alexander,Albon,toro_rosso,Toro Rosso,11,11,0.0,66,Finished,False
2019,5,ricciardo,RIC,Daniel,Ricciardo,renault,Renault,13,12,0.0,66,Finished,False
2019,5,hulkenberg,HUL,Nico,Hülkenberg,renault,Renault,0,13,0.0,66,Finished,False
2019,5,raikkonen,RAI,Kimi,Räikkönen,alfa,Alfa Romeo,14,14,0.0,66,Finished,False
2019,5,perez,PER,Sergio,Pérez,racing_point,Racing Point,15,15,0.0,66,Finished,False
2019,5,giovinazzi,GIO,Antonio,Giovinazzi,alfa,Alfa Romeo,18,16,0.0,66,Finished,False
2019,5,russell,RUS,George,Russell,williams,Williams,19,17,0.0,65,+1 Lap,False
2019,5,kubica,KUB,Robert,Kubica,williams,Williams,17,18,0.0,65,+1 Lap,False
2019,5,stroll,STR,Lance,Stroll,racing_point,Racing Point,16,19,0.0,44,Collision,True
2019,5,norris,NOR,Lando,Norris,mclaren,McLaren,10,20,0.0,44,Collision,True
2019,6,hamilton,HAM,Lewis,Hamilton,mercedes,Mercedes,1,1,25.0,78,Finished,False
2019,6,vettel,VET,Sebastian,Vettel,ferrari,Ferrari,4,2,18.0,78,Finished,False
2019,6,bottas,BOT,Valtteri,Bottas,mercedes,Mercedes,2,3,15.0,78,Finished,False
2019,6,max_verstappen,VER,Max,Verstappen,red_bull,Red Bull,3,4,12.0,78,Finished,False
2019,6,gasly,GAS,Pierre,Gasly,red_bull,Red Bull,8,5,11.0,78,Finished,False
2019,6,sainz,SAI,Carlos,Sainz,mclaren,McLaren,9,6,8.0,78,Finished,False
2019,6,kvyat,KVY,Daniil,Kvyat,toro_rosso,Toro Rosso,7,7,6.0,78,Finished,False
2019,6,albon,ALB,Alexander,Albon,toro_rosso,Toro Rosso,10,8,4.0,78,Finished,False
2019,6,ricciardo,RIC,Daniel,Ricciardo,renault,Renault,6,9,2.0,78,Finished,False
2019,6,grosjean,GRO,Romain,Grosjean,haas,Haas F1 Team,13,10,1.0,78,Finished,False
2019,6,norris,NOR,Lando,Norris,mclaren,McLaren,12,11,0.0,78,Finished,False
2019,6,perez,PER,Sergio,Pérez,racing_point,Racing Point,16,12,0.0,77,+1 Lap,False
2019,6,hulkenberg,HUL,Nico,Hülkenberg,renault,Renault,11,13,0.0,77,+1 Lap,False
2019,6,kevin_magnussen,MAG,Kevin,Magnussen,haas,Haas F1 Team,5,14,0.0,77,+1 Lap,False
2019,6,russell,RUS,George,Russell,williams,Williams,19,15,0.0,77,+1 Lap,False
2019,6,stroll,STR,Lance,Stroll,racing_point,Racing Point,17,16,0.0,77,+1 Lap,False
2019,6,raikkonen,RAI,Kimi,Räikkönen,alfa,Alfa Romeo,14,17,0.0,77,+1 Lap,False
2019,6,kubica,KUB,Robert,Kubica,williams,Williams,20,18,0.0,77,+1 Lap,False
2019,6,giovinazzi,GIO,Antonio,Giovinazzi,alfa,Alfa Romeo,18,19,0.0,76,+2 Laps,False
2019,6,leclerc,LEC,Charles,Leclerc,ferrari,Ferrari,15,20,0.0,16,Collision,True
2019,7,hamilton,HAM,Lewis,Hamilton,mercedes,Mercedes,2,1,25.0,70,Finished,False
2019,7,vettel,VET,Sebastian,Vettel,ferrari,Ferrari,1,2,18.0,70,Finished,False
2019,7,leclerc,LEC,Charles,Leclerc,ferrari,Ferrari,3,3,15.0,70,Finished,False
2019,7,bottas,BOT,Valtteri,Bottas,mercedes,Mercedes,6,4,13.0,70,Finished,False
2019,7,max_verstappen,VER,Max,Verstappen,red_bull,Red Bull,9,5,10.0,70,Finished,False
2019,7,ricciardo,RIC,Daniel,Ricciardo,renault,Renault,4,6,8.0,69,+1 Lap,False
2019,7,hulkenberg,HUL,Nico,Hülkenberg,renault,Renault,7,7,6.0,69,+1 Lap,False
2019,7,gasly,GAS,Pierre,Gasly,red_bull,Red Bull,5,8,4.0,69,+1 Lap,False
2019,7,stroll,STR,Lance,Stroll,racing_point,Racing Point,17,9,2.0,69,+1 Lap,False
2019,7,kvyat,KVY,Daniil,Kvyat,toro_rosso,Toro Rosso,10,10,1.0,69,+1 Lap,False
2019,7,sainz,SAI,Carlos,Sainz,mclaren,McLaren,11,11,0.0,69,+1 Lap,False
2019,7,perez,PER,Sergio,Pérez,racing_point,Racing Point,15,12,0.0,69,+1 Lap,False
2019,7,giovinazzi,GIO,Antonio,Giovinazzi,alfa,Alfa Romeo,12,13,0.0,69,+1 Lap,False
2019,7,grosjean,GRO,Romain,Grosjean,haas,Haas F1 Team,14,14,0.0,69,+1 Lap,False
2019,7,raikkonen,RAI,Kimi,Räikkönen,alfa,Alfa Romeo,16,15,0.0,69,+1 Lap,False
2019,7,russell,RUS,George,Russell,williams,Williams,18,16,0.0,68,+2 Laps,False
2019,7,kevin_magnussen,MAG,Kevin,Magnussen,haas,Haas F1 Team,0,17,0.0,68,+2 Laps,False
2019,7,kubica,KUB,Robert,Kubica,williams,Williams,19,18,0.0,67,+3 Laps,False
2019,7,albon,ALB,Alexander,Albon,toro_rosso,Toro Rosso,13,19,0.0,59,Collision damage,True
2019,7,norris,NOR,Lando,Norris,mclaren,McLaren,8,20,0.0,8,Suspension,True
2019,8,hamilton,HAM,Lewis,Hamilton,mercedes,Mercedes,1,1,25.0,53,Finished,False
2019,8,bottas,BOT,Valtteri,Bottas,mercedes,Mercedes,2,2,18.0,53,Finished,False
2019,8,leclerc,LEC,Charles,Leclerc,ferrari,Ferrari,3,3,15.0,53,Finished,False
2019,8,max_verstappen,VER,Max,Verstappen,red_bull,Red Bull,4,4,12.0,53,Finished,False
2019,8,vettel,VET,Sebastian,Vettel,ferrari,Ferrari,7,5,11.0,53,Finished,False
2019,8,sainz,SAI,Carlos,Sainz,mclaren,McLaren,6,6,8.0,53,Finished,False
2019,8,raikkonen,RAI,Kimi,Räikkönen,alfa,Alfa Romeo,12,7,6.0,52,+1 Lap,False
2019,8,hulkenberg,HUL,Nico,Hülkenberg,renault,Renault,13,8,4.0,52,+1 Lap,False
2019,8,norris,NOR,Lando,Norris,mclaren,McLaren,5,9,2.0,52,+1 Lap,False
2019,8,gasly,GAS,Pierre,Gasly,red_bull,Red Bull,9,10,1.0,52,+1 Lap,False
2019,8,ricciardo,RIC,Daniel,Ricciardo,renault,Renault,8,11,0.0,52,+1 Lap,False
2019,8,perez,PER,Sergio,Pérez,racing_point,Racing Point,14,12,0.0,52,+1 Lap,False
2019,8,stroll,STR,Lance,Stroll,racing_point,Racing Point,17,13,0.0,52,+1 Lap,False
2019,8,kvyat,KVY,Daniil,Kvyat,toro_rosso,Toro Rosso,19,14,0.0,52,+1 Lap,False
2019,8,albon,ALB,Alexander,Albon,toro_rosso,Toro Rosso,11,15,0.0,52,+1 Lap,False
2019,8,giovinazzi,GIO,Antonio,Giovinazzi,alfa,Alfa Romeo,10,16,0.0,52,+1 Lap,False
2019,8,kevin_magnussen,MAG,Kevin,Magnussen,haas,Haas F1 Team,15,17,0.0,52,+1 Lap,False
2019,8,kubica,KUB,Robert,Kubica,williams,Williams,18,18,0.0,51,+2 Laps,False
2019,8,russell,RUS,George,Russell,williams,Williams,20,19,0.0,51,+2 Laps,False
2019,8,grosjean,GRO,Romain,Grosjean,haas,Haas F1 Team,16,20,0.0,44,Retired,True
2019,9,max_verstappen,VER,Max,Verstappen,red_bull,Red Bull,2,1,26.0,71,Finished,False
2019,9,leclerc,LEC,Charles,Leclerc,ferrari,Ferrari,1,2,18.0,71,Finished,False
2019,9,bottas,BOT,Valtteri,Bottas,mercedes,Mercedes,3,3,15.0,71,Finished,False
2019,9,vettel,VET,Sebastian,Vettel,ferrari,Ferrari,9,4,12.0,71,Finished,False
2019,9,hamilton,HAM,Lewis,Hamilton,mercedes,Mercedes,4,5,10.0,71,Finished,False
2019,9,norris,NOR,Lando,Norris,mclaren,McLaren,5,6,8.0,70,+1 Lap,False
2019,9,gasly,GAS,Pierre,Gasly,red_bull,Red Bull,8,7,6.0,70,+1 Lap,False
2019,9,sainz,SAI,Carlos,Sainz,mclaren,McLaren,19,8,4.0,70,+1 Lap,False
2019,9,raikkonen,RAI,Kimi,Räikkönen,alfa,Alfa Romeo,6,9,2.0,70,+1 Lap,False
2019,9,giovinazzi,GIO,Antonio,Giovinazzi,alfa,Alfa Romeo,7,10,1.0,70,+1 Lap,False
2019,9,perez,PER,Sergio,Pérez,racing_point,Racing Point,13,11,0.0,70,+1 Lap,False
2019,9,ricciardo,RIC,Daniel,Ricciardo,renault,Renault,12,12,0.0,70,+1 Lap,False
2019,9,hulkenberg,HUL,Nico,Hülkenberg,renault,Renault,15,13,0.0,70,+1 Lap,False
2019,9,stroll,STR,Lance,Stroll,racing_point,Racing Point,14,14,0.0,70,+1 Lap,False
2019,9,albon,ALB,Alexander,Albon,toro_rosso,Toro Rosso,18,15,0.0,70,+1 Lap,False
2019,9,grosjean,GRO,Romain,Grosjean,haas,Haas F1 Team,11,16,0.0,70,+1 Lap,False
2019,9,kvyat,KVY,Daniil,Kvyat,toro_rosso,Toro Rosso,16,17,0.0,70,+1 Lap,False
2019,9,russell,RUS,George,Russell,williams,Williams,0,18,0.0,69,+2 Laps,False
2019,9,kevin_magnussen,MAG,Kevin,Magnussen,haas,Haas F1 Team,10,19,0.0,69,+2 Laps,False
2019,9,kubica,KUB,Robert,Kubica,williams,Williams,17,20,0.0,68,+3 Laps,False
2019,10,hamilton,HAM,Lewis,Hamilton,mercedes,Mercedes,2,1,26.0,52,Finished,False
2019,10,bottas,BOT,Valtteri,Bottas,mercedes,Mercedes,1,2,18.0,52,Finished,False
2019,10,leclerc,LEC,Charles,Leclerc,ferrari,Ferrari,3,3,15.0,52,Finished,False
2019,10,gasly,GAS,Pierre,Gasly,red_bull,Red Bull,5,4,12.0,52,Finished,False
2019,10,max_verstappen,VER,Max,Verstappen,red_bull,Red Bull,4,5,10.0,52,Finished,False
2019,10,sainz,SAI,Carlos,Sainz,mclaren,McLaren,13,6,8.0,52,Finished,False
2019,10,ricciardo,RIC,Daniel,Ricciardo,renault,Renault,7,7,6.0,52,Finished,False
2019,10,raikkonen,RAI,Kimi,Räikkönen,alfa,Alfa Romeo,12,8,4.0,52,Finished,False
2019,10,kvyat,KVY,Daniil,Kvyat,toro_rosso,Toro Rosso,17,9,2.0,52,Finished,False
2019,10,hulkenberg,HUL,Nico,Hülkenberg,renault,Renault,10,10,1.0,52,Finished,False
2019,10,norris,NOR,Lando,Norris,mclaren,McLaren,8,11,0.0,52,Finished,False
2019,10,albon,ALB,Alexander,Albon,toro_rosso,Toro Rosso,9,12,0.0,52,Finished,False
2019,10,stroll,STR,Lance,Stroll,racing_point,Racing Point,18,13,0.0,52,Finished,False
2019,10,russell,RUS,George,Russell,williams,Williams,19,14,0.0,51,+1 Lap,False
2019,10,kubica,KUB,Robert,Kubica,williams,Williams,20,15,0.0,51,+1 Lap,False
2019,10,vettel,VET,Sebastian,Vettel,ferrari,Ferrari,6,16,0.0,51,+1 Lap,False
2019,10,perez,PER,Sergio,Pérez,racing_point,Racing Point,15,17,0.0,51,+1 Lap,False
2019,10,giovinazzi,GIO,Antonio,Giovinazzi,alfa,Alfa Romeo,11,18,0.0,18,Spun off,True
2019,10,grosjean,GRO,Romain,Grosjean,haas,Haas F1 Team,14,19,0.0,9,Collision,True
2019,10,kevin_magnussen,MAG,Kevin,Magnussen,haas,Haas F1 Team,16,20,0.0,6,Collision,True
2019,11,max_verstappen,VER,Max,Verstappen,red_bull,Red Bull,2,1,26.0,64,Finished,False
2019,11,vettel,VET,Sebastian,Vettel,ferrari,Ferrari,20,2,18.0,64,Finished,False
2019,11,kvyat,KVY,Daniil,Kvyat,toro_rosso,Toro Rosso,14,3,15.0,64,Finished,False
2019,11,stroll,STR,Lance,Stroll,racing_point,Racing Point,15,4,12.0,64,Finished,False
2019,11,sainz,SAI,Carlos,Sainz,mclaren,McLaren,7,5,10.0,64,Finished,False
2019,11,albon,ALB,Alexander,Albon,toro_rosso,Toro Rosso,16,6,8.0,64,Finished,False
2019,11,grosjean,GRO,Romain,Grosjean,haas,Haas F1 Team,6,7,6.0,64,Finished,False
2019,11,kevin_magnussen,MAG,Kevin,Magnussen,haas,Haas F1 Team,12,8,4.0,64,Finished,False
2019,11,hamilton,HAM,Lewis,Hamilton,mercedes,Mercedes,1,9,2.0,64,Finished,False
2019,11,kubica,KUB,Robert,Kubica,williams,Williams,18,10,1.0,64,Finished,False
2019,11,russell,RUS,George,Russell,williams,Williams,17,11,0.0,64,Finished,False
2019,11,raikkonen,RAI,Kimi,Räikkönen,alfa,Alfa Romeo,5,12,0.0,64,Finished,False
2019,11,giovinazzi,GIO,Antonio,Giovinazzi,alfa,Alfa Romeo,11,13,0.0,64,Finished,False
2019,11,gasly,GAS,Pierre,Gasly,red_bull,Red Bull,4,14,0.0,61,Collision,True
2019,11,bottas,BOT,Valtteri,Bottas,mercedes,Mercedes,3,15,0.0,56,Accident,True
2019,11,hulkenberg,HUL,Nico,Hülkenberg,renault,Renault,9,16,0.0,39,Accident,True
2019,11,leclerc,LEC,Charles,Leclerc,ferrari,Ferrari,10,17,0.0,27,Accident,True
2019,11,norris,NOR,Lando,Norris,mclaren,McLaren,19,18,0.0,25,Power loss,True
2019,11,ricciardo,RIC,Daniel,Ricciardo,renault,Renault,13,19,0.0,13,Exhaust,True
2019,11,perez,PER,Sergio,Pérez,racing_point,Racing Point,8,20,0.0,1,Spun off,True
2019,12,hamilton,HAM,Lewis,Hamilton,mercedes,Mercedes,3,1,25.0,70,Finished,False
2019,12,max_verstappen,VER,Max,Verstappen,red_bull,Red Bull,1,2,19.0,70,Finished,False
2019,12,vettel,VET,Sebastian,Vettel,ferrari,Ferrari,5,3,15.0,70,Finished,False
2019,12,leclerc,LEC,Charles,Leclerc,ferrari,Ferrari,4,4,12.0,70,Finished,False
2019,12,sainz,SAI,Carlos,Sainz,mclaren,McLaren,8,5,10.0,69,+1 Lap,False
2019,12,gasly,GAS,Pierre,Gasly,red_bull,Red Bull,6,6,8.0,69,+1 Lap,False
2019,12,raikkonen,RAI,Kimi,Räikkönen,alfa,Alfa Romeo,10,7,6.0,69,+1 Lap,False
2019,12,bottas,BOT,Valtteri,Bottas,mercedes,Mercedes,2,8,4.0,69,+1 Lap,False
2019,12,norris,NOR,Lando,Norris,mclaren,McLaren,7,9,2.0,69,+1 Lap,False
2019,12,albon,ALB,Alexander,Albon,toro_rosso,Toro Rosso,12,10,1.0,69,+1 Lap,False
2019,12,perez,PER,Sergio,Pérez,racing_point,Racing Point,16,11,0.0,69,+1 Lap,False
2019,12,hulkenberg,HUL,Nico,Hülkenberg,renault,Renault,11,12,0.0,69,+1 Lap,False
2019,12,kevin_magnussen,MAG,Kevin,Magnussen,haas,Haas F1 Team,14,13,0.0,69,+1 Lap,False
2019,12,ricciardo,RIC,Daniel,Ricciardo,renault,Renault,20,14,0.0,69,+1 Lap,False
2019,12,kvyat,KVY,Daniil,Kvyat,toro_rosso,Toro Rosso,13,15,0.0,68,+2 Laps,False
2019,12,russell,RUS,George,Russell,williams,Williams,15,16,0.0,68,+2 Laps,False
2019,12,stroll,STR,Lance,Stroll,racing_point,Racing Point,18,17,0.0,68,+2 Laps,False
2019,12,giovinazzi,GIO,Antonio,Giovinazzi,alfa,Alfa Romeo,17,18,0.0,68,+2 Laps,False
2019,12,kubica,KUB,Robert,Kubica,williams,Williams,19,19,0.0,67,+3 Laps,False
2019,12,grosjean,GRO,Romain,Grosjean,haas,Haas F1 Team,9,20,0.0,49,Water pressure,True
2019,13,leclerc,LEC,Charles,Leclerc,ferrari,Ferrari,1,1,25.0,44,Finished,False
2019,13,hamilton,HAM,Lewis,Hamilton,mercedes,Mercedes,3,2,18.0,44,Finished,False
2019,13,bottas,BOT,Valtteri,Bottas,mercedes,Mercedes,4,3,15.0,44,Finished,False
2019,13,vettel,VET,Sebastian,Vettel,ferrari,Ferrari,2,4,13.0,44,Finished,False
2019,13,albon,ALB,Alexander,Albon,red_bull,Red Bull,17,5,10.0,44,Finished,False
2019,13,perez,PER,Sergio,Pérez,racing_point,Racing Point,7,6,8.0,44,Finished,False
2019,13,kvyat,KVY,Daniil,Kvyat,toro_rosso,Toro Rosso,19,7,6.0,44,Finished,False
2019,13,hulkenberg,HUL,Nico,Hülkenberg,renault,Renault,12,8,4.0,44,Finished,False
2019,13,gasly,GAS,Pierre,Gasly,toro_rosso,Toro Rosso,13,9,2.0,44,Finished,False
2019,13,stroll,STR,Lance,Stroll,racing_point,Racing Point,16,10,1.0,44,Finished,False
2019,13,norris,NOR,Lando,Norris,mclaren,McLaren,11,11,0.0,43,Engine,True
2019,13,kevin_magnussen,MAG,Kevin,Magnussen,haas,Haas F1 Team,8,12,0.0,43,+1 Lap,False
2019,13,grosjean,GRO,Romain,Grosjean,haas,Haas F1 Team,9,13,0.0,43,+1 Lap,False
2019,13,ricciardo,RIC,Daniel,Ricciardo,renault,Renault,10,14,0.0,43,+1 Lap,False
2019,13,russell,RUS,George,Russell,williams,Williams,14,15,0.0,43,+1 Lap,False
2019,13,raikkonen,RAI,Kimi,Räikkönen,alfa,Alfa Romeo,6,16,0.0,43,+1 Lap,False
2019,13,kubica,KUB,Robert,Kubica,williams,Williams,0,17,0.0,43,+1 Lap,False
2019,13,giovinazzi,GIO,Antonio,Giovinazzi,alfa,Alfa Romeo,18,18,0.0,42,Accident,True
2019,13,sainz,SAI,Carlos,Sainz,mclaren,McLaren,15,19,0.0,1,Power loss,True
2019,13,max_verstappen,VER,Max,Verstappen,red_bull,Red Bull,5,20,0.0,0,Accident,True
2019,14,leclerc,LEC,Charles,Leclerc,ferrari,Ferrari,1,1,25.0,53,Finished,False
2019,14,bottas,BOT,Valtteri,Bottas,mercedes,Mercedes,3,2,18.0,53,Finished,False
2019,14,hamilton,HAM,Lewis,Hamilton,mercedes,Mercedes,2,3,16.0,53,Finished,False
2019,14,ricciardo,RIC,Daniel,Ricciardo,renault,Renault,5,4,12.0,53,Finished,False
2019,14,hulkenberg,HUL,Nico,Hülkenberg,renault,Renault,6,5,10.0,53,Finished,False
2019,14,albon,ALB,Alexander,Albon,red_bull,Red Bull,8,6,8.0,53,Finished,False
2019,14,perez,PER,Sergio,Pérez,racing_point,Racing Point,18,7,6.0,53,Finished,False
2019,14,max_verstappen,VER,Max,Verstappen,red_bull,Red Bull,19,8,4.0,53,Finished,False
2019,14,giovinazzi,GIO,Antonio,Giovinazzi,alfa,Alfa Romeo,10,9,2.0,52,+1 Lap,False
2019,14,norris,NOR,Lando,Norris,mclaren,McLaren,16,10,1.0,52,+1 Lap,False
2019,14,gasly,GAS,Pierre,Gasly,toro_rosso,Toro Rosso,17,11,0.0,52,+1 Lap,False
2019,14,stroll,STR,Lance,Stroll,racing_point,Racing Point,9,12,0.0,52,+1 Lap,False
2019,14,vettel,VET,Sebastian,Vettel,ferrari,Ferrari,4,13,0.0,52,+1 Lap,False
2019,14,russell,RUS,George,Russell,williams,Williams,14,14,0.0,52,+1 Lap,False
2019,14,raikkonen,RAI,Kimi,Räikkönen,alfa,Alfa Romeo,0,15,0.0,52,+1 Lap,False
2019,14,grosjean,GRO,Romain,Grosjean,haas,Haas F1 Team,13,16,0.0,52,+1 Lap,False
2019,14,kubica,KUB,Robert,Kubica,williams,Williams,15,17,0.0,51,+2 Laps,False
2019,14,kevin_magnussen,MAG,Kevin,Magnussen,haas,Haas F1 Team,11,18,0.0,43,Hydraulics,True
2019,14,kvyat,KVY,Daniil,Kvyat,toro_rosso,Toro Rosso,12,19,0.0,29,Engine,True
2019,14,sainz,SAI,Carlos,Sainz,mclaren,McLaren,7,20,0.0,27,Wheel,True
2019,15,vettel,VET,Sebastian,Vettel,ferrari,Ferrari,3,1,25.0,61,Finished,False
2019,15,leclerc,LEC,Charles,Leclerc,ferrari,Ferrari,1,2,18.0,61,Finished,False
2019,15,max_verstappen,VER,Max,Verstappen,red_bull,Red Bull,4,3,15.0,61,Finished,False
2019,15,hamilton,HAM,Lewis,Hamilton,mercedes,Mercedes,2,4,12.0,61,Finished,False
2019,15,bottas,BOT,Valtteri,Bottas,mercedes,Mercedes,5,5,10.0,61,Finished,False
2019,15,albon,ALB,Alexander,Albon,red_bull,Red Bull,6,6,8.0,61,Finished,False
2019,15,norris,NOR,Lando,Norris,mclaren,McLaren,9,7,6.0,61,Finished,False
2019,15,gasly,GAS,Pierre,Gasly,toro_rosso,Toro Rosso,11,8,4.0,61,Finished,False
2019,15,hulkenberg,HUL,Nico,Hülkenberg,renault,Renault,8,9,2.0,61,Finished,False
2019,15,giovinazzi,GIO,Antonio,Giovinazzi,alfa,Alfa Romeo,10,10,1.0,61,Finished,False
2019,15,grosjean,GRO,Romain,Grosjean,haas,Haas F1 Team,17,11,0.0,61,Finished,False
2019,15,sainz,SAI,Carlos,Sainz,mclaren,McLaren,7,12,0.0,61,Finished,False
2019,15,stroll,STR,Lance,Stroll,racing_point,Racing Point,16,13,0.0,61,Finished,False
2019,15,ricciardo,RIC,Daniel,Ricciardo,renault,Renault,20,14,0.0,61,Finished,False
2019,15,kvyat,KVY,Daniil,Kvyat,toro_rosso,Toro Rosso,14,15,0.0,61,Finished,False
2019,15,kubica,KUB,Robert,Kubica,williams,Williams,19,16,0.0,61,Finished,False
2019,15,kevin_magnussen,MAG,Kevin,Magnussen,haas,Haas F1 Team,13,17,0.0,61,Finished,False
2019,15,raikkonen,RAI,Kimi,Räikkönen,alfa,Alfa Romeo,12,18,0.0,49,Collision,True
2019,15,perez,PER,Sergio,Pérez,racing_point,Racing Point,15,19,0.0,42,Engine,True
2019,15,russell,RUS,George,Russell,williams,Williams,18,20,0.0,34,Collision,True
2019,16,hamilton,HAM,Lewis,Hamilton,mercedes,Mercedes,2,1,26.0,53,Finished,False
2019,16,bottas,BOT,Valtteri,Bottas,mercedes,Mercedes,4,2,18.0,53,Finished,False
2019,16,leclerc,LEC,Charles,Leclerc,ferrari,Ferrari,1,3,15.0,53,Finished,False
2019,16,max_verstappen,VER,Max,Verstappen,red_bull,Red Bull,9,4,12.0,53,Finished,False
2019,16,albon,ALB,Alexander,Albon,red_bull,Red Bull,0,5,10.0,53,Finished,False
2019,16,sainz,SAI,Carlos,Sainz,mclaren,McLaren,5,6,8.0,53,Finished,False
2019,16,perez,PER,Sergio,Pérez,racing_point,Racing Point,11,7,6.0,53,Finished,False
2019,16,norris,NOR,Lando,Norris,mclaren,McLaren,7,8,4.0,53,Finished,False
2019,16,kevin_magnussen,MAG,Kevin,Magnussen,haas,Haas F1 Team,13,9,2.0,53,Finished,False
2019,16,hulkenberg,HUL,Nico,Hülkenberg,renault,Renault,6,10,1.0,53,Finished,False
2019,16,stroll,STR,Lance,Stroll,racing_point,Racing Point,14,11,0.0,53,Finished,False
2019,16,kvyat,KVY,Daniil,Kvyat,toro_rosso,Toro Rosso,19,12,0.0,53,Finished,False
2019,16,raikkonen,RAI,Kimi,Räikkönen,alfa,Alfa Romeo,15,13,0.0,53,Finished,False
2019,16,gasly,GAS,Pierre,Gasly,toro_rosso,Toro Rosso,16,14,0.0,53,Finished,False
2019,16,giovinazzi,GIO,Antonio,Giovinazzi,alfa,Alfa Romeo,12,15,0.0,53,Finished,False
2019,16,kubica,KUB,Robert,Kubica,williams,Williams,18,16,0.0,28,Brakes,True
2019,16,russell,RUS,George,Russell,williams,Williams,17,17,0.0,27,Brakes,True
2019,16,vettel,VET,Sebastian,Vettel,ferrari,Ferrari,3,18,0.0,26,Power loss,True
2019,16,ricciardo,RIC,Daniel,Ricciardo,renault,Renault,10,19,0.0,24,Collision,True
2019,16,grosjean,GRO,Romain,Grosjean,haas,Haas F1 Team,8,20,0.0,0,Collision,True
2019,17,bottas,BOT,Valtteri,Bottas,mercedes,Mercedes,3,1,25.0,52,Finished,False
2019,17,vettel,VET,Sebastian,Vettel,ferrari,Ferrari,1,2,18.0,52,Finished,False
2019,17,hamilton,HAM,Lewis,Hamilton,mercedes,Mercedes,4,3,16.0,52,Finished,False
2019,17,albon,ALB,Alexander,Albon,red_bull,Red Bull,6,4,12.0,52,Finished,False
2019,17,sainz,SAI,Carlos,Sainz,mclaren,McLaren,7,5,10.0,52,Finished,False
2019,17,leclerc,LEC,Charles,Leclerc,ferrari,Ferrari,2,6,8.0,51,+1 Lap,False
2019,17,gasly,GAS,Pierre,Gasly,toro_rosso,Toro Rosso,9,7,6.0,51,+1 Lap,False
2019,17,perez,PER,Sergio,Pérez,racing_point,Racing Point,17,8,4.0,51,+1 Lap,False
2019,17,stroll,STR,Lance,Stroll,racing_point,Racing Point,12,9,2.0,51,+1 Lap,False
2019,17,kvyat,KVY,Daniil,Kvyat,toro_rosso,Toro Rosso,14,10,1.0,51,+1 Lap,False
2019,17,norris,NOR,Lando,Norris,mclaren,McLaren,8,11,0.0,51,+1 Lap,False
2019,17,raikkonen,RAI,Kimi,Räikkönen,alfa,Alfa Romeo,13,12,0.0,51,+1 Lap,False
2019,17,grosjean,GRO,Romain,Grosjean,haas,Haas F1 Team,10,13,0.0,51,+1 Lap,False
2019,17,giovinazzi,GIO,Antonio,Giovinazzi,alfa,Alfa Romeo,11,14,0.0,51,+1 Lap,False
2019,17,kevin_magnussen,MAG,Kevin,Magnussen,haas,Haas F1 Team,19,15,0.0,51,+1 Lap,False
2019,17,russell,RUS,George,Russell,williams,Williams,18,16,0.0,50,+2 Laps,False
2019,17,kubica,KUB,Robert,Kubica,williams,Williams,0,17,0.0,50,+2 Laps,False
2019,17,max_verstappen,VER,Max,Verstappen,red_bull,Red Bull,5,18,0.0,14,Brakes,True
2019,17,ricciardo,RIC,Daniel,Ricciardo,renault,Renault,16,19,0.0,51,Disqualified,True
2019,17,hulkenberg,HUL,Nico,Hülkenberg,renault,Renault,15,20,0.0,51,Disqualified,True
2019,18,hamilton,HAM,Lewis,Hamilton,mercedes,Mercedes,3,1,25.0,71,Finished,False
2019,18,vettel,VET,Sebastian,Vettel,ferrari,Ferrari,2,2,18.0,71,Finished,False
2019,18,bottas,BOT,Valtteri,Bottas,mercedes,Mercedes,6,3,15.0,71,Finished,False
2019,18,leclerc,LEC,Charles,Leclerc,ferrari,Ferrari,1,4,13.0,71,Finished,False
2019,18,albon,ALB,Alexander,Albon,red_bull,Red Bull,5,5,10.0,71,Finished,False
2019,18,max_verstappen,VER,Max,Verstappen,red_bull,Red Bull,4,6,8.0,71,Finished,False
2019,18,perez,PER,Sergio,Pérez,racing_point,Racing Point,11,7,6.0,71,Finished,False
2019,18,ricciardo,RIC,Daniel,Ricciardo,renault,Renault,13,8,4.0,71,Finished,False
2019,18,gasly,GAS,Pierre,Gasly,toro_rosso,Toro Rosso,10,9,2.0,70,+1 Lap,False
2019,18,hulkenberg,HUL,Nico,Hülkenberg,renault,Renault,12,10,1.0,70,+1 Lap,False
2019,18,kvyat,KVY,Daniil,Kvyat,toro_rosso,Toro Rosso,9,11,0.0,70,+1 Lap,False
2019,18,stroll,STR,Lance,Stroll,racing_point,Racing Point,16,12,0.0,70,+1 Lap,False
2019,18,sainz,SAI,Carlos,Sainz,mclaren,McLaren,7,13,0.0,70,+1 Lap,False
2019,18,giovinazzi,GIO,Antonio,Giovinazzi,alfa,Alfa Romeo,15,14,0.0,70,+1 Lap,False
2019,18,kevin_magnussen,MAG,Kevin,Magnussen,haas,Haas F1 Team,17,15,0.0,69,+2 Laps,False
2019,18,russell,RUS,George,Russell,williams,Williams,19,16,0.0,69,+2 Laps,False
2019,18,grosjean,GRO,Romain,Grosjean,haas,Haas F1 Team,18,17,0.0,69,+2 Laps,False
2019,18,kubica,KUB,Robert,Kubica,williams,Williams,20,18,0.0,69,+2 Laps,False
2019,18,raikkonen,RAI,Kimi,Räikkönen,alfa,Alfa Romeo,14,19,0.0,58,Overheating,True
2019,18,norris,NOR,Lando,Norris,mclaren,McLaren,8,20,0.0,48,Withdrew,True
2019,19,bottas,BOT,Valtteri,Bottas,mercedes,Mercedes,1,1,25.0,56,Finished,False
2019,19,hamilton,HAM,Lewis,Hamilton,mercedes,Mercedes,5,2,18.0,56,Finished,False
2019,19,max_verstappen,VER,Max,Verstappen,red_bull,Red Bull,3,3,15.0,56,Finished,False
2019,19,leclerc,LEC,Charles,Leclerc,ferrari,Ferrari,4,4,13.0,56,Finished,False
2019,19,albon,ALB,Alexander,Albon,red_bull,Red Bull,6,5,10.0,56,Finished,False
2019,19,ricciardo,RIC,Daniel,Ricciardo,renault,Renault,9,6,8.0,56,Finished,False
2019,19,norris,NOR,Lando,Norris,mclaren,McLaren,8,7,6.0,56,Finished,False
2019,19,sainz,SAI,Carlos,Sainz,mclaren,McLaren,7,8,4.0,55,+1 Lap,False
2019,19,hulkenberg,HUL,Nico,Hülkenberg,renault,Renault,11,9,2.0,55,+1 Lap,False
2019,19,perez,PER,Sergio,Pérez,racing_point,Racing Point,0,10,1.0,55,+1 Lap,False
2019,19,raikkonen,RAI,Kimi,Räikkönen,alfa,Alfa Romeo,17,11,0.0,55,+1 Lap,False
2019,19,kvyat,KVY,Daniil,Kvyat,toro_rosso,Toro Rosso,13,12,0.0,55,+1 Lap,False
2019,19,stroll,STR,Lance,Stroll,racing_point,Racing Point,14,13,0.0,55,+1 Lap,False
2019,19,giovinazzi,GIO,Antonio,Giovinazzi,alfa,Alfa Romeo,16,14,0.0,55,+1 Lap,False
2019,19,grosjean,GRO,Romain,Grosjean,haas,Haas F1 Team,15,15,0.0,55,+1 Lap,False
2019,19,gasly,GAS,Pierre,Gasly,toro_rosso,Toro Rosso,10,16,0.0,54,Suspension,True
2019,19,russell,RUS,George,Russell,williams,Williams,18,17,0.0,54,+2 Laps,False
2019,19,kevin_magnussen,MAG,Kevin,Magnussen,haas,Haas F1 Team,12,18,0.0,52,Brakes,True
2019,19,kubica,KUB,Robert,Kubica,williams,Williams,19,19,0.0,31,Oil leak,True
2019,19,vettel,VET,Sebastian,Vettel,ferrari,Ferrari,2,20,0.0,7,Suspension,True
2019,20,max_verstappen,VER,Max,Verstappen,red_bull,Red Bull,1,1,25.0,71,Finished,False
2019,20,gasly,GAS,Pierre,Gasly,toro_rosso,Toro Rosso,6,2,18.0,71,Finished,False
2019,20,sainz,SAI,Carlos,Sainz,mclaren,McLaren,20,3,15.0,71,Finished,False
2019,20,raikkonen,RAI,Kimi,Räikkönen,alfa,Alfa Romeo,8,4,12.0,71,Finished,False
2019,20,giovinazzi,GIO,Antonio,Giovinazzi,alfa,Alfa Romeo,12,5,10.0,71,Finished,False
2019,20,ricciardo,RIC,Daniel,Ricciardo,renault,Renault,11,6,8.0,71,Finished,False
2019,20,hamilton,HAM,Lewis,Hamilton,mercedes,Mercedes,3,7,6.0,71,Finished,False
2019,20,norris,NOR,Lando,Norris,mclaren,McLaren,10,8,4.0,71,Finished,False
2019,20,perez,PER,Sergio,Pérez,racing_point,Racing Point,15,9,2.0,71,Finished,False
2019,20,kvyat,KVY,Daniil,Kvyat,toro_rosso,Toro Rosso,16,10,1.0,71,Finished,False
2019,20,kevin_magnussen,MAG,Kevin,Magnussen,haas,Haas F1 Team,9,11,0.0,71,Finished,False
2019,20,russell,RUS,George,Russell,williams,Williams,18,12,0.0,71,Finished,False
2019,20,grosjean,GRO,Romain,Grosjean,haas,Haas F1 Team,7,13,0.0,71,Finished,False
2019,20,albon,ALB,Alexander,Albon,red_bull,Red Bull,5,14,0.0,71,Finished,False
2019,20,hulkenberg,HUL,Nico,Hülkenberg,renault,Renault,13,15,0.0,71,Finished,False
2019,20,kubica,KUB,Robert,Kubica,williams,Williams,19,16,0.0,70,+1 Lap,False
2019,20,vettel,VET,Sebastian,Vettel,ferrari,Ferrari,2,17,0.0,65,Collision,True
2019,20,leclerc,LEC,Charles,Leclerc,ferrari,Ferrari,14,18,0.0,65,Collision,True
2019,20,stroll,STR,Lance,Stroll,racing_point,Racing Point,17,19,0.0,65,Suspension,True
2019,20,bottas,BOT,Valtteri,Bottas,mercedes,Mercedes,4,20,0.0,51,Power Unit,True
2019,21,hamilton,HAM,Lewis,Hamilton,mercedes,Mercedes,1,1,26.0,55,Finished,False
2019,21,max_verstappen,VER,Max,Verstappen,red_bull,Red Bull,2,2,18.0,55,Finished,False
2019,21,leclerc,LEC,Charles,Leclerc,ferrari,Ferrari,3,3,15.0,55,Finished,False
2019,21,bottas,BOT,Valtteri,Bottas,mercedes,Mercedes,20,4,12.0,55,Finished,False
2019,21,vettel,VET,Sebastian,Vettel,ferrari,Ferrari,4,5,10.0,55,Finished,False
2019,21,albon,ALB,Alexander,Albon,red_bull,Red Bull,5,6,8.0,55,Finished,False
2019,21,perez,PER,Sergio,Pérez,racing_point,Racing Point,10,7,6.0,54,+1 Lap,False
2019,21,norris,NOR,Lando,Norris,mclaren,McLaren,6,8,4.0,54,+1 Lap,False
2019,21,kvyat,KVY,Daniil,Kvyat,toro_rosso,Toro Rosso,13,9,2.0,54,+1 Lap,False
2019,21,sainz,SAI,Carlos,Sainz,mclaren,McLaren,8,10,1.0,54,+1 Lap,False
2019,21,ricciardo,RIC,Daniel,Ricciardo,renault,Renault,7,11,0.0,54,+1 Lap,False
2019,21,hulkenberg,HUL,Nico,Hülkenberg,renault,Renault,9,12,0.0,54,+1 Lap,False
2019,21,raikkonen,RAI,Kimi,Räikkönen,alfa,Alfa Romeo,17,13,0.0,54,+1 Lap,False
2019,21,kevin_magnussen,MAG,Kevin,Magnussen,haas,Haas F1 Team,14,14,0.0,54,+1 Lap,False
2019,21,grosjean,GRO,Romain,Grosjean,haas,Haas F1 Team,15,15,0.0,54,+1 Lap,False
2019,21,giovinazzi,GIO,Antonio,Giovinazzi,alfa,Alfa Romeo,16,16,0.0,54,+1 Lap,False
2019,21,russell,RUS,George,Russell,williams,Williams,18,17,0.0,54,+1 Lap,False
2019,21,gasly,GAS,Pierre,Gasly,toro_rosso,Toro Rosso,11,18,0.0,53,+2 Laps,False
2019,21,kubica,KUB,Robert,Kubica,williams,Williams,19,19,0.0,53,+2 Laps,False
2019,21,stroll,STR,Lance,Stroll,racing_point,Racing Point,12,20,0.0,45,Brakes,True
2020,1,bottas,BOT,Valtteri,Bottas,mercedes,Mercedes,1,1,25.0,71,Finished,False
2020,1,leclerc,LEC,Charles,Leclerc,ferrari,Ferrari,7,2,18.0,71,Finished,False
2020,1,norris,NOR,Lando,Norris,mclaren,McLaren,3,3,16.0,71,Finished,False
2020,1,hamilton,HAM,Lewis,Hamilton,mercedes,Mercedes,5,4,12.0,71,Finished,False
2020,1,sainz,SAI,Carlos,Sainz,mclaren,McLaren,8,5,10.0,71,Finished,False
2020,1,perez,PER,Sergio,Pérez,racing_point,Racing Point,6,6,8.0,71,Finished,False
2020,1,gasly,GAS,Pierre,Gasly,alphatauri,AlphaTauri,12,7,6.0,71,Finished,False
2020,1,ocon,OCO,Esteban,Ocon,renault,Renault,14,8,4.0,71,Finished,False
2020,1,giovinazzi,GIO,Antonio,Giovinazzi,alfa,Alfa Romeo,18,9,2.0,71,Finished,False
2020,1,vettel,VET,Sebastian,Vettel,ferrari,Ferrari,11,10,1.0,71,Finished,False
2020,1,latifi,LAT,Nicholas,Latifi,williams,Williams,20,11,0.0,71,Finished,False
2020,1,kvyat,KVY,Daniil,Kvyat,alphatauri,AlphaTauri,13,12,0.0,69,Suspension,True
2020,1,albon,ALB,Alexander,Albon,red_bull,Red Bull,4,13,0.0,67,Electronics,True
2020,1,raikkonen,RAI,Kimi,Räikkönen,alfa,Alfa Romeo,19,14,0.0,53,Wheel,True
2020,1,russell,RUS,George,Russell,williams,Williams,17,15,0.0,49,Fuel pressure,True
2020,1,grosjean,GRO,Romain,Grosjean,haas,Haas F1 Team,15,16,0.0,49,Brakes,True
2020,1,kevin_magnussen,MAG,Kevin,Magnussen,haas,Haas F1 Team,16,17,0.0,24,Brakes,True
2020,1,stroll,STR,Lance,Stroll,racing_point,Racing Point,9,18,0.0,20,Engine,True
2020,1,ricciardo,RIC,Daniel,Ricciardo,renault,Renault,10,19,0.0,17,Overheating,True
2020,1,max_verstappen,VER,Max,Verstappen,red_bull,Red Bull,2,20,0.0,11,Electronics,True
2020,2,hamilton,HAM,Lewis,Hamilton,mercedes,Mercedes,1,1,25.0,71,Finished,False
2020,2,bottas,BOT,Valtteri,Bottas,mercedes,Mercedes,4,2,18.0,71,Finished,False
2020,2,max_verstappen,VER,Max,Verstappen,red_bull,Red Bull,2,3,15.0,71,Finished,False
2020,2,albon,ALB,Alexander,Albon,red_bull,Red Bull,6,4,12.0,71,Finished,False
2020,2,norris,NOR,Lando,Norris,mclaren,McLaren,9,5,10.0,71,Finished,False
2020,2,perez,PER,Sergio,Pérez,racing_point,Racing Point,17,6,8.0,71,Finished,False
2020,2,stroll,STR,Lance,Stroll,racing_point,Racing Point,12,7,6.0,71,Finished,False
2020,2,ricciardo,RIC,Daniel,Ricciardo,renault,Renault,8,8,4.0,71,Finished,False
2020,2,sainz,SAI,Carlos,Sainz,mclaren,McLaren,3,9,3.0,70,+1 Lap,False
2020,2,kvyat,KVY,Daniil,Kvyat,alphatauri,AlphaTauri,13,10,1.0,70,+1 Lap,False
2020,2,raikkonen,RAI,Kimi,Räikkönen,alfa,Alfa Romeo,16,11,0.0,70,+1 Lap,False
2020,2,kevin_magnussen,MAG,Kevin,Magnussen,haas,Haas F1 Team,15,12,0.0,70,+1 Lap,False
2020,2,grosjean,GRO,Romain,Grosjean,haas,Haas F1 Team,0,13,0.0,70,+1 Lap,False
2020,2,giovinazzi,GIO,Antonio,Giovinazzi,alfa,Alfa Romeo,19,14,0.0,70,+1 Lap,False
2020,2,gasly,GAS,Pierre,Gasly,alphatauri,AlphaTauri,7,15,0.0,70,+1 Lap,False
2020,2,russell,RUS,George,Russell,williams,Williams,11,16,0.0,69,+2 Laps,False
2020,2,latifi,LAT,Nicholas,Latifi,williams,Williams,18,17,0.0,69,+2 Laps,False
2020,2,ocon,OCO,Esteban,Ocon,renault,Renault,5,18,0.0,25,Overheating,True
2020,2,leclerc,LEC,Charles,Leclerc,ferrari,Ferrari,14,19,0.0,4,Collision damage,True
2020,2,vettel,VET,Sebastian,Vettel,ferrari,Ferrari,10,20,0.0,1,Collision damage,True
2020,3,hamilton,HAM,Lewis,Hamilton,mercedes,Mercedes,1,1,26.0,70,Finished,False
2020,3,max_verstappen,VER,Max,Verstappen,red_bull,Red Bull,7,2,18.0,70,Finished,False
2020,3,bottas,BOT,Valtteri,Bottas,mercedes,Mercedes,2,3,15.0,70,Finished,False
2020,3,stroll,STR,Lance,Stroll,racing_point,Racing Point,3,4,12.0,70,Finished,False
2020,3,albon,ALB,Alexander,Albon,red_bull,Red Bull,13,5,10.0,70,Finished,False
2020,3,vettel,VET,Sebastian,Vettel,ferrari,Ferrari,5,6,8.0,69,+1 Lap,False
2020,3,perez,PER,Sergio,Pérez,racing_point,Racing Point,4,7,6.0,69,+1 Lap,False
2020,3,ricciardo,RIC,Daniel,Ricciardo,renault,Renault,11,8,4.0,69,+1 Lap,False
2020,3,sainz,SAI,Carlos,Sainz,mclaren,McLaren,9,9,2.0,69,+1 Lap,False
2020,3,kevin_magnussen,MAG,Kevin,Magnussen,haas,Haas F1 Team,0,10,1.0,69,+1 Lap,False
2020,3,leclerc,LEC,Charles,Leclerc,ferrari,Ferrari,6,11,0.0,69,+1 Lap,False
2020,3,kvyat,KVY,Daniil,Kvyat,alphatauri,AlphaTauri,17,12,0.0,69,+1 Lap,False
2020,3,norris,NOR,Lando,Norris,mclaren,McLaren,8,13,0.0,69,+1 Lap,False
2020,3,ocon,OCO,Esteban,Ocon,renault,Renault,14,14,0.0,69,+1 Lap,False
2020,3,raikkonen,RAI,Kimi,Räikkönen,alfa,Alfa Romeo,20,15,0.0,69,+1 Lap,False
2020,3,grosjean,GRO,Romain,Grosjean,haas,Haas F1 Team,0,16,0.0,69,+1 Lap,False
2020,3,giovinazzi,GIO,Antonio,Giovinazzi,alfa,Alfa Romeo,19,17,0.0,69,+1 Lap,False
2020,3,russell,RUS,George,Russell,williams,Williams,12,18,0.0,69,+1 Lap,False
2020,3,latifi,LAT,Nicholas,Latifi,williams,Williams,15,19,0.0,65,+5 Laps,False
2020,3,gasly,GAS,Pierre,Gasly,alphatauri,AlphaTauri,10,20,0.0,15,Engine,True
2020,4,hamilton,HAM,Lewis,Hamilton,mercedes,Mercedes,1,1,25.0,52,Finished,False
2020,4,max_verstappen,VER,Max,Verstappen,red_bull,Red Bull,3,2,19.0,52,Finished,False
2020,4,leclerc,LEC,Charles,Leclerc,ferrari,Ferrari,4,3,15.0,52,Finished,False
2020,4,ricciardo,RIC,Daniel,Ricciardo,renault,Renault,8,4,12.0,52,Finished,False
2020,4,norris,NOR,Lando,Norris,mclaren,McLaren,5,5,10.0,52,Finished,False
2020,4,ocon,OCO,Esteban,Ocon,renault,Renault,9,6,8.0,52,Finished,False
2020,4,gasly,GAS,Pierre,Gasly,alphatauri,AlphaTauri,11,7,6.0,52,Finished,False
2020,4,albon,ALB,Alexander,Albon,red_bull,Red Bull,12,8,4.0,52,Finished,False
2020,4,stroll,STR,Lance,Stroll,racing_point,Racing Point,6,9,2.0,52,Finished,False
2020,4,vettel,VET,Sebastian,Vettel,ferrari,Ferrari,10,10,1.0,52,Finished,False
2020,4,bottas,BOT,Valtteri,Bottas,mercedes,Mercedes,2,11,0.0,52,Finished,False
2020,4,russell,RUS,George,Russell,williams,Williams,20,12,0.0,52,Finished,False
2020,4,sainz,SAI,Carlos,Sainz,mclaren,McLaren,7,13,0.0,52,Finished,False
2020,4,giovinazzi,GIO,Antonio,Giovinazzi,alfa,Alfa Romeo,15,14,0.0,52,Finished,False
2020,4,latifi,LAT,Nicholas,Latifi,williams,Williams,18,15,0.0,52,Finished,False
2020,4,grosjean,GRO,Romain,Grosjean,haas,Haas F1 Team,17,16,0.0,52,Finished,False
2020,4,raikkonen,RAI,Kimi,Räikkönen,alfa,Alfa Romeo,16,17,0.0,51,+1 Lap,False
2020,4,kvyat,KVY,Daniil,Kvyat,alphatauri,AlphaTauri,19,18,0.0,11,Accident,True
2020,4,kevin_magnussen,MAG,Kevin,Magnussen,haas,Haas F1 Team,14,19,0.0,1,Collision,True
2020,4,hulkenberg,HUL,Nico,Hülkenberg,racing_point,Racing Point,13,20,0.0,0,Power Unit,True
2020,5,max_verstappen,VER,Max,Verstappen,red_bull,Red Bull,4,1,25.0,52,Finished,False
2020,5,hamilton,HAM,Lewis,Hamilton,mercedes,Mercedes,2,2,19.0,52,Finished,False
2020,5,bottas,BOT,Valtteri,Bottas,mercedes,Mercedes,1,3,15.0,52,Finished,False
2020,5,leclerc,LEC,Charles,Leclerc,ferrari,Ferrari,8,4,12.0,52,Finished,False
2020,5,albon,ALB,Alexander,Albon,red_bull,Red Bull,9,5,10.0,52,Finished,False
2020,5,stroll,STR,Lance,Stroll,racing_point,Racing Point,6,6,8.0,52,Finished,False
2020,5,hulkenberg,HUL,Nico,Hülkenberg,racing_point,Racing Point,3,7,6.0,52,Finished,False
2020,5,ocon,OCO,Esteban,Ocon,renault,Renault,14,8,4.0,52,Finished,False
2020,5,norris,NOR,Lando,Norris,mclaren,McLaren,10,9,2.0,52,Finished,False
2020,5,kvyat,KVY,Daniil,Kvyat,alphatauri,AlphaTauri,16,10,1.0,52,Finished,False
2020,5,gasly,GAS,Pierre,Gasly,alphatauri,AlphaTauri,7,11,0.0,52,Finished,False
2020,5,vettel,VET,Sebastian,Vettel,ferrari,Ferrari,11,12,0.0,52,Finished,False
2020,5,sainz,SAI,Carlos,Sainz,mclaren,McLaren,12,13,0.0,52,Finished,False
2020,5,ricciardo,RIC,Daniel,Ricciardo,renault,Renault,5,14,0.0,51,+1 Lap,False
2020,5,raikkonen,RAI,Kimi,Räikkönen,alfa,Alfa Romeo,20,15,0.0,51,+1 Lap,False
2020,5,grosjean,GRO,Romain,Grosjean,haas,Haas F1 Team,13,16,0.0,51,+1 Lap,False
2020,5,giovinazzi,GIO,Antonio,Giovinazzi,alfa,Alfa Romeo,19,17,0.0,51,+1 Lap,False
2020,5,russell,RUS,George,Russell,williams,Williams,15,18,0.0,51,+1 Lap,False
2020,5,latifi,LAT,Nicholas,Latifi,williams,Williams,18,19,0.0,51,+1 Lap,False
2020,5,kevin_magnussen,MAG,Kevin,Magnussen,haas,Haas F1 Team,17,20,0.0,43,Retired,True
2020,6,hamilton,HAM,Lewis,Hamilton,mercedes,Mercedes,1,1,25.0,66,Finished,False
2020,6,max_verstappen,VER,Max,Verstappen,red_bull,Red Bull,3,2,18.0,66,Finished,False
2020,6,bottas,BOT,Valtteri,Bottas,mercedes,Mercedes,2,3,16.0,66,Finished,False
2020,6,stroll,STR,Lance,Stroll,racing_point,Racing Point,5,4,12.0,65,+1 Lap,False
2020,6,perez,PER,Sergio,Pérez,racing_point,Racing Point,4,5,10.0,65,+1 Lap,False
2020,6,sainz,SAI,Carlos,Sainz,mclaren,McLaren,7,6,8.0,65,+1 Lap,False
2020,6,vettel,VET,Sebastian,Vettel,ferrari,Ferrari,11,7,6.0,65,+1 Lap,False
2020,6,albon,ALB,Alexander,Albon,red_bull,Red Bull,6,8,4.0,65,+1 Lap,False
2020,6,gasly,GAS,Pierre,Gasly,alphatauri,AlphaTauri,10,9,2.0,65,+1 Lap,False
2020,6,norris,NOR,Lando,Norris,mclaren,McLaren,8,10,1.0,65,+1 Lap,False
2020,6,ricciardo,RIC,Daniel,Ricciardo,renault,Renault,13,11,0.0,65,+1 Lap,False
2020,6,kvyat,KVY,Daniil,Kvyat,alphatauri,AlphaTauri,12,12,0.0,65,+1 Lap,False
2020,6,ocon,OCO,Esteban,Ocon,renault,Renault,15,13,0.0,65,+1 Lap,False
2020,6,raikkonen,RAI,Kimi,Räikkönen,alfa,Alfa Romeo,14,14,0.0,65,+1 Lap,False
2020,6,kevin_magnussen,MAG,Kevin,Magnussen,haas,Haas F1 Team,16,15,0.0,65,+1 Lap,False
2020,6,giovinazzi,GIO,Antonio,Giovinazzi,alfa,Alfa Romeo,20,16,0.0,65,+1 Lap,False
2020,6,russell,RUS,George,Russell,williams,Williams,18,17,0.0,65,+1 Lap,False
2020,6,latifi,LAT,Nicholas,Latifi,williams,Williams,19,18,0.0,64,+2 Laps,False
2020,6,grosjean,GRO,Romain,Grosjean,haas,Haas F1 Team,17,19,0.0,64,+2 Laps,False
2020,6,leclerc,LEC,Charles,Leclerc,ferrari,Ferrari,9,20,0.0,38,Electronics,True
2020,7,hamilton,HAM,Lewis,Hamilton,mercedes,Mercedes,1,1,25.0,44,Finished,False
2020,7,bottas,BOT,Valtteri,Bottas,mercedes,Mercedes,2,2,18.0,44,Finished,False
2020,7,max_verstappen,VER,Max,Verstappen,red_bull,Red Bull,3,3,15.0,44,Finished,False
2020,7,ricciardo,RIC,Daniel,Ricciardo,renault,Renault,4,4,13.0,44,Finished,False
2020,7,ocon,OCO,Esteban,Ocon,renault,Renault,6,5,10.0,44,Finished,False
2020,7,albon,ALB,Alexander,Albon,red_bull,Red Bull,5,6,8.0,44,Finished,False
2020,7,norris,NOR,Lando,Norris,mclaren,McLaren,10,7,6.0,44,Finished,False
2020,7,gasly,GAS,Pierre,Gasly,alphatauri,AlphaTauri,12,8,4.0,44,Finished,False
2020,7,stroll,STR,Lance,Stroll,racing_point,Racing Point,9,9,2.0,44,Finished,False
2020,7,perez,PER,Sergio,Pérez,racing_point,Racing Point,8,10,1.0,44,Finished,False
2020,7,kvyat,KVY,Daniil,Kvyat,alphatauri,AlphaTauri,11,11,0.0,44,Finished,False
2020,7,raikkonen,RAI,Kimi,Räikkönen,alfa,Alfa Romeo,16,12,0.0,44,Finished,False
2020,7,vettel,VET,Sebastian,Vettel,ferrari,Ferrari,14,13,0.0,44,Finished,False
2020,7,leclerc,LEC,Charles,Leclerc,ferrari,Ferrari,13,14,0.0,44,Finished,False
2020,7,grosjean,GRO,Romain,Grosjean,haas,Haas F1 Team,17,15,0.0,44,Finished,False
2020,7,latifi,LAT,Nicholas,Latifi,williams,Williams,19,16,0.0,44,Finished,False
2020,7,kevin_magnussen,MAG,Kevin,Magnussen,haas,Haas F1 Team,20,17,0.0,44,Finished,False
2020,7,giovinazzi,GIO,Antonio,Giovinazzi,alfa,Alfa Romeo,18,18,0.0,9,Accident,True
2020,7,russell,RUS,George,Russell,williams,Williams,15,19,0.0,9,Debris,True
2020,7,sainz,SAI,Carlos,Sainz,mclaren,McLaren,7,20,0.0,0,Exhaust,True
2020,8,gasly,GAS,Pierre,Gasly,alphatauri,AlphaTauri,10,1,25.0,53,Finished,False
2020,8,sainz,SAI,Carlos,Sainz,mclaren,McLaren,3,2,18.0,53,Finished,False
2020,8,stroll,STR,Lance,Stroll,racing_point,Racing Point,8,3,15.0,53,Finished,False
2020,8,norris,NOR,Lando,Norris,mclaren,McLaren,6,4,12.0,53,Finished,False
2020,8,bottas,BOT,Valtteri,Bottas,mercedes,Mercedes,2,5,10.0,53,Finished,False
2020,8,ricciardo,RIC,Daniel,Ricciardo,renault,Renault,7,6,8.0,53,Finished,False
2020,8,hamilton,HAM,Lewis,Hamilton,mercedes,Mercedes,1,7,7.0,53,Finished,False
2020,8,ocon,OCO,Esteban,Ocon,renault,Renault,12,8,4.0,53,Finished,False
2020,8,kvyat,KVY,Daniil,Kvyat,alphatauri,AlphaTauri,11,9,2.0,53,Finished,False
2020,8,perez,PER,Sergio,Pérez,racing_point,Racing Point,4,10,1.0,53,Finished,False
2020,8,latifi,LAT,Nicholas,Latifi,williams,Williams,20,11,0.0,53,Finished,False
2020,8,grosjean,GRO,Romain,Grosjean,haas,Haas F1 Team,16,12,0.0,53,Finished,False
2020,8,raikkonen,RAI,Kimi,Räikkönen,alfa,Alfa Romeo,14,13,0.0,53,Finished,False
2020,8,russell,RUS,George,Russell,williams,Williams,19,14,0.0,53,Finished,False
2020,8,albon,ALB,Alexander,Albon,red_bull,Red Bull,9,15,0.0,53,Finished,False
2020,8,giovinazzi,GIO,Antonio,Giovinazzi,alfa,Alfa Romeo,18,16,0.0,53,Finished,False
2020,8,max_verstappen,VER,Max,Verstappen,red_bull,Red Bull,5,17,0.0,30,Power Unit,True
2020,8,leclerc,LEC,Charles,Leclerc,ferrari,Ferrari,13,18,0.0,23,Accident,True
2020,8,kevin_magnussen,MAG,Kevin,Magnussen,haas,Haas F1 Team,15,19,0.0,17,Power Unit,True
2020,8,vettel,VET,Sebastian,Vettel,ferrari,Ferrari,17,20,0.0,6,Brakes,True
2020,9,hamilton,HAM,Lewis,Hamilton,mercedes,Mercedes,1,1,26.0,59,Finished,False
2020,9,bottas,BOT,Valtteri,Bottas,mercedes,Mercedes,2,2,18.0,59,Finished,False
2020,9,albon,ALB,Alexander,Albon,red_bull,Red Bull,4,3,15.0,59,Finished,False
2020,9,ricciardo,RIC,Daniel,Ricciardo,renault,Renault,8,4,12.0,59,Finished,False
2020,9,perez,PER,Sergio,Pérez,racing_point,Racing Point,7,5,10.0,59,Finished,False
2020,9,norris,NOR,Lando,Norris,mclaren,McLaren,11,6,8.0,59,Finished,False
2020,9,kvyat,KVY,Daniil,Kvyat,alphatauri,AlphaTauri,12,7,6.0,59,Finished,False
2020,9,leclerc,LEC,Charles,Leclerc,ferrari,Ferrari,5,8,4.0,59,Finished,False
2020,9,raikkonen,RAI,Kimi,Räikkönen,alfa,Alfa Romeo,13,9,2.0,59,Finished,False
2020,9,vettel,VET,Sebastian,Vettel,ferrari,Ferrari,14,10,1.0,59,Finished,False
2020,9,russell,RUS,George,Russell,williams,Williams,18,11,0.0,59,Finished,False
2020,9,grosjean,GRO,Romain,Grosjean,haas,Haas F1 Team,15,12,0.0,59,Finished,False
2020,9,stroll,STR,Lance,Stroll,racing_point,Racing Point,6,13,0.0,42,Puncture,True
2020,9,ocon,OCO,Esteban,Ocon,renault,Renault,10,14,0.0,7,Brakes,True
2020,9,latifi,LAT,Nicholas,Latifi,williams,Williams,19,15,0.0,6,Collision,True
2020,9,kevin_magnussen,MAG,Kevin,Magnussen,haas,Haas F1 Team,20,16,0.0,5,Collision,True
2020,9,giovinazzi,GIO,Antonio,Giovinazzi,alfa,Alfa Romeo,17,17,0.0,5,Collision,True
2020,9,sainz,SAI,Carlos,Sainz,mclaren,McLaren,9,18,0.0,5,Collision,True
2020,9,max_verstappen,VER,Max,Verstappen,red_bull,Red Bull,3,19,0.0,0,Collision,True
2020,9,gasly,GAS,Pierre,Gasly,alphatauri,AlphaTauri,16,20,0.0,0,Collision,True
2020,10,bottas,BOT,Valtteri,Bottas,mercedes,Mercedes,3,1,26.0,53,Finished,False
2020,10,max_verstappen,VER,Max,Verstappen,red_bull,Red Bull,2,2,18.0,53,Finished,False
2020,10,hamilton,HAM,Lewis,Hamilton,mercedes,Mercedes,1,3,15.0,53,Finished,False
2020,10,perez,PER,Sergio,Pérez,racing_point,Racing Point,4,4,12.0,53,Finished,False
2020,10,ricciardo,RIC,Daniel,Ricciardo,renault,Renault,5,5,10.0,53,Finished,False
2020,10,leclerc,LEC,Charles,Leclerc,ferrari,Ferrari,10,6,8.0,53,Finished,False
2020,10,ocon,OCO,Esteban,Ocon,renault,Renault,7,7,6.0,53,Finished,False
2020,10,kvyat,KVY,Daniil,Kvyat,alphatauri,AlphaTauri,11,8,4.0,53,Finished,False
2020,10,gasly,GAS,Pierre,Gasly,alphatauri,AlphaTauri,9,9,2.0,53,Finished,False
2020,10,albon,ALB,Alexander,Albon,red_bull,Red Bull,15,10,1.0,53,Finished,False
2020,10,giovinazzi,GIO,Antonio,Giovinazzi,alfa,Alfa Romeo,17,11,0.0,52,+1 Lap,False
2020,10,kevin_magnussen,MAG,Kevin,Magnussen,haas,Haas F1 Team,18,12,0.0,52,+1 Lap,False
2020,10,vettel,VET,Sebastian,Vettel,ferrari,Ferrari,14,13,0.0,52,+1 Lap,False
2020,10,raikkonen,RAI,Kimi,Räikkönen,alfa,Alfa Romeo,19,14,0.0,52,+1 Lap,False
2020,10,norris,NOR,Lando,Norris,mclaren,McLaren,8,15,0.0,52,+1 Lap,False
2020,10,latifi,LAT,Nicholas,Latifi,williams,Williams,20,16,0.0,52,+1 Lap,False
2020,10,grosjean,GRO,Romain,Grosjean,haas,Haas F1 Team,16,17,0.0,52,+1 Lap,False
2020,10,russell,RUS,George,Russell,williams,Williams,13,18,0.0,52,+1 Lap,False
2020,10,sainz,SAI,Carlos,Sainz,mclaren,McLaren,6,19,0.0,0,Accident,True
2020,10,stroll,STR,Lance,Stroll,racing_point,Racing Point,12,20,0.0,0,Collision,True
2020,11,hamilton,HAM,Lewis,Hamilton,mercedes,Mercedes,2,1,25.0,60,Finished,False
2020,11,max_verstappen,VER,Max,Verstappen,red_bull,Red Bull,3,2,19.0,60,Finished,False
2020,11,ricciardo,RIC,Daniel,Ricciardo,renault,Renault,6,3,15.0,60,Finished,False
2020,11,perez,PER,Sergio,Pérez,racing_point,Racing Point,9,4,12.0,60,Finished,False
2020,11,sainz,SAI,Carlos,Sainz,mclaren,McLaren,10,5,10.0,60,Finished,False
2020,11,gasly,GAS,Pierre,Gasly,alphatauri,AlphaTauri,12,6,8.0,60,Finished,False
2020,11,leclerc,LEC,Charles,Leclerc,ferrari,Ferrari,4,7,6.0,60,Finished,False
2020,11,hulkenberg,HUL,Nico,Hülkenberg,racing_point,Racing Point,20,8,4.0,60,Finished,False
2020,11,grosjean,GRO,Romain,Grosjean,haas,Haas F1 Team,16,9,2.0,60,Finished,False
2020,11,giovinazzi,GIO,Antonio,Giovinazzi,alfa,Alfa Romeo,14,10,1.0,60,Finished,False
2020,11,vettel,VET,Sebastian,Vettel,ferrari,Ferrari,11,11,0.0,60,Finished,False
2020,11,raikkonen,RAI,Kimi,Räikkönen,alfa,Alfa Romeo,19,12,0.0,60,Finished,False
2020,11,kevin_magnussen,MAG,Kevin,Magnussen,haas,Haas F1 Team,15,13,0.0,60,Finished,False
2020,11,latifi,LAT,Nicholas,Latifi,williams,Williams,18,14,0.0,60,Finished,False
2020,11,kvyat,KVY,Daniil,Kvyat,alphatauri,AlphaTauri,13,15,0.0,60,Finished,False
2020,11,norris,NOR,Lando,Norris,mclaren,McLaren,8,16,0.0,42,Power Unit,True
2020,11,albon,ALB,Alexander,Albon,red_bull,Red Bull,5,17,0.0,23,Radiator,True
2020,11,ocon,OCO,Esteban,Ocon,renault,Renault,7,18,0.0,22,Gearbox,True
2020,11,bottas,BOT,Valtteri,Bottas,mercedes,Mercedes,1,19,0.0,18,Power Unit,True
2020,11,russell,RUS,George,Russell,williams,Williams,17,20,0.0,12,Collision,True
2020,12,hamilton,HAM,Lewis,Hamilton,mercedes,Mercedes,1,1,26.0,66,Finished,False
2020,12,bottas,BOT,Valtteri,Bottas,mercedes,Mercedes,2,2,18.0,66,Finished,False
2020,12,max_verstappen,VER,Max,Verstappen,red_bull,Red Bull,3,3,15.0,66,Finished,False
2020,12,leclerc,LEC,Charles,Leclerc,ferrari,Ferrari,4,4,12.0,66,Finished,False
2020,12,gasly,GAS,Pierre,Gasly,alphatauri,AlphaTauri,9,5,10.0,65,+1 Lap,False
2020,12,sainz,SAI,Carlos,Sainz,mclaren,McLaren,7,6,8.0,65,+1 Lap,False
2020,12,perez,PER,Sergio,Pérez,racing_point,Racing Point,5,7,6.0,65,+1 Lap,False
2020,12,ocon,OCO,Esteban,Ocon,renault,Renault,11,8,4.0,65,+1 Lap,False
2020,12,ricciardo,RIC,Daniel,Ricciardo,renault,Renault,10,9,2.0,65,+1 Lap,False
2020,12,vettel,VET,Sebastian,Vettel,ferrari,Ferrari,15,10,1.0,65,+1 Lap,False
2020,12,raikkonen,RAI,Kimi,Räikkönen,alfa,Alfa Romeo,16,11,0.0,65,+1 Lap,False
2020,12,albon,ALB,Alexander,Albon,red_bull,Red Bull,6,12,0.0,65,+1 Lap,False
2020,12,norris,NOR,Lando,Norris,mclaren,McLaren,8,13,0.0,65,+1 Lap,False
2020,12,russell,RUS,George,Russell,williams,Williams,14,14,0.0,65,+1 Lap,False
2020,12,giovinazzi,GIO,Antonio,Giovinazzi,alfa,Alfa Romeo,17,15,0.0,65,+1 Lap,False
2020,12,kevin_magnussen,MAG,Kevin,Magnussen,haas,Haas F1 Team,19,16,0.0,65,+1 Lap,False
2020,12,grosjean,GRO,Romain,Grosjean,haas,Haas F1 Team,18,17,0.0,65,+1 Lap,False
2020,12,latifi,LAT,Nicholas,Latifi,williams,Williams,20,18,0.0,64,+2 Laps,False
2020,12,kvyat,KVY,Daniil,Kvyat,alphatauri,AlphaTauri,13,19,0.0,64,+2 Laps,False
2020,12,stroll,STR,Lance,Stroll,racing_point,Racing Point,12,20,0.0,51,Collision damage,True
2020,13,hamilton,HAM,Lewis,Hamilton,mercedes,Mercedes,2,1,26.0,63,Finished,False
2020,13,bottas,BOT,Valtteri,Bottas,mercedes,Mercedes,1,2,18.0,63,Finished,False
2020,13,ricciardo,RIC,Daniel,Ricciardo,renault,Renault,5,3,15.0,63,Finished,False
2020,13,kvyat,KVY,Daniil,Kvyat,alphatauri,AlphaTauri,8,4,12.0,63,Finished,False
2020,13,leclerc,LEC,Charles,Leclerc,ferrari,Ferrari,7,5,10.0,63,Finished,False
2020,13,perez,PER,Sergio,Pérez,racing_point,Racing Point,11,6,8.0,63,Finished,False
2020,13,sainz,SAI,Carlos,Sainz,mclaren,McLaren,10,7,6.0,63,Finished,False
2020,13,norris,NOR,Lando,Norris,mclaren,McLaren,9,8,4.0,63,Finished,False
2020,13,raikkonen,RAI,Kimi,Räikkönen,alfa,Alfa Romeo,18,9,2.0,63,Finished,False
2020,13,giovinazzi,GIO,Antonio,Giovinazzi,alfa,Alfa Romeo,20,10,1.0,63,Finished,False
2020,13,latifi,LAT,Nicholas,Latifi,williams,Williams,19,11,0.0,63,Finished,False
2020,13,vettel,VET,Sebastian,Vettel,ferrari,Ferrari,14,12,0.0,63,Finished,False
2020,13,stroll,STR,Lance,Stroll,racing_point,Racing Point,15,13,0.0,63,Finished,False
2020,13,grosjean,GRO,Romain,Grosjean,haas,Haas F1 Team,16,14,0.0,63,Finished,False
2020,13,albon,ALB,Alexander,Albon,red_bull,Red Bull,6,15,0.0,63,Finished,False
2020,13,russell,RUS,George,Russell,williams,Williams,13,16,0.0,51,Accident,True
2020,13,max_verstappen,VER,Max,Verstappen,red_bull,Red Bull,3,17,0.0,50,Puncture,True
2020,13,kevin_magnussen,MAG,Kevin,Magnussen,haas,Haas F1 Team,17,18,0.0,47,Illness,True
2020,13,ocon,OCO,Esteban,Ocon,renault,Renault,12,19,0.0,27,Gearbox,True
2020,13,gasly,GAS,Pierre,Gasly,alphatauri,AlphaTauri,4,20,0.0,8,Water pressure,True
2020,14,hamilton,HAM,Lewis,Hamilton,mercedes,Mercedes,6,1,25.0,58,Finished,False
2020,14,perez,PER,Sergio,Pérez,racing_point,Racing Point,3,2,18.0,58,Finished,False
2020,14,vettel,VET,Sebastian,Vettel,ferrari,Ferrari,11,3,15.0,58,Finished,False
2020,14,leclerc,LEC,Charles,Leclerc,ferrari,Ferrari,12,4,12.0,58,Finished,False
2020,14,sainz,SAI,Carlos,Sainz,mclaren,McLaren,15,5,10.0,58,Finished,False
2020,14,max_verstappen,VER,Max,Verstappen,red_bull,Red Bull,2,6,8.0,58,Finished,False
2020,14,albon,ALB,Alexander,Albon,red_bull,Red Bull,4,7,6.0,58,Finished,False
2020,14,norris,NOR,Lando,Norris,mclaren,McLaren,14,8,5.0,58,Finished,False
2020,14,stroll,STR,Lance,Stroll,racing_point,Racing Point,1,9,2.0,58,Finished,False
2020,14,ricciardo,RIC,Daniel,Ricciardo,renault,Renault,5,10,1.0,58,Finished,False
2020,14,ocon,OCO,Esteban,Ocon,renault,Renault,7,11,0.0,57,+1 Lap,False
2020,14,kvyat,KVY,Daniil,Kvyat,alphatauri,AlphaTauri,16,12,0.0,57,+1 Lap,False
2020,14,gasly,GAS,Pierre,Gasly,alphatauri,AlphaTauri,19,13,0.0,57,+1 Lap,False
2020,14,bottas,BOT,Valtteri,Bottas,mercedes,Mercedes,9,14,0.0,57,+1 Lap,False
2020,14,raikkonen,RAI,Kimi,Räikkönen,alfa,Alfa Romeo,8,15,0.0,57,+1 Lap,False
2020,14,russell,RUS,George,Russell,williams,Williams,0,16,0.0,57,+1 Lap,False
2020,14,kevin_magnussen,MAG,Kevin,Magnussen,haas,Haas F1 Team,13,17,0.0,55,Withdrew,True
2020,14,grosjean,GRO,Romain,Grosjean,haas,Haas F1 Team,17,18,0.0,49,Collision damage,True
2020,14,latifi,LAT,Nicholas,Latifi,williams,Williams,0,19,0.0,39,Collision damage,True
2020,14,giovinazzi,GIO,Antonio,Giovinazzi,alfa,Alfa Romeo,10,20,0.0,11,Gearbox,True
2020,15,hamilton,HAM,Lewis,Hamilton,mercedes,Mercedes,1,1,25.0,57,Finished,False
2020,15,max_verstappen,VER,Max,Verstappen,red_bull,Red Bull,3,2,19.0,57,Finished,False
2020,15,albon,ALB,Alexander,Albon,red_bull,Red Bull,4,3,15.0,57,Finished,False
2020,15,norris,NOR,Lando,Norris,mclaren,McLaren,9,4,12.0,57,Finished,False
2020,15,sainz,SAI,Carlos,Sainz,mclaren,McLaren,15,5,10.0,57,Finished,False
2020,15,gasly,GAS,Pierre,Gasly,alphatauri,AlphaTauri,8,6,8.0,57,Finished,False
2020,15,ricciardo,RIC,Daniel,Ricciardo,renault,Renault,6,7,6.0,57,Finished,False
2020,15,bottas,BOT,Valtteri,Bottas,mercedes,Mercedes,2,8,4.0,57,Finished,False
2020,15,ocon,OCO,Esteban,Ocon,renault,Renault,7,9,2.0,57,Finished,False
2020,15,leclerc,LEC,Charles,Leclerc,ferrari,Ferrari,12,10,1.0,56,+1 Lap,False
2020,15,kvyat,KVY,Daniil,Kvyat,alphatauri,AlphaTauri,10,11,0.0,56,+1 Lap,False
2020,15,russell,RUS,George,Russell,williams,Williams,14,12,0.0,56,+1 Lap,False
2020,15,vettel,VET,Sebastian,Vettel,ferrari,Ferrari,11,13,0.0,56,+1 Lap,False
2020,15,latifi,LAT,Nicholas,Latifi,williams,Williams,20,14,0.0,56,+1 Lap,False
2020,15,raikkonen,RAI,Kimi,Räikkönen,alfa,Alfa Romeo,17,15,0.0,56,+1 Lap,False
2020,15,giovinazzi,GIO,Antonio,Giovinazzi,alfa,Alfa Romeo,16,16,0.0,56,+1 Lap,False
2020,15,kevin_magnussen,MAG,Kevin,Magnussen,haas,Haas F1 Team,18,17,0.0,56,+1 Lap,False
2020,15,perez,PER,Sergio,Pérez,racing_point,Racing Point,5,18,0.0,53,Engine,True
2020,15,stroll,STR,Lance,Stroll,racing_point,Racing Point,13,19,0.0,2,Collision,True
2020,15,grosjean,GRO,Romain,Grosjean,haas,Haas F1 Team,19,20,0.0,0,Collision,True
2020,16,perez,PER,Sergio,Pérez,racing_point,Racing Point,5,1,25.0,87,Finished,False
2020,16,ocon,OCO,Esteban,Ocon,renault,Renault,11,2,18.0,87,Finished,False
2020,16,stroll,STR,Lance,Stroll,racing_point,Racing Point,10,3,15.0,87,Finished,False
2020,16,sainz,SAI,Carlos,Sainz,mclaren,McLaren,8,4,12.0,87,Finished,False
2020,16,ricciardo,RIC,Daniel,Ricciardo,renault,Renault,7,5,10.0,87,Finished,False
2020,16,albon,ALB,Alexander,Albon,red_bull,Red Bull,12,6,8.0,87,Finished,False
2020,16,kvyat,KVY,Daniil,Kvyat,alphatauri,AlphaTauri,6,7,6.0,87,Finished,False
2020,16,bottas,BOT,Valtteri,Bottas,mercedes,Mercedes,1,8,4.0,87,Finished,False
2020,16,russell,RUS,George,Russell,mercedes,Mercedes,2,9,3.0,87,Finished,False
2020,16,norris,NOR,Lando,Norris,mclaren,McLaren,19,10,1.0,87,Finished,False
2020,16,gasly,GAS,Pierre,Gasly,alphatauri,AlphaTauri,9,11,0.0,87,Finished,False
2020,16,vettel,VET,Sebastian,Vettel,ferrari,Ferrari,13,12,0.0,87,Finished,False
2020,16,giovinazzi,GIO,Antonio,Giovinazzi,alfa,Alfa Romeo,14,13,0.0,87,Finished,False
2020,16,raikkonen,RAI,Kimi,Räikkönen,alfa,Alfa Romeo,18,14,0.0,87,Finished,False
2020,16,kevin_magnussen,MAG,Kevin,Magnussen,haas,Haas F1 Team,15,15,0.0,87,Finished,False
2020,16,aitken,AIT,Jack,Aitken,williams,Williams,17,16,0.0,87,Finished,False
2020,16,pietro_fittipaldi,FIT,Pietro,Fittipaldi,haas,Haas F1 Team,20,17,0.0,87,Finished,False
2020,16,latifi,LAT,Nicholas,Latifi,williams,Williams,16,18,0.0,52,Engine,True
2020,16,max_verstappen,VER,Max,Verstappen,red_bull,Red Bull,3,19,0.0,0,Accident,True
2020,16,leclerc,LEC,Charles,Leclerc,ferrari,Ferrari,4,20,0.0,0,Collision,True
2020,17,max_verstappen,VER,Max,Verstappen,red_bull,Red Bull,1,1,25.0,55,Finished,False
2020,17,bottas,BOT,Valtteri,Bottas,mercedes,Mercedes,2,2,18.0,55,Finished,False
2020,17,hamilton,HAM,Lewis,Hamilton,mercedes,Mercedes,3,3,15.0,55,Finished,False
2020,17,albon,ALB,Alexander,Albon,red_bull,Red Bull,5,4,12.0,55,Finished,False
2020,17,norris,NOR,Lando,Norris,mclaren,McLaren,4,5,10.0,55,Finished,False
2020,17,sainz,SAI,Carlos,Sainz,mclaren,McLaren,6,6,8.0,55,Finished,False
2020,17,ricciardo,RIC,Daniel,Ricciardo,renault,Renault,11,7,7.0,55,Finished,False
2020,17,gasly,GAS,Pierre,Gasly,alphatauri,AlphaTauri,9,8,4.0,55,Finished,False
2020,17,ocon,OCO,Esteban,Ocon,renault,Renault,10,9,2.0,55,Finished,False
2020,17,stroll,STR,Lance,Stroll,racing_point,Racing Point,8,10,1.0,55,Finished,False
2020,17,kvyat,KVY,Daniil,Kvyat,alphatauri,AlphaTauri,7,11,0.0,54,+1 Lap,False
2020,17,raikkonen,RAI,Kimi,Räikkönen,alfa,Alfa Romeo,15,12,0.0,54,+1 Lap,False
2020,17,leclerc,LEC,Charles,Leclerc,ferrari,Ferrari,12,13,0.0,54,+1 Lap,False
2020,17,vettel,VET,Sebastian,Vettel,ferrari,Ferrari,13,14,0.0,54,+1 Lap,False
2020,17,russell,RUS,George,Russell,williams,Williams,16,15,0.0,54,+1 Lap,False
2020,17,giovinazzi,GIO,Antonio,Giovinazzi,alfa,Alfa Romeo,14,16,0.0,54,+1 Lap,False
2020,17,latifi,LAT,Nicholas,Latifi,williams,Williams,18,17,0.0,54,+1 Lap,False
2020,17,kevin_magnussen,MAG,Kevin,Magnussen,haas,Haas F1 Team,20,18,0.0,54,+1 Lap,False
2020,17,pietro_fittipaldi,FIT,Pietro,Fittipaldi,haas,Haas F1 Team,17,19,0.0,53,+2 Laps,False
2020,17,perez,PER,Sergio,Pérez,racing_point,Racing Point,19,20,0.0,8,Transmission,True
2021,1,hamilton,HAM,Lewis,Hamilton,mercedes,Mercedes,2,1,25.0,56,Finished,False
2021,1,max_verstappen,VER,Max,Verstappen,red_bull,Red Bull,1,2,18.0,56,Finished,False
2021,1,bottas,BOT,Valtteri,Bottas,mercedes,Mercedes,3,3,16.0,56,Finished,False
2021,1,norris,NOR,Lando,Norris,mclaren,McLaren,7,4,12.0,56,Finished,False
2021,1,perez,PER,Sergio,Pérez,red_bull,Red Bull,0,5,10.0,56,Finished,False
2021,1,leclerc,LEC,Charles,Leclerc,ferrari,Ferrari,4,6,8.0,56,Finished,False
2021,1,ricciardo,RIC,Daniel,Ricciardo,mclaren,McLaren,6,7,6.0,56,Finished,False
2021,1,sainz,SAI,Carlos,Sainz,ferrari,Ferrari,8,8,4.0,56,Finished,False
2021,1,tsunoda,TSU,Yuki,Tsunoda,alphatauri,AlphaTauri,13,9,2.0,56,Finished,False
2021,1,stroll,STR,Lance,Stroll,aston_martin,Aston Martin,10,10,1.0,56,Finished,False
2021,1,raikkonen,RAI,Kimi,Räikkönen,alfa,Alfa Romeo,14,11,0.0,56,Finished,False
2021,1,giovinazzi,GIO,Antonio,Giovinazzi,alfa,Alfa Romeo,12,12,0.0,55,+1 Lap,False
2021,1,ocon,OCO,Esteban,Ocon,alpine,Alpine F1 Team,16,13,0.0,55,+1 Lap,False
2021,1,russell,RUS,George,Russell,williams,Williams,15,14,0.0,55,+1 Lap,False
2021,1,vettel,VET,Sebastian,Vettel,aston_martin,Aston Martin,20,15,0.0,55,+1 Lap,False
2021,1,mick_schumacher,MSC,Mick,Schumacher,haas,Haas F1 Team,18,16,0.0,55,+1 Lap,False
2021,1,gasly,GAS,Pierre,Gasly,alphatauri,AlphaTauri,5,17,0.0,52,Retired,True
2021,1,latifi,LAT,Nicholas,Latifi,williams,Williams,17,18,0.0,51,Retired,True
2021,1,alonso,ALO,Fernando,Alonso,alpine,Alpine F1 Team,9,19,0.0,32,Brakes,True
2021,1,mazepin,MAZ,Nikita,Mazepin,haas,Haas F1 Team,19,20,0.0,0,Accident,True
2021,2,max_verstappen,VER,Max,Verstappen,red_bull,Red Bull,3,1,25.0,63,Finished,False
2021,2,hamilton,HAM,Lewis,Hamilton,mercedes,Mercedes,1,2,19.0,63,Finished,False
2021,2,norris,NOR,Lando,Norris,mclaren,McLaren,7,3,15.0,63,Finished,False
2021,2,leclerc,LEC,Charles,Leclerc,ferrari,Ferrari,4,4,12.0,63,Finished,False
2021,2,sainz,SAI,Carlos,Sainz,ferrari,Ferrari,11,5,10.0,63,Finished,False
2021,2,ricciardo,RIC,Daniel,Ricciardo,mclaren,McLaren,6,6,8.0,63,Finished,False
2021,2,gasly,GAS,Pierre,Gasly,alphatauri,AlphaTauri,5,7,6.0,63,Finished,False
2021,2,stroll,STR,Lance,Stroll,aston_martin,Aston Martin,10,8,4.0,63,Finished,False
2021,2,ocon,OCO,Esteban,Ocon,alpine,Alpine F1 Team,9,9,2.0,63,Finished,False
2021,2,alonso,ALO,Fernando,Alonso,alpine,Alpine F1 Team,15,10,1.0,63,Finished,False
2021,2,perez,PER,Sergio,Pérez,red_bull,Red Bull,2,11,0.0,63,Finished,False
2021,2,tsunoda,TSU,Yuki,Tsunoda,alphatauri,AlphaTauri,20,12,0.0,63,Finished,False
2021,2,raikkonen,RAI,Kimi,Räikkönen,alfa,Alfa Romeo,16,13,0.0,63,Finished,False
2021,2,giovinazzi,GIO,Antonio,Giovinazzi,alfa,Alfa Romeo,17,14,0.0,62,+1 Lap,False
2021,2,vettel,VET,Sebastian,Vettel,aston_martin,Aston Martin,0,15,0.0,61,Gearbox,True
2021,2,mick_schumacher,MSC,Mick,Schumacher,haas,Haas F1 Team,18,16,0.0,61,+2 Laps,False
2021,2,mazepin,MAZ,Nikita,Mazepin,haas,Haas F1 Team,19,17,0.0,61,+2 Laps,False
2021,2,bottas,BOT,Valtteri,Bottas,mercedes,Mercedes,8,18,0.0,30,Collision,True
2021,2,russell,RUS,George,Russell,williams,Williams,12,19,0.0,30,Collision,True
2021,2,latifi,LAT,Nicholas,Latifi,williams,Williams,14,20,0.0,0,Collision,True
2021,3,hamilton,HAM,Lewis,Hamilton,mercedes,Mercedes,2,1,25.0,66,Finished,False
2021,3,max_verstappen,VER,Max,Verstappen,red_bull,Red Bull,3,2,18.0,66,Finished,False
2021,3,bottas,BOT,Valtteri,Bottas,mercedes,Mercedes,1,3,16.0,66,Finished,False
2021,3,perez,PER,Sergio,Pérez,red_bull,Red Bull,4,4,12.0,66,Finished,False
2021,3,norris,NOR,Lando,Norris,mclaren,McLaren,7,5,10.0,66,Finished,False
2021,3,leclerc,LEC,Charles,Leclerc,ferrari,Ferrari,8,6,8.0,66,Finished,False
2021,3,ocon,OCO,Esteban,Ocon,alpine,Alpine F1 Team,6,7,6.0,66,Finished,False
2021,3,alonso,ALO,Fernando,Alonso,alpine,Alpine F1 Team,13,8,4.0,66,Finished,False
2021,3,ricciardo,RIC,Daniel,Ricciardo,mclaren,McLaren,16,9,2.0,66,Finished,False
2021,3,gasly,GAS,Pierre,Gasly,alphatauri,AlphaTauri,9,10,1.0,66,Finished,False
2021,3,sainz,SAI,Carlos,Sainz,ferrari,Ferrari,5,11,0.0,66,Finished,False
2021,3,giovinazzi,GIO,Antonio,Giovinazzi,alfa,Alfa Romeo,12,12,0.0,65,+1 Lap,False
2021,3,vettel,VET,Sebastian,Vettel,aston_martin,Aston Martin,10,13,0.0,65,+1 Lap,False
2021,3,stroll,STR,Lance,Stroll,aston_martin,Aston Martin,17,14,0.0,65,+1 Lap,False
2021,3,tsunoda,TSU,Yuki,Tsunoda,alphatauri,AlphaTauri,14,15,0.0,65,+1 Lap,False
2021,3,russell,RUS,George,Russell,williams,Williams,11,16,0.0,65,+1 Lap,False
2021,3,mick_schumacher,MSC,Mick,Schumacher,haas,Haas F1 Team,19,17,0.0,64,+2 Laps,False
2021,3,latifi,LAT,Nicholas,Latifi,williams,Williams,18,18,0.0,64,+2 Laps,False
2021,3,mazepin,MAZ,Nikita,Mazepin,haas,Haas F1 Team,20,19,0.0,64,+2 Laps,False
2021,3,raikkonen,RAI,Kimi,Räikkönen,alfa,Alfa Romeo,15,20,0.0,1,Collision damage,True
2021,4,hamilton,HAM,Lewis,Hamilton,mercedes,Mercedes,1,1,25.0,66,Finished,False
2021,4,max_verstappen,VER,Max,Verstappen,red_bull,Red Bull,2,2,19.0,66,Finished,False
2021,4,bottas,BOT,Valtteri,Bottas,mercedes,Mercedes,3,3,15.0,66,Finished,False
2021,4,leclerc,LEC,Charles,Leclerc,ferrari,Ferrari,4,4,12.0,66,Finished,False
2021,4,perez,PER,Sergio,Pérez,red_bull,Red Bull,8,5,10.0,66,Finished,False
2021,4,ricciardo,RIC,Daniel,Ricciardo,mclaren,McLaren,7,6,8.0,66,Finished,False
2021,4,sainz,SAI,Carlos,Sainz,ferrari,Ferrari,6,7,6.0,66,Finished,False
2021,4,norris,NOR,Lando,Norris,mclaren,McLaren,9,8,4.0,65,+1 Lap,False
2021,4,ocon,OCO,Esteban,Ocon,alpine,Alpine F1 Team,5,9,2.0,65,+1 Lap,False
2021,4,gasly,GAS,Pierre,Gasly,alphatauri,AlphaTauri,12,10,1.0,65,+1 Lap,False
2021,4,stroll,STR,Lance,Stroll,aston_martin,Aston Martin,11,11,0.0,65,+1 Lap,False
2021,4,raikkonen,RAI,Kimi,Räikkönen,alfa,Alfa Romeo,17,12,0.0,65,+1 Lap,False
2021,4,vettel,VET,Sebastian,Vettel,aston_martin,Aston Martin,13,13,0.0,65,+1 Lap,False
2021,4,russell,RUS,George,Russell,williams,Williams,15,14,0.0,65,+1 Lap,False
2021,4,giovinazzi,GIO,Antonio,Giovinazzi,alfa,Alfa Romeo,14,15,0.0,65,+1 Lap,False
2021,4,latifi,LAT,Nicholas,Latifi,williams,Williams,19,16,0.0,65,+1 Lap,False
2021,4,alonso,ALO,Fernando,Alonso,alpine,Alpine F1 Team,10,17,0.0,65,+1 Lap,False
2021,4,mick_schumacher,MSC,Mick,Schumacher,haas,Haas F1 Team,18,18,0.0,64,+2 Laps,False
2021,4,mazepin,MAZ,Nikita,Mazepin,haas,Haas F1 Team,20,19,0.0,64,+2 Laps,False
2021,4,tsunoda,TSU,Yuki,Tsunoda,alphatauri,AlphaTauri,16,20,0.0,6,Electrical,True
2021,5,max_verstappen,VER,Max,Verstappen,red_bull,Red Bull,2,1,25.0,78,Finished,False
2021,5,sainz,SAI,Carlos,Sainz,ferrari,Ferrari,4,2,18.0,78,Finished,False
2021,5,norris,NOR,Lando,Norris,mclaren,McLaren,5,3,15.0,78,Finished,False
2021,5,perez,PER,Sergio,Pérez,red_bull,Red Bull,9,4,12.0,78,Finished,False
2021,5,vettel,VET,Sebastian,Vettel,aston_martin,Aston Martin,8,5,10.0,78,Finished,False
2021,5,gasly,GAS,Pierre,Gasly,alphatauri,AlphaTauri,6,6,8.0,78,Finished,False
2021,5,hamilton,HAM,Lewis,Hamilton,mercedes,Mercedes,7,7,7.0,78,Finished,False
2021,5,stroll,STR,Lance,Stroll,aston_martin,Aston Martin,13,8,4.0,77,+1 Lap,False
2021,5,ocon,OCO,Esteban,Ocon,alpine,Alpine F1 Team,11,9,2.0,77,+1 Lap,False
2021,5,giovinazzi,GIO,Antonio,Giovinazzi,alfa,Alfa Romeo,10,10,1.0,77,+1 Lap,False
2021,5,raikkonen,RAI,Kimi,Räikkönen,alfa,Alfa Romeo,14,11,0.0,77,+1 Lap,False
2021,5,ricciardo,RIC,Daniel,Ricciardo,mclaren,McLaren,12,12,0.0,77,+1 Lap,False
2021,5,alonso,ALO,Fernando,Alonso,alpine,Alpine F1 Team,17,13,0.0,77,+1 Lap,False
2021,5,russell,RUS,George,Russell,williams,Williams,15,14,0.0,77,+1 Lap,False
2021,5,latifi,LAT,Nicholas,Latifi,williams,Williams,18,15,0.0,77,+1 Lap,False
2021,5,tsunoda,TSU,Yuki,Tsunoda,alphatauri,AlphaTauri,16,16,0.0,77,+1 Lap,False
2021,5,mazepin,MAZ,Nikita,Mazepin,haas,Haas F1 Team,19,17,0.0,75,+3 Laps,False
2021,5,mick_schumacher,MSC,Mick,Schumacher,haas,Haas F1 Team,20,18,0.0,75,+3 Laps,False
2021,5,bottas,BOT,Valtteri,Bottas,mercedes,Mercedes,3,19,0.0,29,Wheel nut,True
2021,5,leclerc,LEC,Charles,Leclerc,ferrari,Ferrari,1,20,0.0,0,Driveshaft,True
2021,6,perez,PER,Sergio,Pérez,red_bull,Red Bull,6,1,25.0,51,Finished,False
2021,6,vettel,VET,Sebastian,Vettel,aston_martin,Aston Martin,11,2,18.0,51,Finished,False
2021,6,gasly,GAS,Pierre,Gasly,alphatauri,AlphaTauri,4,3,15.0,51,Finished,False
2021,6,leclerc,LEC,Charles,Leclerc,ferrari,Ferrari,1,4,12.0,51,Finished,False
2021,6,norris,NOR,Lando,Norris,mclaren,McLaren,9,5,10.0,51,Finished,False
2021,6,alonso,ALO,Fernando,Alonso,alpine,Alpine F1 Team,8,6,8.0,51,Finished,False
2021,6,tsunoda,TSU,Yuki,Tsunoda,alphatauri,AlphaTauri,7,7,6.0,51,Finished,False
2021,6,sainz,SAI,Carlos,Sainz,ferrari,Ferrari,5,8,4.0,51,Finished,False
2021,6,ricciardo,RIC,Daniel,Ricciardo,mclaren,McLaren,13,9,2.0,51,Finished,False
2021,6,raikkonen,RAI,Kimi,Räikkönen,alfa,Alfa Romeo,14,10,1.0,51,Finished,False
2021,6,giovinazzi,GIO,Antonio,Giovinazzi,alfa,Alfa Romeo,20,11,0.0,51,Finished,False
2021,6,bottas,BOT,Valtteri,Bottas,mercedes,Mercedes,10,12,0.0,51,Finished,False
2021,6,mick_schumacher,MSC,Mick,Schumacher,haas,Haas F1 Team,17,13,0.0,51,Finished,False
2021,6,mazepin,MAZ,Nikita,Mazepin,haas,Haas F1 Team,18,14,0.0,51,Finished,False
2021,6,hamilton,HAM,Lewis,Hamilton,mercedes,Mercedes,2,15,0.0,51,Finished,False
2021,6,latifi,LAT,Nicholas,Latifi,williams,Williams,16,16,0.0,51,Finished,False
2021,6,russell,RUS,George,Russell,williams,Williams,15,17,0.0,48,Gearbox,True
2021,6,max_verstappen,VER,Max,Verstappen,red_bull,Red Bull,3,18,0.0,45,Accident,True
2021,6,stroll,STR,Lance,Stroll,aston_martin,Aston Martin,19,19,0.0,29,Accident,True
2021,6,ocon,OCO,Esteban,Ocon,alpine,Alpine F1 Team,12,20,0.0,3,Turbo,True
2021,7,max_verstappen,VER,Max,Verstappen,red_bull,Red Bull,1,1,26.0,53,Finished,False
2021,7,hamilton,HAM,Lewis,Hamilton,mercedes,Mercedes,2,2,18.0,53,Finished,False
2021,7,perez,PER,Sergio,Pérez,red_bull,Red Bull,4,3,15.0,53,Finished,False
2021,7,bottas,BOT,Valtteri,Bottas,mercedes,Mercedes,3,4,12.0,53,Finished,False
2021,7,norris,NOR,Lando,Norris,mclaren,McLaren,8,5,10.0,53,Finished,False
2021,7,ricciardo,RIC,Daniel,Ricciardo,mclaren,McLaren,10,6,8.0,53,Finished,False
2021,7,gasly,GAS,Pierre,Gasly,alphatauri,AlphaTauri,6,7,6.0,53,Finished,False
2021,7,alonso,ALO,Fernando,Alonso,alpine,Alpine F1 Team,9,8,4.0,53,Finished,False
2021,7,vettel,VET,Sebastian,Vettel,aston_martin,Aston Martin,12,9,2.0,53,Finished,False
2021,7,stroll,STR,Lance,Stroll,aston_martin,Aston Martin,19,10,1.0,53,Finished,False
2021,7,sainz,SAI,Carlos,Sainz,ferrari,Ferrari,5,11,0.0,53,Finished,False
2021,7,russell,RUS,George,Russell,williams,Williams,14,12,0.0,52,+1 Lap,False
2021,7,tsunoda,TSU,Yuki,Tsunoda,alphatauri,AlphaTauri,0,13,0.0,52,+1 Lap,False
2021,7,ocon,OCO,Esteban,Ocon,alpine,Alpine F1 Team,11,14,0.0,52,+1 Lap,False
2021,7,giovinazzi,GIO,Antonio,Giovinazzi,alfa,Alfa Romeo,13,15,0.0,52,+1 Lap,False
2021,7,leclerc,LEC,Charles,Leclerc,ferrari,Ferrari,7,16,0.0,52,+1 Lap,False
2021,7,raikkonen,RAI,Kimi,Räikkönen,alfa,Alfa Romeo,17,17,0.0,52,+1 Lap,False
2021,7,latifi,LAT,Nicholas,Latifi,williams,Williams,16,18,0.0,52,+1 Lap,False
2021,7,mick_schumacher,MSC,Mick,Schumacher,haas,Haas F1 Team,15,19,0.0,52,+1 Lap,False
2021,7,mazepin,MAZ,Nikita,Mazepin,haas,Haas F1 Team,18,20,0.0,52,+1 Lap,False
2021,8,max_verstappen,VER,Max,Verstappen,red_bull,Red Bull,1,1,25.0,71,Finished,False
2021,8,hamilton,HAM,Lewis,Hamilton,mercedes,Mercedes,2,2,19.0,71,Finished,False
2021,8,bottas,BOT,Valtteri,Bottas,mercedes,Mercedes,5,3,15.0,71,Finished,False
2021,8,perez,PER,Sergio,Pérez,red_bull,Red Bull,4,4,12.0,71,Finished,False
2021,8,norris,NOR,Lando,Norris,mclaren,McLaren,3,5,10.0,70,+1 Lap,False
2021,8,sainz,SAI,Carlos,Sainz,ferrari,Ferrari,12,6,8.0,70,+1 Lap,False
2021,8,leclerc,LEC,Charles,Leclerc,ferrari,Ferrari,7,7,6.0,70,+1 Lap,False
2021,8,stroll,STR,Lance,Stroll,aston_martin,Aston Martin,9,8,4.0,70,+1 Lap,False
2021,8,alonso,ALO,Fernando,Alonso,alpine,Alpine F1 Team,8,9,2.0,70,+1 Lap,False
2021,8,tsunoda,TSU,Yuki,Tsunoda,alphatauri,AlphaTauri,11,10,1.0,70,+1 Lap,False
2021,8,raikkonen,RAI,Kimi,Räikkönen,alfa,Alfa Romeo,18,11,0.0,70,+1 Lap,False
2021,8,vettel,VET,Sebastian,Vettel,aston_martin,Aston Martin,14,12,0.0,70,+1 Lap,False
2021,8,ricciardo,RIC,Daniel,Ricciardo,mclaren,McLaren,13,13,0.0,70,+1 Lap,False
2021,8,ocon,OCO,Esteban,Ocon,alpine,Alpine F1 Team,17,14,0.0,70,+1 Lap,False
2021,8,giovinazzi,GIO,Antonio,Giovinazzi,alfa,Alfa Romeo,15,15,0.0,70,+1 Lap,False
2021,8,mick_schumacher,MSC,Mick,Schumacher,haas,Haas F1 Team,19,16,0.0,69,+2 Laps,False
2021,8,latifi,LAT,Nicholas,Latifi,williams,Williams,16,17,0.0,68,+3 Laps,False
2021,8,mazepin,MAZ,Nikita,Mazepin,haas,Haas F1 Team,20,18,0.0,68,+3 Laps,False
2021,8,russell,RUS,George,Russell,williams,Williams,10,19,0.0,36,Engine,True
2021,8,gasly,GAS,Pierre,Gasly,alphatauri,AlphaTauri,6,20,0.0,1,Collision,True
2021,9,max_verstappen,VER,Max,Verstappen,red_bull,Red Bull,1,1,26.0,71,Finished,False
2021,9,bottas,BOT,Valtteri,Bottas,mercedes,Mercedes,5,2,18.0,71,Finished,False
2021,9,norris,NOR,Lando,Norris,mclaren,McLaren,2,3,15.0,71,Finished,False
2021,9,hamilton,HAM,Lewis,Hamilton,mercedes,Mercedes,4,4,12.0,71,Finished,False
2021,9,sainz,SAI,Carlos,Sainz,ferrari,Ferrari,10,5,10.0,71,Finished,False
2021,9,perez,PER,Sergio,Pérez,red_bull,Red Bull,3,6,8.0,71,Finished,False
2021,9,ricciardo,RIC,Daniel,Ricciardo,mclaren,McLaren,13,7,6.0,71,Finished,False
2021,9,leclerc,LEC,Charles,Leclerc,ferrari,Ferrari,12,8,4.0,71,Finished,False
2021,9,gasly,GAS,Pierre,Gasly,alphatauri,AlphaTauri,6,9,2.0,71,Finished,False
2021,9,alonso,ALO,Fernando,Alonso,alpine,Alpine F1 Team,14,10,1.0,70,+1 Lap,False
2021,9,russell,RUS,George,Russell,williams,Williams,8,11,0.0,70,+1 Lap,False
2021,9,tsunoda,TSU,Yuki,Tsunoda,alphatauri,AlphaTauri,7,12,0.0,70,+1 Lap,False
2021,9,stroll,STR,Lance,Stroll,aston_martin,Aston Martin,9,13,0.0,70,+1 Lap,False
2021,9,giovinazzi,GIO,Antonio,Giovinazzi,alfa,Alfa Romeo,15,14,0.0,70,+1 Lap,False
2021,9,raikkonen,RAI,Kimi,Räikkönen,alfa,Alfa Romeo,16,15,0.0,70,+1 Lap,False
2021,9,latifi,LAT,Nicholas,Latifi,williams,Williams,18,16,0.0,70,+1 Lap,False
2021,9,vettel,VET,Sebastian,Vettel,aston_martin,Aston Martin,11,17,0.0,69,Collision,True
2021,9,mick_schumacher,MSC,Mick,Schumacher,haas,Haas F1 Team,19,18,0.0,69,+2 Laps,False
2021,9,mazepin,MAZ,Nikita,Mazepin,haas,Haas F1 Team,20,19,0.0,69,+2 Laps,False
2021,9,ocon,OCO,Esteban,Ocon,alpine,Alpine F1 Team,17,20,0.0,0,Collision,True
2021,10,hamilton,HAM,Lewis,Hamilton,mercedes,Mercedes,2,1,25.0,52,Finished,False
2021,10,leclerc,LEC,Charles,Leclerc,ferrari,Ferrari,4,2,18.0,52,Finished,False
2021,10,bottas,BOT,Valtteri,Bottas,mercedes,Mercedes,3,3,15.0,52,Finished,False
2021,10,norris,NOR,Lando,Norris,mclaren,McLaren,5,4,12.0,52,Finished,False
2021,10,ricciardo,RIC,Daniel,Ricciardo,mclaren,McLaren,6,5,10.0,52,Finished,False
2021,10,sainz,SAI,Carlos,Sainz,ferrari,Ferrari,10,6,8.0,52,Finished,False
2021,10,alonso,ALO,Fernando,Alonso,alpine,Alpine F1 Team,7,7,6.0,52,Finished,False
2021,10,stroll,STR,Lance,Stroll,aston_martin,Aston Martin,14,8,4.0,52,Finished,False
2021,10,ocon,OCO,Esteban,Ocon,alpine,Alpine F1 Team,9,9,2.0,52,Finished,False
2021,10,tsunoda,TSU,Yuki,Tsunoda,alphatauri,AlphaTauri,16,10,1.0,52,Finished,False
2021,10,gasly,GAS,Pierre,Gasly,alphatauri,AlphaTauri,11,11,0.0,52,Finished,False
2021,10,russell,RUS,George,Russell,williams,Williams,12,12,0.0,51,+1 Lap,False
2021,10,giovinazzi,GIO,Antonio,Giovinazzi,alfa,Alfa Romeo,15,13,0.0,51,+1 Lap,False
2021,10,latifi,LAT,Nicholas,Latifi,williams,Williams,17,14,0.0,51,+1 Lap,False
2021,10,raikkonen,RAI,Kimi,Räikkönen,alfa,Alfa Romeo,13,15,0.0,51,+1 Lap,False
2021,10,perez,PER,Sergio,Pérez,red_bull,Red Bull,0,16,0.0,51,+1 Lap,False
2021,10,mazepin,MAZ,Nikita,Mazepin,haas,Haas F1 Team,19,17,0.0,51,+1 Lap,False
2021,10,mick_schumacher,MSC,Mick,Schumacher,haas,Haas F1 Team,18,18,0.0,51,+1 Lap,False
2021,10,vettel,VET,Sebastian,Vettel,aston_martin,Aston Martin,8,19,0.0,40,Retired,True
2021,10,max_verstappen,VER,Max,Verstappen,red_bull,Red Bull,1,20,0.0,0,Collision,True
2021,11,ocon,OCO,Esteban,Ocon,alpine,Alpine F1 Team,8,1,25.0,70,Finished,False
2021,11,hamilton,HAM,Lewis,Hamilton,mercedes,Mercedes,1,2,18.0,70,Finished,False
2021,11,sainz,SAI,Carlos,Sainz,ferrari,Ferrari,15,3,15.0,70,Finished,False
2021,11,alonso,ALO,Fernando,Alonso,alpine,Alpine F1 Team,9,4,12.0,70,Finished,False
2021,11,gasly,GAS,Pierre,Gasly,alphatauri,AlphaTauri,5,5,11.0,70,Finished,False
2021,11,tsunoda,TSU,Yuki,Tsunoda,alphatauri,AlphaTauri,16,6,8.0,70,Finished,False
2021,11,latifi,LAT,Nicholas,Latifi,williams,Williams,18,7,6.0,70,Finished,False
2021,11,russell,RUS,George,Russell,williams,Williams,17,8,4.0,70,Finished,False
2021,11,max_verstappen,VER,Max,Verstappen,red_bull,Red Bull,3,9,2.0,70,Finished,False
2021,11,raikkonen,RAI,Kimi,Räikkönen,alfa,Alfa Romeo,13,10,1.0,69,+1 Lap,False
2021,11,ricciardo,RIC,Daniel,Ricciardo,mclaren,McLaren,11,11,0.0,69,+1 Lap,False
2021,11,mick_schumacher,MSC,Mick,Schumacher,haas,Haas F1 Team,20,12,0.0,69,+1 Lap,False
2021,11,giovinazzi,GIO,Antonio,Giovinazzi,alfa,Alfa Romeo,0,13,0.0,69,+1 Lap,False
2021,11,mazepin,MAZ,Nikita,Mazepin,haas,Haas F1 Team,19,14,0.0,3,Collision,True
2021,11,norris,NOR,Lando,Norris,mclaren,McLaren,6,15,0.0,2,Collision,True
2021,11,bottas,BOT,Valtteri,Bottas,mercedes,Mercedes,2,16,0.0,0,Collision,True
2021,11,perez,PER,Sergio,Pérez,red_bull,Red Bull,4,17,0.0,0,Collision,True
2021,11,leclerc,LEC,Charles,Leclerc,ferrari,Ferrari,7,18,0.0,0,Collision,True
2021,11,stroll,STR,Lance,Stroll,aston_martin,Aston Martin,12,19,0.0,0,Collision,True
2021,11,vettel,VET,Sebastian,Vettel,aston_martin,Aston Martin,10,20,0.0,70,Disqualified,True
2021,12,max_verstappen,VER,Max,Verstappen,red_bull,Red Bull,1,1,12.5,1,Finished,False
2021,12,russell,RUS,George,Russell,williams,Williams,2,2,9.0,1,Finished,False
2021,12,hamilton,HAM,Lewis,Hamilton,mercedes,Mercedes,3,3,7.5,1,Finished,False
2021,12,ricciardo,RIC,Daniel,Ricciardo,mclaren,McLaren,4,4,6.0,1,Finished,False
2021,12,vettel,VET,Sebastian,Vettel,aston_martin,Aston Martin,5,5,5.0,1,Finished,False
2021,12,gasly,GAS,Pierre,Gasly,alphatauri,AlphaTauri,6,6,4.0,1,Finished,False
2021,12,ocon,OCO,Esteban,Ocon,alpine,Alpine F1 Team,8,7,3.0,1,Finished,False
2021,12,leclerc,LEC,Charles,Leclerc,ferrari,Ferrari,9,8,2.0,1,Finished,False
2021,12,latifi,LAT,Nicholas,Latifi,williams,Williams,10,9,1.0,1,Finished,False
2021,12,sainz,SAI,Carlos,Sainz,ferrari,Ferrari,11,10,0.5,1,Finished,False
2021,12,alonso,ALO,Fernando,Alonso,alpine,Alpine F1 Team,12,11,0.0,1,Finished,False
2021,12,bottas,BOT,Valtteri,Bottas,mercedes,Mercedes,13,12,0.0,1,Finished,False
2021,12,giovinazzi,GIO,Antonio,Giovinazzi,alfa,Alfa Romeo,14,13,0.0,1,Finished,False
2021,12,norris,NOR,Lando,Norris,mclaren,McLaren,15,14,0.0,1,Finished,False
2021,12,tsunoda,TSU,Yuki,Tsunoda,alphatauri,AlphaTauri,16,15,0.0,1,Finished,False
2021,12,mick_schumacher,MSC,Mick,Schumacher,haas,Haas F1 Team,17,16,0.0,1,Finished,False
2021,12,mazepin,MAZ,Nikita,Mazepin,haas,Haas F1 Team,18,17,0.0,1,Finished,False
2021,12,raikkonen,RAI,Kimi,Räikkönen,alfa,Alfa Romeo,0,18,0.0,1,Finished,False
2021,12,perez,PER,Sergio,Pérez,red_bull,Red Bull,0,19,0.0,1,Finished,False
2021,12,stroll,STR,Lance,Stroll,aston_martin,Aston Martin,19,20,0.0,1,Finished,False
2021,13,max_verstappen,VER,Max,Verstappen,red_bull,Red Bull,1,1,25.0,72,Finished,False
2021,13,hamilton,HAM,Lewis,Hamilton,mercedes,Mercedes,2,2,19.0,72,Finished,False
2021,13,bottas,BOT,Valtteri,Bottas,mercedes,Mercedes,3,3,15.0,72,Finished,False
2021,13,gasly,GAS,Pierre,Gasly,alphatauri,AlphaTauri,4,4,12.0,71,+1 Lap,False
2021,13,leclerc,LEC,Charles,Leclerc,ferrari,Ferrari,5,5,10.0,71,+1 Lap,False
2021,13,alonso,ALO,Fernando,Alonso,alpine,Alpine F1 Team,9,6,8.0,71,+1 Lap,False
2021,13,sainz,SAI,Carlos,Sainz,ferrari,Ferrari,6,7,6.0,71,+1 Lap,False
2021,13,perez,PER,Sergio,Pérez,red_bull,Red Bull,0,8,4.0,71,+1 Lap,False
2021,13,ocon,OCO,Esteban,Ocon,alpine,Alpine F1 Team,8,9,2.0,71,+1 Lap,False
2021,13,norris,NOR,Lando,Norris,mclaren,McLaren,13,10,1.0,71,+1 Lap,False
2021,13,ricciardo,RIC,Daniel,Ricciardo,mclaren,McLaren,10,11,0.0,71,+1 Lap,False
2021,13,stroll,STR,Lance,Stroll,aston_martin,Aston Martin,12,12,0.0,70,+2 Laps,False
2021,13,vettel,VET,Sebastian,Vettel,aston_martin,Aston Martin,15,13,0.0,70,+2 Laps,False
2021,13,giovinazzi,GIO,Antonio,Giovinazzi,alfa,Alfa Romeo,7,14,0.0,70,+2 Laps,False
2021,13,kubica,KUB,Robert,Kubica,alfa,Alfa Romeo,16,15,0.0,70,+2 Laps,False
2021,13,latifi,LAT,Nicholas,Latifi,williams,Williams,0,16,0.0,70,+2 Laps,False
2021,13,russell,RUS,George,Russell,williams,Williams,11,17,0.0,69,Gearbox,True
2021,13,mick_schumacher,MSC,Mick,Schumacher,haas,Haas F1 Team,17,18,0.0,69,+3 Laps,False
2021,13,tsunoda,TSU,Yuki,Tsunoda,alphatauri,AlphaTauri,14,19,0.0,48,Power Unit,True
2021,13,mazepin,MAZ,Nikita,Mazepin,haas,Haas F1 Team,18,20,0.0,41,Hydraulics,True
2021,14,ricciardo,RIC,Daniel,Ricciardo,mclaren,McLaren,2,1,26.0,53,Finished,False
2021,14,norris,NOR,Lando,Norris,mclaren,McLaren,3,2,18.0,53,Finished,False
2021,14,bottas,BOT,Valtteri,Bottas,mercedes,Mercedes,19,3,15.0,53,Finished,False
2021,14,leclerc,LEC,Charles,Leclerc,ferrari,Ferrari,5,4,12.0,53,Finished,False
2021,14,perez,PER,Sergio,Pérez,red_bull,Red Bull,8,5,10.0,53,Finished,False
2021,14,sainz,SAI,Carlos,Sainz,ferrari,Ferrari,6,6,8.0,53,Finished,False
2021,14,stroll,STR,Lance,Stroll,aston_martin,Aston Martin,9,7,6.0,53,Finished,False
2021,14,alonso,ALO,Fernando,Alonso,alpine,Alpine F1 Team,10,8,4.0,53,Finished,False
2021,14,russell,RUS,George,Russell,williams,Williams,14,9,2.0,53,Finished,False
2021,14,ocon,OCO,Esteban,Ocon,alpine,Alpine F1 Team,12,10,1.0,53,Finished,False
2021,14,latifi,LAT,Nicholas,Latifi,williams,Williams,13,11,0.0,53,Finished,False
2021,14,vettel,VET,Sebastian,Vettel,aston_martin,Aston Martin,11,12,0.0,53,Finished,False
2021,14,giovinazzi,GIO,Antonio,Giovinazzi,alfa,Alfa Romeo,7,13,0.0,53,Finished,False
2021,14,kubica,KUB,Robert,Kubica,alfa,Alfa Romeo,17,14,0.0,53,Finished,False
2021,14,mick_schumacher,MSC,Mick,Schumacher,haas,Haas F1 Team,18,15,0.0,53,Finished,False
2021,14,mazepin,MAZ,Nikita,Mazepin,haas,Haas F1 Team,16,16,0.0,41,Power Unit,True
2021,14,hamilton,HAM,Lewis,Hamilton,mercedes,Mercedes,4,17,0.0,25,Collision,True
2021,14,max_verstappen,VER,Max,Verstappen,red_bull,Red Bull,1,18,0.0,25,Collision,True
2021,14,gasly,GAS,Pierre,Gasly,alphatauri,AlphaTauri,0,19,0.0,3,Suspension,True
2021,14,tsunoda,TSU,Yuki,Tsunoda,alphatauri,AlphaTauri,0,20,0.0,0,Brakes,True
2021,15,hamilton,HAM,Lewis,Hamilton,mercedes,Mercedes,4,1,25.0,53,Finished,False
2021,15,max_verstappen,VER,Max,Verstappen,red_bull,Red Bull,20,2,18.0,53,Finished,False
2021,15,sainz,SAI,Carlos,Sainz,ferrari,Ferrari,2,3,15.0,53,Finished,False
2021,15,ricciardo,RIC,Daniel,Ricciardo,mclaren,McLaren,5,4,12.0,53,Finished,False
2021,15,bottas,BOT,Valtteri,Bottas,mercedes,Mercedes,16,5,10.0,53,Finished,False
2021,15,alonso,ALO,Fernando,Alonso,alpine,Alpine F1 Team,6,6,8.0,53,Finished,False
2021,15,norris,NOR,Lando,Norris,mclaren,McLaren,1,7,7.0,53,Finished,False
2021,15,raikkonen,RAI,Kimi,Räikkönen,alfa,Alfa Romeo,13,8,4.0,53,Finished,False
2021,15,perez,PER,Sergio,Pérez,red_bull,Red Bull,8,9,2.0,53,Finished,False
2021,15,russell,RUS,George,Russell,williams,Williams,3,10,1.0,53,Finished,False
2021,15,stroll,STR,Lance,Stroll,aston_martin,Aston Martin,7,11,0.0,53,Finished,False
2021,15,vettel,VET,Sebastian,Vettel,aston_martin,Aston Martin,10,12,0.0,52,+1 Lap,False
2021,15,gasly,GAS,Pierre,Gasly,alphatauri,AlphaTauri,11,13,0.0,52,+1 Lap,False
2021,15,ocon,OCO,Esteban,Ocon,alpine,Alpine F1 Team,9,14,0.0,52,+1 Lap,False
2021,15,leclerc,LEC,Charles,Leclerc,ferrari,Ferrari,19,15,0.0,52,+1 Lap,False
2021,15,giovinazzi,GIO,Antonio,Giovinazzi,alfa,Alfa Romeo,17,16,0.0,52,+1 Lap,False
2021,15,tsunoda,TSU,Yuki,Tsunoda,alphatauri,AlphaTauri,12,17,0.0,52,+1 Lap,False
2021,15,mazepin,MAZ,Nikita,Mazepin,haas,Haas F1 Team,15,18,0.0,51,+2 Laps,False
2021,15,latifi,LAT,Nicholas,Latifi,williams,Williams,18,19,0.0,47,Accident,True
2021,15,mick_schumacher,MSC,Mick,Schumacher,haas,Haas F1 Team,14,20,0.0,32,Oil leak,True
2021,16,bottas,BOT,Valtteri,Bottas,mercedes,Mercedes,1,1,26.0,58,Finished,False
2021,16,max_verstappen,VER,Max,Verstappen,red_bull,Red Bull,2,2,18.0,58,Finished,False
2021,16,perez,PER,Sergio,Pérez,red_bull,Red Bull,6,3,15.0,58,Finished,False
2021,16,leclerc,LEC,Charles,Leclerc,ferrari,Ferrari,3,4,12.0,58,Finished,False
2021,16,hamilton,HAM,Lewis,Hamilton,mercedes,Mercedes,11,5,10.0,58,Finished,False
2021,16,gasly,GAS,Pierre,Gasly,alphatauri,AlphaTauri,4,6,8.0,58,Finished,False
2021,16,norris,NOR,Lando,Norris,mclaren,McLaren,7,7,6.0,58,Finished,False
2021,16,sainz,SAI,Carlos,Sainz,ferrari,Ferrari,19,8,4.0,58,Finished,False
2021,16,stroll,STR,Lance,Stroll,aston_martin,Aston Martin,8,9,2.0,58,Finished,False
2021,16,ocon,OCO,Esteban,Ocon,alpine,Alpine F1 Team,12,10,1.0,57,+1 Lap,False
2021,16,giovinazzi,GIO,Antonio,Giovinazzi,alfa,Alfa Romeo,16,11,0.0,57,+1 Lap,False
2021,16,raikkonen,RAI,Kimi,Räikkönen,alfa,Alfa Romeo,17,12,0.0,57,+1 Lap,False
2021,16,ricciardo,RIC,Daniel,Ricciardo,mclaren,McLaren,20,13,0.0,57,+1 Lap,False
2021,16,tsunoda,TSU,Yuki,Tsunoda,alphatauri,AlphaTauri,9,14,0.0,57,+1 Lap,False
2021,16,russell,RUS,George,Russell,williams,Williams,13,15,0.0,57,+1 Lap,False
2021,16,alonso,ALO,Fernando,Alonso,alpine,Alpine F1 Team,5,16,0.0,57,+1 Lap,False
2021,16,latifi,LAT,Nicholas,Latifi,williams,Williams,15,17,0.0,57,+1 Lap,False
2021,16,vettel,VET,Sebastian,Vettel,aston_martin,Aston Martin,10,18,0.0,57,+1 Lap,False
2021,16,mick_schumacher,MSC,Mick,Schumacher,haas,Haas F1 Team,14,19,0.0,56,+2 Laps,False
2021,16,mazepin,MAZ,Nikita,Mazepin,haas,Haas F1 Team,18,20,0.0,56,+2 Laps,False
2021,17,max_verstappen,VER,Max,Verstappen,red_bull,Red Bull,1,1,25.0,56,Finished,False
2021,17,hamilton,HAM,Lewis,Hamilton,mercedes,Mercedes,2,2,19.0,56,Finished,False
2021,17,perez,PER,Sergio,Pérez,red_bull,Red Bull,3,3,15.0,56,Finished,False
2021,17,leclerc,LEC,Charles,Leclerc,ferrari,Ferrari,4,4,12.0,56,Finished,False
2021,17,ricciardo,RIC,Daniel,Ricciardo,mclaren,McLaren,6,5,10.0,56,Finished,False
2021,17,bottas,BOT,Valtteri,Bottas,mercedes,Mercedes,9,6,8.0,56,Finished,False
2021,17,sainz,SAI,Carlos,Sainz,ferrari,Ferrari,5,7,6.0,56,Finished,False
2021,17,norris,NOR,Lando,Norris,mclaren,McLaren,7,8,4.0,56,Finished,False
2021,17,tsunoda,TSU,Yuki,Tsunoda,alphatauri,AlphaTauri,10,9,2.0,55,+1 Lap,False
2021,17,vettel,VET,Sebastian,Vettel,aston_martin,Aston Martin,18,10,1.0,55,+1 Lap,False
2021,17,giovinazzi,GIO,Antonio,Giovinazzi,alfa,Alfa Romeo,12,11,0.0,55,+1 Lap,False
2021,17,stroll,STR,Lance,Stroll,aston_martin,Aston Martin,13,12,0.0,55,+1 Lap,False
2021,17,raikkonen,RAI,Kimi,Räikkönen,alfa,Alfa Romeo,15,13,0.0,55,+1 Lap,False
2021,17,russell,RUS,George,Russell,williams,Williams,20,14,0.0,55,+1 Lap,False
2021,17,latifi,LAT,Nicholas,Latifi,williams,Williams,14,15,0.0,55,+1 Lap,False
2021,17,mick_schumacher,MSC,Mick,Schumacher,haas,Haas F1 Team,16,16,0.0,54,+2 Laps,False
2021,17,mazepin,MAZ,Nikita,Mazepin,haas,Haas F1 Team,17,17,0.0,54,+2 Laps,False
2021,17,alonso,ALO,Fernando,Alonso,alpine,Alpine F1 Team,19,18,0.0,49,Rear wing,True
2021,17,ocon,OCO,Esteban,Ocon,alpine,Alpine F1 Team,11,19,0.0,40,Mechanical,True
2021,17,gasly,GAS,Pierre,Gasly,alphatauri,AlphaTauri,8,20,0.0,14,Suspension,True
2021,18,max_verstappen,VER,Max,Verstappen,red_bull,Red Bull,3,1,25.0,71,Finished,False
2021,18,hamilton,HAM,Lewis,Hamilton,mercedes,Mercedes,2,2,18.0,71,Finished,False
2021,18,perez,PER,Sergio,Pérez,red_bull,Red Bull,4,3,15.0,71,Finished,False
2021,18,gasly,GAS,Pierre,Gasly,alphatauri,AlphaTauri,5,4,12.0,71,Finished,False
2021,18,leclerc,LEC,Charles,Leclerc,ferrari,Ferrari,8,5,10.0,71,Finished,False
2021,18,sainz,SAI,Carlos,Sainz,ferrari,Ferrari,6,6,8.0,70,+1 Lap,False
2021,18,vettel,VET,Sebastian,Vettel,aston_martin,Aston Martin,9,7,6.0,70,+1 Lap,False
2021,18,raikkonen,RAI,Kimi,Räikkönen,alfa,Alfa Romeo,10,8,4.0,70,+1 Lap,False
2021,18,alonso,ALO,Fernando,Alonso,alpine,Alpine F1 Team,12,9,2.0,70,+1 Lap,False
2021,18,norris,NOR,Lando,Norris,mclaren,McLaren,18,10,1.0,70,+1 Lap,False
2021,18,giovinazzi,GIO,Antonio,Giovinazzi,alfa,Alfa Romeo,11,11,0.0,70,+1 Lap,False
2021,18,ricciardo,RIC,Daniel,Ricciardo,mclaren,McLaren,7,12,0.0,70,+1 Lap,False
2021,18,ocon,OCO,Esteban,Ocon,alpine,Alpine F1 Team,19,13,0.0,70,+1 Lap,False
2021,18,stroll,STR,Lance,Stroll,aston_martin,Aston Martin,20,14,0.0,69,+2 Laps,False
2021,18,bottas,BOT,Valtteri,Bottas,mercedes,Mercedes,1,15,0.0,69,+2 Laps,False
2021,18,russell,RUS,George,Russell,williams,Williams,16,16,0.0,69,+2 Laps,False
2021,18,latifi,LAT,Nicholas,Latifi,williams,Williams,13,17,0.0,69,+2 Laps,False
2021,18,mazepin,MAZ,Nikita,Mazepin,haas,Haas F1 Team,15,18,0.0,68,+3 Laps,False
2021,18,mick_schumacher,MSC,Mick,Schumacher,haas,Haas F1 Team,14,19,0.0,0,Collision,True
2021,18,tsunoda,TSU,Yuki,Tsunoda,alphatauri,AlphaTauri,17,20,0.0,0,Collision,True
2021,19,hamilton,HAM,Lewis,Hamilton,mercedes,Mercedes,10,1,25.0,71,Finished,False
2021,19,max_verstappen,VER,Max,Verstappen,red_bull,Red Bull,2,2,18.0,71,Finished,False
2021,19,bottas,BOT,Valtteri,Bottas,mercedes,Mercedes,1,3,15.0,71,Finished,False
2021,19,perez,PER,Sergio,Pérez,red_bull,Red Bull,4,4,13.0,71,Finished,False
2021,19,leclerc,LEC,Charles,Leclerc,ferrari,Ferrari,6,5,10.0,71,Finished,False
2021,19,sainz,SAI,Carlos,Sainz,ferrari,Ferrari,3,6,8.0,71,Finished,False
2021,19,gasly,GAS,Pierre,Gasly,alphatauri,AlphaTauri,7,7,6.0,70,+1 Lap,False
2021,19,ocon,OCO,Esteban,Ocon,alpine,Alpine F1 Team,8,8,4.0,70,+1 Lap,False
2021,19,alonso,ALO,Fernando,Alonso,alpine,Alpine F1 Team,12,9,2.0,70,+1 Lap,False
2021,19,norris,NOR,Lando,Norris,mclaren,McLaren,5,10,1.0,70,+1 Lap,False
2021,19,vettel,VET,Sebastian,Vettel,aston_martin,Aston Martin,9,11,0.0,70,+1 Lap,False
2021,19,raikkonen,RAI,Kimi,Räikkönen,alfa,Alfa Romeo,0,12,0.0,70,+1 Lap,False
2021,19,russell,RUS,George,Russell,williams,Williams,17,13,0.0,70,+1 Lap,False
2021,19,giovinazzi,GIO,Antonio,Giovinazzi,alfa,Alfa Romeo,13,14,0.0,70,+1 Lap,False
2021,19,tsunoda,TSU,Yuki,Tsunoda,alphatauri,AlphaTauri,15,15,0.0,70,+1 Lap,False
2021,19,latifi,LAT,Nicholas,Latifi,williams,Williams,16,16,0.0,70,+1 Lap,False
2021,19,mazepin,MAZ,Nikita,Mazepin,haas,Haas F1 Team,19,17,0.0,69,+2 Laps,False
2021,19,mick_schumacher,MSC,Mick,Schumacher,haas,Haas F1 Team,18,18,0.0,69,+2 Laps,False
2021,19,ricciardo,RIC,Daniel,Ricciardo,mclaren,McLaren,11,19,0.0,49,Power loss,True
2021,19,stroll,STR,Lance,Stroll,aston_martin,Aston Martin,14,20,0.0,47,Collision damage,True
2021,20,hamilton,HAM,Lewis,Hamilton,mercedes,Mercedes,1,1,25.0,57,Finished,False
2021,20,max_verstappen,VER,Max,Verstappen,red_bull,Red Bull,7,2,19.0,57,Finished,False
2021,20,alonso,ALO,Fernando,Alonso,alpine,Alpine F1 Team,3,3,15.0,57,Finished,False
2021,20,perez,PER,Sergio,Pérez,red_bull,Red Bull,11,4,12.0,57,Finished,False
2021,20,ocon,OCO,Esteban,Ocon,alpine,Alpine F1 Team,9,5,10.0,57,Finished,False
2021,20,stroll,STR,Lance,Stroll,aston_martin,Aston Martin,12,6,8.0,57,Finished,False
2021,20,sainz,SAI,Carlos,Sainz,ferrari,Ferrari,5,7,6.0,57,Finished,False
2021,20,leclerc,LEC,Charles,Leclerc,ferrari,Ferrari,13,8,4.0,57,Finished,False
2021,20,norris,NOR,Lando,Norris,mclaren,McLaren,4,9,2.0,56,+1 Lap,False
2021,20,vettel,VET,Sebastian,Vettel,aston_martin,Aston Martin,10,10,1.0,56,+1 Lap,False
2021,20,gasly,GAS,Pierre,Gasly,alphatauri,AlphaTauri,2,11,0.0,56,+1 Lap,False
2021,20,ricciardo,RIC,Daniel,Ricciardo,mclaren,McLaren,14,12,0.0,56,+1 Lap,False
2021,20,tsunoda,TSU,Yuki,Tsunoda,alphatauri,AlphaTauri,8,13,0.0,56,+1 Lap,False
2021,20,raikkonen,RAI,Kimi,Räikkönen,alfa,Alfa Romeo,16,14,0.0,56,+1 Lap,False
2021,20,giovinazzi,GIO,Antonio,Giovinazzi,alfa,Alfa Romeo,18,15,0.0,56,+1 Lap,False
2021,20,mick_schumacher,MSC,Mick,Schumacher,haas,Haas F1 Team,19,16,0.0,56,+1 Lap,False
2021,20,russell,RUS,George,Russell,williams,Williams,15,17,0.0,55,+2 Laps,False
2021,20,mazepin,MAZ,Nikita,Mazepin,haas,Haas F1 Team,20,18,0.0,55,+2 Laps,False
2021,20,latifi,LAT,Nicholas,Latifi,williams,Williams,17,19,0.0,50,Puncture,True
2021,20,bottas,BOT,Valtteri,Bottas,mercedes,Mercedes,6,20,0.0,48,Damage,True
2021,21,hamilton,HAM,Lewis,Hamilton,mercedes,Mercedes,1,1,26.0,50,Finished,False
2021,21,max_verstappen,VER,Max,Verstappen,red_bull,Red Bull,3,2,18.0,50,Finished,False
2021,21,bottas,BOT,Valtteri,Bottas,mercedes,Mercedes,2,3,15.0,50,Finished,False
2021,21,ocon,OCO,Esteban,Ocon,alpine,Alpine F1 Team,9,4,12.0,50,Finished,False
2021,21,ricciardo,RIC,Daniel,Ricciardo,mclaren,McLaren,11,5,10.0,50,Finished,False
2021,21,gasly,GAS,Pierre,Gasly,alphatauri,AlphaTauri,6,6,8.0,50,Finished,False
2021,21,leclerc,LEC,Charles,Leclerc,ferrari,Ferrari,4,7,6.0,50,Finished,False
2021,21,sainz,SAI,Carlos,Sainz,ferrari,Ferrari,15,8,4.0,50,Finished,False
2021,21,giovinazzi,GIO,Antonio,Giovinazzi,alfa,Alfa Romeo,10,9,2.0,50,Finished,False
2021,21,norris,NOR,Lando,Norris,mclaren,McLaren,7,10,1.0,50,Finished,False
2021,21,stroll,STR,Lance,Stroll,aston_martin,Aston Martin,18,11,0.0,50,Finished,False
2021,21,latifi,LAT,Nicholas,Latifi,williams,Williams,16,12,0.0,50,Finished,False
2021,21,alonso,ALO,Fernando,Alonso,alpine,Alpine F1 Team,13,13,0.0,49,+1 Lap,False
2021,21,tsunoda,TSU,Yuki,Tsunoda,alphatauri,AlphaTauri,8,14,0.0,49,+1 Lap,False
2021,21,raikkonen,RAI,Kimi,Räikkönen,alfa,Alfa Romeo,12,15,0.0,49,+1 Lap,False
2021,21,vettel,VET,Sebastian,Vettel,aston_martin,Aston Martin,17,16,0.0,44,Collision damage,True
2021,21,perez,PER,Sergio,Pérez,red_bull,Red Bull,5,17,0.0,14,Collision,True
2021,21,mazepin,MAZ,Nikita,Mazepin,haas,Haas F1 Team,20,18,0.0,14,Collision,True
2021,21,russell,RUS,George,Russell,williams,Williams,14,19,0.0,14,Collision,True
2021,21,mick_schumacher,MSC,Mick,Schumacher,haas,Haas F1 Team,19,20,0.0,8,Accident,True
2021,22,max_verstappen,VER,Max,Verstappen,red_bull,Red Bull,1,1,26.0,58,Finished,False
2021,22,hamilton,HAM,Lewis,Hamilton,mercedes,Mercedes,2,2,18.0,58,Finished,False
2021,22,sainz,SAI,Carlos,Sainz,ferrari,Ferrari,5,3,15.0,58,Finished,False
2021,22,tsunoda,TSU,Yuki,Tsunoda,alphatauri,AlphaTauri,8,4,12.0,58,Finished,False
2021,22,gasly,GAS,Pierre,Gasly,alphatauri,AlphaTauri,12,5,10.0,58,Finished,False
2021,22,bottas,BOT,Valtteri,Bottas,mercedes,Mercedes,6,6,8.0,58,Finished,False
2021,22,norris,NOR,Lando,Norris,mclaren,McLaren,3,7,6.0,58,Finished,False
2021,22,alonso,ALO,Fernando,Alonso,alpine,Alpine F1 Team,11,8,4.0,58,Finished,False
2021,22,ocon,OCO,Esteban,Ocon,alpine,Alpine F1 Team,9,9,2.0,58,Finished,False
2021,22,leclerc,LEC,Charles,Leclerc,ferrari,Ferrari,7,10,1.0,58,Finished,False
2021,22,vettel,VET,Sebastian,Vettel,aston_martin,Aston Martin,15,11,0.0,58,Finished,False
2021,22,ricciardo,RIC,Daniel,Ricciardo,mclaren,McLaren,10,12,0.0,57,+1 Lap,False
2021,22,stroll,STR,Lance,Stroll,aston_martin,Aston Martin,13,13,0.0,57,+1 Lap,False
2021,22,mick_schumacher,MSC,Mick,Schumacher,haas,Haas F1 Team,19,14,0.0,57,+1 Lap,False
2021,22,perez,PER,Sergio,Pérez,red_bull,Red Bull,4,15,0.0,55,Engine,True
2021,22,latifi,LAT,Nicholas,Latifi,williams,Williams,16,16,0.0,50,Accident,True
2021,22,giovinazzi,GIO,Antonio,Giovinazzi,alfa,Alfa Romeo,14,17,0.0,33,Gearbox,True
2021,22,russell,RUS,George,Russell,williams,Williams,17,18,0.0,26,Gearbox,True
2021,22,raikkonen,RAI,Kimi,Räikkönen,alfa,Alfa Romeo,18,19,0.0,25,Brakes,True
2021,22,mazepin,MAZ,Nikita,Mazepin,haas,Haas F1 Team,20,20,0.0,0,Illness,True
2022,1,leclerc,LEC,Charles,Leclerc,ferrari,Ferrari,1,1,26.0,57,Finished,False
2022,1,sainz,SAI,Carlos,Sainz,ferrari,Ferrari,3,2,18.0,57,Finished,False
2022,1,hamilton,HAM,Lewis,Hamilton,mercedes,Mercedes,5,3,15.0,57,Finished,False
2022,1,russell,RUS,George,Russell,mercedes,Mercedes,9,4,12.0,57,Finished,False
2022,1,kevin_magnussen,MAG,Kevin,Magnussen,haas,Haas F1 Team,7,5,10.0,57,Finished,False
2022,1,bottas,BOT,Valtteri,Bottas,alfa,Alfa Romeo,6,6,8.0,57,Finished,False
2022,1,ocon,OCO,Esteban,Ocon,alpine,Alpine F1 Team,11,7,6.0,57,Finished,False
2022,1,tsunoda,TSU,Yuki,Tsunoda,alphatauri,AlphaTauri,16,8,4.0,57,Finished,False
2022,1,alonso,ALO,Fernando,Alonso,alpine,Alpine F1 Team,8,9,2.0,57,Finished,False
2022,1,zhou,ZHO,Guanyu,Zhou,alfa,Alfa Romeo,15,10,1.0,57,Finished,False
2022,1,mick_schumacher,MSC,Mick,Schumacher,haas,Haas F1 Team,12,11,0.0,57,Finished,False
2022,1,stroll,STR,Lance,Stroll,aston_martin,Aston Martin,19,12,0.0,57,Finished,False
2022,1,albon,ALB,Alexander,Albon,williams,Williams,14,13,0.0,57,Finished,False
2022,1,ricciardo,RIC,Daniel,Ricciardo,mclaren,McLaren,18,14,0.0,57,Finished,False
2022,1,norris,NOR,Lando,Norris,mclaren,McLaren,13,15,0.0,57,Finished,False
2022,1,latifi,LAT,Nicholas,Latifi,williams,Williams,20,16,0.0,57,Finished,False
2022,1,hulkenberg,HUL,Nico,Hülkenberg,aston_martin,Aston Martin,17,17,0.0,57,Finished,False
2022,1,perez,PER,Sergio,Pérez,red_bull,Red Bull,4,18,0.0,56,Fuel pressure,True
2022,1,max_verstappen,VER,Max,Verstappen,red_bull,Red Bull,2,19,0.0,54,Fuel pressure,True
2022,1,gasly,GAS,Pierre,Gasly,alphatauri,AlphaTauri,10,20,0.0,44,Power Unit,True
2022,2,max_verstappen,VER,Max,Verstappen,red_bull,Red Bull,4,1,25.0,50,Finished,False
2022,2,leclerc,LEC,Charles,Leclerc,ferrari,Ferrari,2,2,19.0,50,Finished,False
2022,2,sainz,SAI,Carlos,Sainz,ferrari,Ferrari,3,3,15.0,50,Finished,False
2022,2,perez,PER,Sergio,Pérez,red_bull,Red Bull,1,4,12.0,50,Finished,False
2022,2,russell,RUS,George,Russell,mercedes,Mercedes,6,5,10.0,50,Finished,False
2022,2,ocon,OCO,Esteban,Ocon,alpine,Alpine F1 Team,5,6,8.0,50,Finished,False
2022,2,norris,NOR,Lando,Norris,mclaren,McLaren,11,7,6.0,50,Finished,False
2022,2,gasly,GAS,Pierre,Gasly,alphatauri,AlphaTauri,9,8,4.0,50,Finished,False
2022,2,kevin_magnussen,MAG,Kevin,Magnussen,haas,Haas F1 Team,10,9,2.0,50,Finished,False
2022,2,hamilton,HAM,Lewis,Hamilton,mercedes,Mercedes,15,10,1.0,50,Finished,False
2022,2,zhou,ZHO,Guanyu,Zhou,alfa,Alfa Romeo,12,11,0.0,50,Finished,False
2022,2,hulkenberg,HUL,Nico,Hülkenberg,aston_martin,Aston Martin,17,12,0.0,50,Finished,False
2022,2,stroll,STR,Lance,Stroll,aston_martin,Aston Martin,13,13,0.0,49,+1 Lap,False
2022,2,albon,ALB,Alexander,Albon,williams,Williams,16,14,0.0,47,Collision damage,True
2022,2,bottas,BOT,Valtteri,Bottas,alfa,Alfa Romeo,8,15,0.0,36,Cooling system,True
2022,2,alonso,ALO,Fernando,Alonso,alpine,Alpine F1 Team,7,16,0.0,35,Water pump,True
2022,2,ricciardo,RIC,Daniel,Ricciardo,mclaren,McLaren,14,17,0.0,35,Gearbox,True
2022,2,latifi,LAT,Nicholas,Latifi,williams,Williams,18,18,0.0,14,Accident,True
2022,2,tsunoda,TSU,Yuki,Tsunoda,alphatauri,AlphaTauri,19,19,0.0,0,Power Unit,True
2022,2,mick_schumacher,MSC,Mick,Schumacher,haas,Haas F1 Team,0,20,0.0,0,Withdrew,True
2022,3,leclerc,LEC,Charles,Leclerc,ferrari,Ferrari,1,1,26.0,58,Finished,False
2022,3,perez,PER,Sergio,Pérez,red_bull,Red Bull,3,2,18.0,58,Finished,False
2022,3,russell,RUS,George,Russell,mercedes,Mercedes,6,3,15.0,58,Finished,False
2022,3,hamilton,HAM,Lewis,Hamilton,mercedes,Mercedes,5,4,12.0,58,Finished,False
2022,3,norris,NOR,Lando,Norris,mclaren,McLaren,4,5,10.0,58,Finished,False
2022,3,ricciardo,RIC,Daniel,Ricciardo,mclaren,McLaren,7,6,8.0,58,Finished,False
2022,3,ocon,OCO,Esteban,Ocon,alpine,Alpine F1 Team,8,7,6.0,58,Finished,False
2022,3,bottas,BOT,Valtteri,Bottas,alfa,Alfa Romeo,12,8,4.0,58,Finished,False
2022,3,gasly,GAS,Pierre,Gasly,alphatauri,AlphaTauri,11,9,2.0,58,Finished,False
2022,3,albon,ALB,Alexander,Albon,williams,Williams,20,10,1.0,58,Finished,False
2022,3,zhou,ZHO,Guanyu,Zhou,alfa,Alfa Romeo,14,11,0.0,58,Finished,False
2022,3,stroll,STR,Lance,Stroll,aston_martin,Aston Martin,19,12,0.0,58,Finished,False
2022,3,mick_schumacher,MSC,Mick,Schumacher,haas,Haas F1 Team,15,13,0.0,57,+1 Lap,False
2022,3,kevin_magnussen,MAG,Kevin,Magnussen,haas,Haas F1 Team,16,14,0.0,57,+1 Lap,False
2022,3,tsunoda,TSU,Yuki,Tsunoda,alphatauri,AlphaTauri,13,15,0.0,57,+1 Lap,False
2022,3,latifi,LAT,Nicholas,Latifi,williams,Williams,18,16,0.0,57,+1 Lap,False
2022,3,alonso,ALO,Fernando,Alonso,alpine,Alpine F1 Team,10,17,0.0,57,+1 Lap,False
2022,3,max_verstappen,VER,Max,Verstappen,red_bull,Red Bull,2,18,0.0,38,Fuel leak,True
2022,3,vettel,VET,Sebastian,Vettel,aston_martin,Aston Martin,17,19,0.0,22,Accident,True
2022,3,sainz,SAI,Carlos,Sainz,ferrari,Ferrari,9,20,0.0,1,Spun off,True
2022,4,max_verstappen,VER,Max,Verstappen,red_bull,Red Bull,1,1,26.0,63,Finished,False
2022,4,perez,PER,Sergio,Pérez,red_bull,Red Bull,3,2,18.0,63,Finished,False
2022,4,norris,NOR,Lando,Norris,mclaren,McLaren,5,3,15.0,63,Finished,False
2022,4,russell,RUS,George,Russell,mercedes,Mercedes,11,4,12.0,63,Finished,False
2022,4,bottas,BOT,Valtteri,Bottas,alfa,Alfa Romeo,7,5,10.0,63,Finished,False
2022,4,leclerc,LEC,Charles,Leclerc,ferrari,Ferrari,2,6,8.0,63,Finished,False
2022,4,tsunoda,TSU,Yuki,Tsunoda,alphatauri,AlphaTauri,12,7,6.0,63,Finished,False
2022,4,vettel,VET,Sebastian,Vettel,aston_martin,Aston Martin,13,8,4.0,63,Finished,False
2022,4,kevin_magnussen,MAG,Kevin,Magnussen,haas,Haas F1 Team,8,9,2.0,63,Finished,False
2022,4,stroll,STR,Lance,Stroll,aston_martin,Aston Martin,15,10,1.0,62,+1 Lap,False
2022,4,albon,ALB,Alexander,Albon,williams,Williams,18,11,0.0,62,+1 Lap,False
2022,4,gasly,GAS,Pierre,Gasly,alphatauri,AlphaTauri,17,12,0.0,62,+1 Lap,False
2022,4,hamilton,HAM,Lewis,Hamilton,mercedes,Mercedes,14,13,0.0,62,+1 Lap,False
2022,4,ocon,OCO,Esteban,Ocon,alpine,Alpine F1 Team,16,14,0.0,62,+1 Lap,False
2022,4,zhou,ZHO,Guanyu,Zhou,alfa,Alfa Romeo,0,15,0.0,62,+1 Lap,False
2022,4,latifi,LAT,Nicholas,Latifi,williams,Williams,19,16,0.0,62,+1 Lap,False
2022,4,mick_schumacher,MSC,Mick,Schumacher,haas,Haas F1 Team,10,17,0.0,62,+1 Lap,False
2022,4,ricciardo,RIC,Daniel,Ricciardo,mclaren,McLaren,6,18,0.0,62,+1 Lap,False
2022,4,alonso,ALO,Fernando,Alonso,alpine,Alpine F1 Team,9,19,0.0,6,Collision damage,True
2022,4,sainz,SAI,Carlos,Sainz,ferrari,Ferrari,4,20,0.0,0,Collision,True
2022,5,max_verstappen,VER,Max,Verstappen,red_bull,Red Bull,3,1,26.0,57,Finished,False
2022,5,leclerc,LEC,Charles,Leclerc,ferrari,Ferrari,1,2,18.0,57,Finished,False
2022,5,sainz,SAI,Carlos,Sainz,ferrari,Ferrari,2,3,15.0,57,Finished,False
2022,5,perez,PER,Sergio,Pérez,red_bull,Red Bull,4,4,12.0,57,Finished,False
2022,5,russell,RUS,George,Russell,mercedes,Mercedes,12,5,10.0,57,Finished,False
2022,5,hamilton,HAM,Lewis,Hamilton,mercedes,Mercedes,6,6,8.0,57,Finished,False
2022,5,bottas,BOT,Valtteri,Bottas,alfa,Alfa Romeo,5,7,6.0,57,Finished,False
2022,5,ocon,OCO,Esteban,Ocon,alpine,Alpine F1 Team,20,8,4.0,57,Finished,False
2022,5,albon,ALB,Alexander,Albon,williams,Williams,18,9,2.0,57,Finished,False
2022,5,stroll,STR,Lance,Stroll,aston_martin,Aston Martin,0,10,1.0,57,Finished,False
2022,5,alonso,ALO,Fernando,Alonso,alpine,Alpine F1 Team,11,11,0.0,57,Finished,False
2022,5,tsunoda,TSU,Yuki,Tsunoda,alphatauri,AlphaTauri,9,12,0.0,57,Finished,False
2022,5,ricciardo,RIC,Daniel,Ricciardo,mclaren,McLaren,14,13,0.0,57,Finished,False
2022,5,latifi,LAT,Nicholas,Latifi,williams,Williams,19,14,0.0,57,Finished,False
2022,5,mick_schumacher,MSC,Mick,Schumacher,haas,Haas F1 Team,15,15,0.0,57,Finished,False
2022,5,kevin_magnussen,MAG,Kevin,Magnussen,haas,Haas F1 Team,16,16,0.0,56,Front wing,True
2022,5,vettel,VET,Sebastian,Vettel,aston_martin,Aston Martin,0,17,0.0,54,Collision,True
2022,5,gasly,GAS,Pierre,Gasly,alphatauri,AlphaTauri,7,18,0.0,45,Suspension,True
2022,5,norris,NOR,Lando,Norris,mclaren,McLaren,8,19,0.0,39,Collision,True
2022,5,zhou,ZHO,Guanyu,Zhou,alfa,Alfa Romeo,17,20,0.0,6,Water leak,True
2022,6,max_verstappen,VER,Max,Verstappen,red_bull,Red Bull,2,1,25.0,66,Finished,False
2022,6,perez,PER,Sergio,Pérez,red_bull,Red Bull,5,2,19.0,66,Finished,False
2022,6,russell,RUS,George,Russell,mercedes,Mercedes,4,3,15.0,66,Finished,False
2022,6,sainz,SAI,Carlos,Sainz,ferrari,Ferrari,3,4,12.0,66,Finished,False
2022,6,hamilton,HAM,Lewis,Hamilton,mercedes,Mercedes,6,5,10.0,66,Finished,False
2022,6,bottas,BOT,Valtteri,Bottas,alfa,Alfa Romeo,7,6,8.0,66,Finished,False
2022,6,ocon,OCO,Esteban,Ocon,alpine,Alpine F1 Team,12,7,6.0,66,Finished,False
2022,6,norris,NOR,Lando,Norris,mclaren,McLaren,11,8,4.0,66,Finished,False
2022,6,alonso,ALO,Fernando,Alonso,alpine,Alpine F1 Team,20,9,2.0,65,+1 Lap,False
2022,6,tsunoda,TSU,Yuki,Tsunoda,alphatauri,AlphaTauri,13,10,1.0,65,+1 Lap,False
2022,6,vettel,VET,Sebastian,Vettel,aston_martin,Aston Martin,16,11,0.0,65,+1 Lap,False
2022,6,ricciardo,RIC,Daniel,Ricciardo,mclaren,McLaren,9,12,0.0,65,+1 Lap,False
2022,6,gasly,GAS,Pierre,Gasly,alphatauri,AlphaTauri,14,13,0.0,65,+1 Lap,False
2022,6,mick_schumacher,MSC,Mick,Schumacher,haas,Haas F1 Team,10,14,0.0,65,+1 Lap,False
2022,6,stroll,STR,Lance,Stroll,aston_martin,Aston Martin,17,15,0.0,65,+1 Lap,False
2022,6,latifi,LAT,Nicholas,Latifi,williams,Williams,19,16,0.0,64,+2 Laps,False
2022,6,kevin_magnussen,MAG,Kevin,Magnussen,haas,Haas F1 Team,8,17,0.0,64,+2 Laps,False
2022,6,albon,ALB,Alexander,Albon,williams,Williams,18,18,0.0,64,+2 Laps,False
2022,6,zhou,ZHO,Guanyu,Zhou,alfa,Alfa Romeo,15,19,0.0,28,Power loss,True
2022,6,leclerc,LEC,Charles,Leclerc,ferrari,Ferrari,1,20,0.0,27,Turbo,True
2022,7,perez,PER,Sergio,Pérez,red_bull,Red Bull,3,1,25.0,64,Finished,False
2022,7,sainz,SAI,Carlos,Sainz,ferrari,Ferrari,2,2,18.0,64,Finished,False
2022,7,max_verstappen,VER,Max,Verstappen,red_bull,Red Bull,4,3,15.0,64,Finished,False
2022,7,leclerc,LEC,Charles,Leclerc,ferrari,Ferrari,1,4,12.0,64,Finished,False
2022,7,russell,RUS,George,Russell,mercedes,Mercedes,6,5,10.0,64,Finished,False
2022,7,norris,NOR,Lando,Norris,mclaren,McLaren,5,6,9.0,64,Finished,False
2022,7,alonso,ALO,Fernando,Alonso,alpine,Alpine F1 Team,7,7,6.0,64,Finished,False
2022,7,hamilton,HAM,Lewis,Hamilton,mercedes,Mercedes,8,8,4.0,64,Finished,False
2022,7,bottas,BOT,Valtteri,Bottas,alfa,Alfa Romeo,12,9,2.0,64,Finished,False
2022,7,vettel,VET,Sebastian,Vettel,aston_martin,Aston Martin,9,10,1.0,64,Finished,False
2022,7,gasly,GAS,Pierre,Gasly,alphatauri,AlphaTauri,17,11,0.0,64,Finished,False
2022,7,ocon,OCO,Esteban,Ocon,alpine,Alpine F1 Team,10,12,0.0,64,Finished,False
2022,7,ricciardo,RIC,Daniel,Ricciardo,mclaren,McLaren,14,13,0.0,64,Finished,False
2022,7,stroll,STR,Lance,Stroll,aston_martin,Aston Martin,18,14,0.0,64,Finished,False
2022,7,latifi,LAT,Nicholas,Latifi,williams,Williams,19,15,0.0,63,+1 Lap,False
2022,7,zhou,ZHO,Guanyu,Zhou,alfa,Alfa Romeo,20,16,0.0,63,+1 Lap,False
2022,7,tsunoda,TSU,Yuki,Tsunoda,alphatauri,AlphaTauri,11,17,0.0,63,+1 Lap,False
2022,7,albon,ALB,Alexander,Albon,williams,Williams,16,18,0.0,48,Mechanical,True
2022,7,mick_schumacher,MSC,Mick,Schumacher,haas,Haas F1 Team,15,19,0.0,24,Accident,True
2022,7,kevin_magnussen,MAG,Kevin,Magnussen,haas,Haas F1 Team,13,20,0.0,19,Water pressure,True
2022,8,max_verstappen,VER,Max,Verstappen,red_bull,Red Bull,3,1,25.0,51,Finished,False
2022,8,perez,PER,Sergio,Pérez,red_bull,Red Bull,2,2,19.0,51,Finished,False
2022,8,russell,RUS,George,Russell,mercedes,Mercedes,5,3,15.0,51,Finished,False
2022,8,hamilton,HAM,Lewis,Hamilton,mercedes,Mercedes,7,4,12.0,51,Finished,False
2022,8,gasly,GAS,Pierre,Gasly,alphatauri,AlphaTauri,6,5,10.0,51,Finished,False
2022,8,vettel,VET,Sebastian,Vettel,aston_martin,Aston Martin,9,6,8.0,51,Finished,False
2022,8,alonso,ALO,Fernando,Alonso,alpine,Alpine F1 Team,10,7,6.0,51,Finished,False
2022,8,ricciardo,RIC,Daniel,Ricciardo,mclaren,McLaren,12,8,4.0,51,Finished,False
2022,8,norris,NOR,Lando,Norris,mclaren,McLaren,11,9,2.0,51,Finished,False
2022,8,ocon,OCO,Esteban,Ocon,alpine,Alpine F1 Team,13,10,1.0,51,Finished,False
2022,8,bottas,BOT,Valtteri,Bottas,alfa,Alfa Romeo,15,11,0.0,50,+1 Lap,False
2022,8,albon,ALB,Alexander,Albon,williams,Williams,17,12,0.0,50,+1 Lap,False
2022,8,tsunoda,TSU,Yuki,Tsunoda,alphatauri,AlphaTauri,8,13,0.0,50,+1 Lap,False
2022,8,mick_schumacher,MSC,Mick,Schumacher,haas,Haas F1 Team,20,14,0.0,50,+1 Lap,False
2022,8,latifi,LAT,Nicholas,Latifi,williams,Williams,18,15,0.0,50,+1 Lap,False
2022,8,stroll,STR,Lance,Stroll,aston_martin,Aston Martin,19,16,0.0,46,Vibrations,True
2022,8,kevin_magnussen,MAG,Kevin,Magnussen,haas,Haas F1 Team,16,17,0.0,31,Power Unit,True
2022,8,zhou,ZHO,Guanyu,Zhou,alfa,Alfa Romeo,14,18,0.0,23,Hydraulics,True
2022,8,leclerc,LEC,Charles,Leclerc,ferrari,Ferrari,1,19,0.0,21,Power Unit,True
2022,8,sainz,SAI,Carlos,Sainz,ferrari,Ferrari,4,20,0.0,8,Hydraulics,True
2022,9,max_verstappen,VER,Max,Verstappen,red_bull,Red Bull,1,1,25.0,70,Finished,False
2022,9,sainz,SAI,Carlos,Sainz,ferrari,Ferrari,3,2,19.0,70,Finished,False
2022,9,hamilton,HAM,Lewis,Hamilton,mercedes,Mercedes,4,3,15.0,70,Finished,False
2022,9,russell,RUS,George,Russell,mercedes,Mercedes,8,4,12.0,70,Finished,False
2022,9,leclerc,LEC,Charles,Leclerc,ferrari,Ferrari,19,5,10.0,70,Finished,False
2022,9,ocon,OCO,Esteban,Ocon,alpine,Alpine F1 Team,7,6,8.0,70,Finished,False
2022,9,bottas,BOT,Valtteri,Bottas,alfa,Alfa Romeo,11,7,6.0,70,Finished,False
2022,9,zhou,ZHO,Guanyu,Zhou,alfa,Alfa Romeo,10,8,4.0,70,Finished,False
2022,9,alonso,ALO,Fernando,Alonso,alpine,Alpine F1 Team,2,9,2.0,70,Finished,False
2022,9,stroll,STR,Lance,Stroll,aston_martin,Aston Martin,17,10,1.0,70,Finished,False
2022,9,ricciardo,RIC,Daniel,Ricciardo,mclaren,McLaren,9,11,0.0,70,Finished,False
2022,9,vettel,VET,Sebastian,Vettel,aston_martin,Aston Martin,16,12,0.0,70,Finished,False
2022,9,albon,ALB,Alexander,Albon,williams,Williams,12,13,0.0,70,Finished,False
2022,9,gasly,GAS,Pierre,Gasly,alphatauri,AlphaTauri,15,14,0.0,70,Finished,False
2022,9,norris,NOR,Lando,Norris,mclaren,McLaren,14,15,0.0,70,Finished,False
2022,9,latifi,LAT,Nicholas,Latifi,williams,Williams,18,16,0.0,70,Finished,False
2022,9,kevin_magnussen,MAG,Kevin,Magnussen,haas,Haas F1 Team,5,17,0.0,70,Finished,False
2022,9,tsunoda,TSU,Yuki,Tsunoda,alphatauri,AlphaTauri,20,18,0.0,47,Accident,True
2022,9,mick_schumacher,MSC,Mick,Schumacher,haas,Haas F1 Team,6,19,0.0,18,Engine,True
2022,9,perez,PER,Sergio,Pérez,red_bull,Red Bull,13,20,0.0,7,Gearbox,True
2022,10,sainz,SAI,Carlos,Sainz,ferrari,Ferrari,1,1,25.0,52,Finished,False
2022,10,perez,PER,Sergio,Pérez,red_bull,Red Bull,4,2,18.0,52,Finished,False
2022,10,hamilton,HAM,Lewis,Hamilton,mercedes,Mercedes,5,3,16.0,52,Finished,False
2022,10,leclerc,LEC,Charles,Leclerc,ferrari,Ferrari,3,4,12.0,52,Finished,False
2022,10,alonso,ALO,Fernando,Alonso,alpine,Alpine F1 Team,7,5,10.0,52,Finished,False
2022,10,norris,NOR,Lando,Norris,mclaren,McLaren,6,6,8.0,52,Finished,False
2022,10,max_verstappen,VER,Max,Verstappen,red_bull,Red Bull,2,7,6.0,52,Finished,False
2022,10,mick_schumacher,MSC,Mick,Schumacher,haas,Haas F1 Team,19,8,4.0,52,Finished,False
2022,10,vettel,VET,Sebastian,Vettel,aston_martin,Aston Martin,18,9,2.0,52,Finished,False
2022,10,kevin_magnussen,MAG,Kevin,Magnussen,haas,Haas F1 Team,17,10,1.0,52,Finished,False
2022,10,stroll,STR,Lance,Stroll,aston_martin,Aston Martin,20,11,0.0,52,Finished,False
2022,10,latifi,LAT,Nicholas,Latifi,williams,Williams,10,12,0.0,52,Finished,False
2022,10,ricciardo,RIC,Daniel,Ricciardo,mclaren,McLaren,14,13,0.0,52,Finished,False
2022,10,tsunoda,TSU,Yuki,Tsunoda,alphatauri,AlphaTauri,13,14,0.0,52,Finished,False
2022,10,ocon,OCO,Esteban,Ocon,alpine,Alpine F1 Team,15,15,0.0,37,Fuel pump,True
2022,10,gasly,GAS,Pierre,Gasly,alphatauri,AlphaTauri,11,16,0.0,26,Collision damage,True
2022,10,bottas,BOT,Valtteri,Bottas,alfa,Alfa Romeo,12,17,0.0,20,Gearbox,True
2022,10,russell,RUS,George,Russell,mercedes,Mercedes,8,18,0.0,0,Collision,True
2022,10,zhou,ZHO,Guanyu,Zhou,alfa,Alfa Romeo,9,19,0.0,0,Collision,True
2022,10,albon,ALB,Alexander,Albon,williams,Williams,16,20,0.0,0,Collision,True
2022,11,leclerc,LEC,Charles,Leclerc,ferrari,Ferrari,2,1,25.0,71,Finished,False
2022,11,max_verstappen,VER,Max,Verstappen,red_bull,Red Bull,1,2,19.0,71,Finished,False
2022,11,hamilton,HAM,Lewis,Hamilton,mercedes,Mercedes,8,3,15.0,71,Finished,False
2022,11,russell,RUS,George,Russell,mercedes,Mercedes,4,4,12.0,71,Finished,False
2022,11,ocon,OCO,Esteban,Ocon,alpine,Alpine F1 Team,6,5,10.0,71,Finished,False
2022,11,mick_schumacher,MSC,Mick,Schumacher,haas,Haas F1 Team,9,6,8.0,70,+1 Lap,False
2022,11,norris,NOR,Lando,Norris,mclaren,McLaren,10,7,6.0,70,+1 Lap,False
2022,11,kevin_magnussen,MAG,Kevin,Magnussen,haas,Haas F1 Team,7,8,4.0,70,+1 Lap,False
2022,11,ricciardo,RIC,Daniel,Ricciardo,mclaren,McLaren,11,9,2.0,70,+1 Lap,False
2022,11,alonso,ALO,Fernando,Alonso,alpine,Alpine F1 Team,19,10,1.0,70,+1 Lap,False
2022,11,bottas,BOT,Valtteri,Bottas,alfa,Alfa Romeo,0,11,0.0,70,+1 Lap,False
2022,11,albon,ALB,Alexander,Albon,williams,Williams,15,12,0.0,70,+1 Lap,False
2022,11,stroll,STR,Lance,Stroll,aston_martin,Aston Martin,12,13,0.0,70,+1 Lap,False
2022,11,zhou,ZHO,Guanyu,Zhou,alfa,Alfa Romeo,13,14,0.0,70,+1 Lap,False
2022,11,gasly,GAS,Pierre,Gasly,alphatauri,AlphaTauri,14,15,0.0,70,+1 Lap,False
2022,11,tsunoda,TSU,Yuki,Tsunoda,alphatauri,AlphaTauri,16,16,0.0,70,+1 Lap,False
2022,11,vettel,VET,Sebastian,Vettel,aston_martin,Aston Martin,18,17,0.0,70,+1 Lap,False
2022,11,sainz,SAI,Carlos,Sainz,ferrari,Ferrari,3,18,0.0,56,Power Unit,True
2022,11,latifi,LAT,Nicholas,Latifi,williams,Williams,17,19,0.0,48,Undertray,True
2022,11,perez,PER,Sergio,Pérez,red_bull,Red Bull,5,20,0.0,24,Collision damage,True
2022,12,max_verstappen,VER,Max,Verstappen,red_bull,Red Bull,2,1,25.0,53,Finished,False
2022,12,hamilton,HAM,Lewis,Hamilton,mercedes,Mercedes,4,2,18.0,53,Finished,False
2022,12,russell,RUS,George,Russell,mercedes,Mercedes,6,3,15.0,53,Finished,False
2022,12,perez,PER,Sergio,Pérez,red_bull,Red Bull,3,4,12.0,53,Finished,False
2022,12,sainz,SAI,Carlos,Sainz,ferrari,Ferrari,19,5,11.0,53,Finished,False
2022,12,alonso,ALO,Fernando,Alonso,alpine,Alpine F1 Team,7,6,8.0,53,Finished,False
2022,12,norris,NOR,Lando,Norris,mclaren,McLaren,5,7,6.0,53,Finished,False
2022,12,ocon,OCO,Esteban,Ocon,alpine,Alpine F1 Team,10,8,4.0,53,Finished,False
2022,12,ricciardo,RIC,Daniel,Ricciardo,mclaren,McLaren,9,9,2.0,53,Finished,False
2022,12,stroll,STR,Lance,Stroll,aston_martin,Aston Martin,15,10,1.0,53,Finished,False
2022,12,vettel,VET,Sebastian,Vettel,aston_martin,Aston Martin,12,11,0.0,53,Finished,False
2022,12,gasly,GAS,Pierre,Gasly,alphatauri,AlphaTauri,14,12,0.0,53,Finished,False
2022,12,albon,ALB,Alexander,Albon,williams,Williams,13,13,0.0,53,Finished,False
2022,12,bottas,BOT,Valtteri,Bottas,alfa,Alfa Romeo,11,14,0.0,53,Finished,False
2022,12,mick_schumacher,MSC,Mick,Schumacher,haas,Haas F1 Team,17,15,0.0,53,Finished,False
2022,12,zhou,ZHO,Guanyu,Zhou,alfa,Alfa Romeo,16,16,0.0,47,+6 Laps,False
2022,12,latifi,LAT,Nicholas,Latifi,williams,Williams,18,17,0.0,40,Collision damage,True
2022,12,kevin_magnussen,MAG,Kevin,Magnussen,haas,Haas F1 Team,20,18,0.0,37,Collision damage,True
2022,12,leclerc,LEC,Charles,Leclerc,ferrari,Ferrari,1,19,0.0,17,Accident,True
2022,12,tsunoda,TSU,Yuki,Tsunoda,alphatauri,AlphaTauri,8,20,0.0,17,Undertray,True
2022,13,max_verstappen,VER,Max,Verstappen,red_bull,Red Bull,10,1,25.0,70,Finished,False
2022,13,hamilton,HAM,Lewis,Hamilton,mercedes,Mercedes,7,2,19.0,70,Finished,False
2022,13,russell,RUS,George,Russell,mercedes,Mercedes,1,3,15.0,70,Finished,False
2022,13,sainz,SAI,Carlos,Sainz,ferrari,Ferrari,2,4,12.0,70,Finished,False
2022,13,perez,PER,Sergio,Pérez,red_bull,Red Bull,11,5,10.0,70,Finished,False
2022,13,leclerc,LEC,Charles,Leclerc,ferrari,Ferrari,3,6,8.0,70,Finished,False
2022,13,norris,NOR,Lando,Norris,mclaren,McLaren,4,7,6.0,70,Finished,False
2022,13,alonso,ALO,Fernando,Alonso,alpine,Alpine F1 Team,6,8,4.0,69,+1 Lap,False
2022,13,ocon,OCO,Esteban,Ocon,alpine,Alpine F1 Team,5,9,2.0,69,+1 Lap,False
2022,13,vettel,VET,Sebastian,Vettel,aston_martin,Aston Martin,18,10,1.0,69,+1 Lap,False
2022,13,stroll,STR,Lance,Stroll,aston_martin,Aston Martin,14,11,0.0,69,+1 Lap,False
2022,13,gasly,GAS,Pierre,Gasly,alphatauri,AlphaTauri,0,12,0.0,69,+1 Lap,False
2022,13,zhou,ZHO,Guanyu,Zhou,alfa,Alfa Romeo,12,13,0.0,69,+1 Lap,False
2022,13,mick_schumacher,MSC,Mick,Schumacher,haas,Haas F1 Team,15,14,0.0,69,+1 Lap,False
2022,13,ricciardo,RIC,Daniel,Ricciardo,mclaren,McLaren,9,15,0.0,69,+1 Lap,False
2022,13,kevin_magnussen,MAG,Kevin,Magnussen,haas,Haas F1 Team,13,16,0.0,69,+1 Lap,False
2022,13,albon,ALB,Alexander,Albon,williams,Williams,17,17,0.0,69,+1 Lap,False
2022,13,latifi,LAT,Nicholas,Latifi,williams,Williams,19,18,0.0,69,+1 Lap,False
2022,13,tsunoda,TSU,Yuki,Tsunoda,alphatauri,AlphaTauri,16,19,0.0,68,+2 Laps,False
2022,13,bottas,BOT,Valtteri,Bottas,alfa,Alfa Romeo,8,20,0.0,65,Power Unit,True
2022,14,max_verstappen,VER,Max,Verstappen,red_bull,Red Bull,14,1,26.0,44,Finished,False
2022,14,perez,PER,Sergio,Pérez,red_bull,Red Bull,2,2,18.0,44,Finished,False
2022,14,sainz,SAI,Carlos,Sainz,ferrari,Ferrari,1,3,15.0,44,Finished,False
2022,14,russell,RUS,George,Russell,mercedes,Mercedes,5,4,12.0,44,Finished,False
2022,14,alonso,ALO,Fernando,Alonso,alpine,Alpine F1 Team,3,5,10.0,44,Finished,False
2022,14,leclerc,LEC,Charles,Leclerc,ferrari,Ferrari,15,6,8.0,44,Finished,False
2022,14,ocon,OCO,Esteban,Ocon,alpine,Alpine F1 Team,16,7,6.0,44,Finished,False
2022,14,vettel,VET,Sebastian,Vettel,aston_martin,Aston Martin,10,8,4.0,44,Finished,False
2022,14,gasly,GAS,Pierre,Gasly,alphatauri,AlphaTauri,0,9,2.0,44,Finished,False
2022,14,albon,ALB,Alexander,Albon,williams,Williams,6,10,1.0,44,Finished,False
2022,14,stroll,STR,Lance,Stroll,aston_martin,Aston Martin,9,11,0.0,44,Finished,False
2022,14,norris,NOR,Lando,Norris,mclaren,McLaren,17,12,0.0,44,Finished,False
2022,14,tsunoda,TSU,Yuki,Tsunoda,alphatauri,AlphaTauri,0,13,0.0,44,Finished,False
2022,14,zhou,ZHO,Guanyu,Zhou,alfa,Alfa Romeo,18,14,0.0,44,Finished,False
2022,14,ricciardo,RIC,Daniel,Ricciardo,mclaren,McLaren,7,15,0.0,44,Finished,False
2022,14,kevin_magnussen,MAG,Kevin,Magnussen,haas,Haas F1 Team,12,16,0.0,43,+1 Lap,False
2022,14,mick_schumacher,MSC,Mick,Schumacher,haas,Haas F1 Team,19,17,0.0,43,+1 Lap,False
2022,14,latifi,LAT,Nicholas,Latifi,williams,Williams,11,18,0.0,43,+1 Lap,False
2022,14,bottas,BOT,Valtteri,Bottas,alfa,Alfa Romeo,13,19,0.0,1,Accident,True
2022,14,hamilton,HAM,Lewis,Hamilton,mercedes,Mercedes,4,20,0.0,0,Collision damage,True
2022,15,max_verstappen,VER,Max,Verstappen,red_bull,Red Bull,1,1,26.0,72,Finished,False
2022,15,russell,RUS,George,Russell,mercedes,Mercedes,6,2,18.0,72,Finished,False
2022,15,leclerc,LEC,Charles,Leclerc,ferrari,Ferrari,2,3,15.0,72,Finished,False
2022,15,hamilton,HAM,Lewis,Hamilton,mercedes,Mercedes,4,4,12.0,72,Finished,False
2022,15,perez,PER,Sergio,Pérez,red_bull,Red Bull,5,5,10.0,72,Finished,False
2022,15,alonso,ALO,Fernando,Alonso,alpine,Alpine F1 Team,13,6,8.0,72,Finished,False
2022,15,norris,NOR,Lando,Norris,mclaren,McLaren,7,7,6.0,72,Finished,False
2022,15,sainz,SAI,Carlos,Sainz,ferrari,Ferrari,3,8,4.0,72,Finished,False
2022,15,ocon,OCO,Esteban,Ocon,alpine,Alpine F1 Team,12,9,2.0,72,Finished,False
2022,15,stroll,STR,Lance,Stroll,aston_martin,Aston Martin,10,10,1.0,72,Finished,False
2022,15,gasly,GAS,Pierre,Gasly,alphatauri,AlphaTauri,11,11,0.0,72,Finished,False
2022,15,albon,ALB,Alexander,Albon,williams,Williams,15,12,0.0,72,Finished,False
2022,15,mick_schumacher,MSC,Mick,Schumacher,haas,Haas F1 Team,8,13,0.0,72,Finished,False
2022,15,vettel,VET,Sebastian,Vettel,aston_martin,Aston Martin,19,14,0.0,72,Finished,False
2022,15,kevin_magnussen,MAG,Kevin,Magnussen,haas,Haas F1 Team,18,15,0.0,72,Finished,False
2022,15,zhou,ZHO,Guanyu,Zhou,alfa,Alfa Romeo,14,16,0.0,72,Finished,False
2022,15,ricciardo,RIC,Daniel,Ricciardo,mclaren,McLaren,17,17,0.0,72,Finished,False
2022,15,latifi,LAT,Nicholas,Latifi,williams,Williams,20,18,0.0,71,+1 Lap,False
2022,15,bottas,BOT,Valtteri,Bottas,alfa,Alfa Romeo,16,19,0.0,53,Engine,True
2022,15,tsunoda,TSU,Yuki,Tsunoda,alphatauri,AlphaTauri,9,20,0.0,43,Differential,True
2022,16,max_verstappen,VER,Max,Verstappen,red_bull,Red Bull,7,1,25.0,53,Finished,False
2022,16,leclerc,LEC,Charles,Leclerc,ferrari,Ferrari,1,2,18.0,53,Finished,False
2022,16,russell,RUS,George,Russell,mercedes,Mercedes,2,3,15.0,53,Finished,False
2022,16,sainz,SAI,Carlos,Sainz,ferrari,Ferrari,18,4,12.0,53,Finished,False
2022,16,hamilton,HAM,Lewis,Hamilton,mercedes,Mercedes,19,5,10.0,53,Finished,False
2022,16,perez,PER,Sergio,Pérez,red_bull,Red Bull,13,6,9.0,53,Finished,False
2022,16,norris,NOR,Lando,Norris,mclaren,McLaren,3,7,6.0,53,Finished,False
2022,16,gasly,GAS,Pierre,Gasly,alphatauri,AlphaTauri,5,8,4.0,53,Finished,False
2022,16,de_vries,DEV,Nyck,de Vries,williams,Williams,8,9,2.0,53,Finished,False
2022,16,zhou,ZHO,Guanyu,Zhou,alfa,Alfa Romeo,9,10,1.0,53,Finished,False
2022,16,ocon,OCO,Esteban,Ocon,alpine,Alpine F1 Team,14,11,0.0,53,Finished,False
2022,16,mick_schumacher,MSC,Mick,Schumacher,haas,Haas F1 Team,17,12,0.0,53,Finished,False
2022,16,bottas,BOT,Valtteri,Bottas,alfa,Alfa Romeo,15,13,0.0,52,+1 Lap,False
2022,16,tsunoda,TSU,Yuki,Tsunoda,alphatauri,AlphaTauri,20,14,0.0,52,+1 Lap,False
2022,16,latifi,LAT,Nicholas,Latifi,williams,Williams,10,15,0.0,52,+1 Lap,False
2022,16,kevin_magnussen,MAG,Kevin,Magnussen,haas,Haas F1 Team,16,16,0.0,52,+1 Lap,False
2022,16,ricciardo,RIC,Daniel,Ricciardo,mclaren,McLaren,4,17,0.0,45,Oil leak,True
2022,16,stroll,STR,Lance,Stroll,aston_martin,Aston Martin,12,18,0.0,39,Engine,True
2022,16,alonso,ALO,Fernando,Alonso,alpine,Alpine F1 Team,6,19,0.0,31,Water pressure,True
2022,16,vettel,VET,Sebastian,Vettel,aston_martin,Aston Martin,11,20,0.0,10,Engine,True
2022,17,perez,PER,Sergio,Pérez,red_bull,Red Bull,2,1,25.0,59,Finished,False
2022,17,leclerc,LEC,Charles,Leclerc,ferrari,Ferrari,1,2,18.0,59,Finished,False
2022,17,sainz,SAI,Carlos,Sainz,ferrari,Ferrari,4,3,15.0,59,Finished,False
2022,17,norris,NOR,Lando,Norris,mclaren,McLaren,6,4,12.0,59,Finished,False
2022,17,ricciardo,RIC,Daniel,Ricciardo,mclaren,McLaren,16,5,10.0,59,Finished,False
2022,17,stroll,STR,Lance,Stroll,aston_martin,Aston Martin,11,6,8.0,59,Finished,False
2022,17,max_verstappen,VER,Max,Verstappen,red_bull,Red Bull,8,7,6.0,59,Finished,False
2022,17,vettel,VET,Sebastian,Vettel,aston_martin,Aston Martin,13,8,4.0,59,Finished,False
2022,17,hamilton,HAM,Lewis,Hamilton,mercedes,Mercedes,3,9,2.0,59,Finished,False
2022,17,gasly,GAS,Pierre,Gasly,alphatauri,AlphaTauri,7,10,1.0,59,Finished,False
2022,17,bottas,BOT,Valtteri,Bottas,alfa,Alfa Romeo,15,11,0.0,59,Finished,False
2022,17,kevin_magnussen,MAG,Kevin,Magnussen,haas,Haas F1 Team,9,12,0.0,59,Finished,False
2022,17,mick_schumacher,MSC,Mick,Schumacher,haas,Haas F1 Team,12,13,0.0,58,+1 Lap,False
2022,17,russell,RUS,George,Russell,mercedes,Mercedes,0,14,0.0,57,+2 Laps,False
2022,17,tsunoda,TSU,Yuki,Tsunoda,alphatauri,AlphaTauri,10,15,0.0,34,Accident,True
2022,17,ocon,OCO,Esteban,Ocon,alpine,Alpine F1 Team,17,16,0.0,26,Engine,True
2022,17,albon,ALB,Alexander,Albon,williams,Williams,18,17,0.0,25,Collision damage,True
2022,17,alonso,ALO,Fernando,Alonso,alpine,Alpine F1 Team,5,18,0.0,20,Engine,True
2022,17,latifi,LAT,Nicholas,Latifi,williams,Williams,19,19,0.0,7,Collision damage,True
2022,17,zhou,ZHO,Guanyu,Zhou,alfa,Alfa Romeo,14,20,0.0,6,Collision,True
2022,18,max_verstappen,VER,Max,Verstappen,red_bull,Red Bull,1,1,25.0,28,Finished,False
2022,18,perez,PER,Sergio,Pérez,red_bull,Red Bull,4,2,18.0,28,Finished,False
2022,18,leclerc,LEC,Charles,Leclerc,ferrari,Ferrari,2,3,15.0,28,Finished,False
2022,18,ocon,OCO,Esteban,Ocon,alpine,Alpine F1 Team,5,4,12.0,28,Finished,False
2022,18,hamilton,HAM,Lewis,Hamilton,mercedes,Mercedes,6,5,10.0,28,Finished,False
2022,18,vettel,VET,Sebastian,Vettel,aston_martin,Aston Martin,9,6,8.0,28,Finished,False
2022,18,alonso,ALO,Fernando,Alonso,alpine,Alpine F1 Team,7,7,6.0,28,Finished,False
2022,18,russell,RUS,George,Russell,mercedes,Mercedes,8,8,4.0,28,Finished,False
2022,18,latifi,LAT,Nicholas,Latifi,williams,Williams,20,9,2.0,28,Finished,False
2022,18,norris,NOR,Lando,Norris,mclaren,McLaren,10,10,1.0,28,Finished,False
2022,18,ricciardo,RIC,Daniel,Ricciardo,mclaren,McLaren,11,11,0.0,28,Finished,False
2022,18,stroll,STR,Lance,Stroll,aston_martin,Aston Martin,19,12,0.0,28,Finished,False
2022,18,tsunoda,TSU,Yuki,Tsunoda,alphatauri,AlphaTauri,13,13,0.0,28,Finished,False
2022,18,kevin_magnussen,MAG,Kevin,Magnussen,haas,Haas F1 Team,18,14,0.0,28,Finished,False
2022,18,bottas,BOT,Valtteri,Bottas,alfa,Alfa Romeo,12,15,0.0,28,Finished,False
2022,18,zhou,ZHO,Guanyu,Zhou,alfa,Alfa Romeo,14,16,0.0,28,Finished,False
2022,18,mick_schumacher,MSC,Mick,Schumacher,haas,Haas F1 Team,15,17,0.0,28,Finished,False
2022,18,gasly,GAS,Pierre,Gasly,alphatauri,AlphaTauri,17,18,0.0,28,Finished,False
2022,18,sainz,SAI,Carlos,Sainz,ferrari,Ferrari,3,19,0.0,0,Accident,True
2022,18,albon,ALB,Alexander,Albon,williams,Williams,16,20,0.0,0,Hydraulics,True
2022,19,max_verstappen,VER,Max,Verstappen,red_bull,Red Bull,2,1,25.0,56,Finished,False
2022,19,hamilton,HAM,Lewis,Hamilton,mercedes,Mercedes,3,2,18.0,56,Finished,False
2022,19,leclerc,LEC,Charles,Leclerc,ferrari,Ferrari,12,3,15.0,56,Finished,False
2022,19,perez,PER,Sergio,Pérez,red_bull,Red Bull,9,4,12.0,56,Finished,False
2022,19,russell,RUS,George,Russell,mercedes,Mercedes,4,5,11.0,56,Finished,False
2022,19,norris,NOR,Lando,Norris,mclaren,McLaren,6,6,8.0,56,Finished,False
2022,19,alonso,ALO,Fernando,Alonso,alpine,Alpine F1 Team,14,7,6.0,56,Finished,False
2022,19,vettel,VET,Sebastian,Vettel,aston_martin,Aston Martin,10,8,4.0,56,Finished,False
2022,19,kevin_magnussen,MAG,Kevin,Magnussen,haas,Haas F1 Team,13,9,2.0,56,Finished,False
2022,19,tsunoda,TSU,Yuki,Tsunoda,alphatauri,AlphaTauri,19,10,1.0,56,Finished,False
2022,19,ocon,OCO,Esteban,Ocon,alpine,Alpine F1 Team,0,11,0.0,56,Finished,False
2022,19,zhou,ZHO,Guanyu,Zhou,alfa,Alfa Romeo,18,12,0.0,56,Finished,False
2022,19,albon,ALB,Alexander,Albon,williams,Williams,8,13,0.0,56,Finished,False
2022,19,gasly,GAS,Pierre,Gasly,alphatauri,AlphaTauri,11,14,0.0,56,Finished,False
2022,19,mick_schumacher,MSC,Mick,Schumacher,haas,Haas F1 Team,16,15,0.0,56,Finished,False
2022,19,ricciardo,RIC,Daniel,Ricciardo,mclaren,McLaren,15,16,0.0,56,Finished,False
2022,19,latifi,LAT,Nicholas,Latifi,williams,Williams,17,17,0.0,56,Finished,False
2022,19,stroll,STR,Lance,Stroll,aston_martin,Aston Martin,5,18,0.0,21,Collision,True
2022,19,bottas,BOT,Valtteri,Bottas,alfa,Alfa Romeo,7,19,0.0,16,Spun off,True
2022,19,sainz,SAI,Carlos,Sainz,ferrari,Ferrari,1,20,0.0,1,Collision damage,True
2022,20,max_verstappen,VER,Max,Verstappen,red_bull,Red Bull,1,1,25.0,71,Finished,False
2022,20,hamilton,HAM,Lewis,Hamilton,mercedes,Mercedes,3,2,18.0,71,Finished,False
2022,20,perez,PER,Sergio,Pérez,red_bull,Red Bull,4,3,15.0,71,Finished,False
2022,20,russell,RUS,George,Russell,mercedes,Mercedes,2,4,13.0,71,Finished,False
2022,20,sainz,SAI,Carlos,Sainz,ferrari,Ferrari,5,5,10.0,71,Finished,False
2022,20,leclerc,LEC,Charles,Leclerc,ferrari,Ferrari,7,6,8.0,71,Finished,False
2022,20,ricciardo,RIC,Daniel,Ricciardo,mclaren,McLaren,11,7,6.0,70,+1 Lap,False
2022,20,ocon,OCO,Esteban,Ocon,alpine,Alpine F1 Team,10,8,4.0,70,+1 Lap,False
2022,20,norris,NOR,Lando,Norris,mclaren,McLaren,8,9,2.0,70,+1 Lap,False
2022,20,bottas,BOT,Valtteri,Bottas,alfa,Alfa Romeo,6,10,1.0,70,+1 Lap,False
2022,20,gasly,GAS,Pierre,Gasly,alphatauri,AlphaTauri,14,11,0.0,70,+1 Lap,False
2022,20,albon,ALB,Alexander,Albon,williams,Williams,17,12,0.0,70,+1 Lap,False
2022,20,zhou,ZHO,Guanyu,Zhou,alfa,Alfa Romeo,12,13,0.0,70,+1 Lap,False
2022,20,vettel,VET,Sebastian,Vettel,aston_martin,Aston Martin,16,14,0.0,70,+1 Lap,False
2022,20,stroll,STR,Lance,Stroll,aston_martin,Aston Martin,20,15,0.0,70,+1 Lap,False
2022,20,mick_schumacher,MSC,Mick,Schumacher,haas,Haas F1 Team,15,16,0.0,70,+1 Lap,False
2022,20,kevin_magnussen,MAG,Kevin,Magnussen,haas,Haas F1 Team,19,17,0.0,70,+1 Lap,False
2022,20,latifi,LAT,Nicholas,Latifi,williams,Williams,18,18,0.0,69,+2 Laps,False
2022,20,alonso,ALO,Fernando,Alonso,alpine,Alpine F1 Team,9,19,0.0,63,Engine,True
2022,20,tsunoda,TSU,Yuki,Tsunoda,alphatauri,AlphaTauri,13,20,0.0,50,Collision damage,True
2022,21,russell,RUS,George,Russell,mercedes,Mercedes,1,1,26.0,71,Finished,False
2022,21,hamilton,HAM,Lewis,Hamilton,mercedes,Mercedes,2,2,18.0,71,Finished,False
2022,21,sainz,SAI,Carlos,Sainz,ferrari,Ferrari,7,3,15.0,71,Finished,False
2022,21,leclerc,LEC,Charles,Leclerc,ferrari,Ferrari,5,4,12.0,71,Finished,False
2022,21,alonso,ALO,Fernando,Alonso,alpine,Alpine F1 Team,17,5,10.0,71,Finished,False
2022,21,max_verstappen,VER,Max,Verstappen,red_bull,Red Bull,3,6,8.0,71,Finished,False
2022,21,perez,PER,Sergio,Pérez,red_bull,Red Bull,4,7,6.0,71,Finished,False
2022,21,ocon,OCO,Esteban,Ocon,alpine,Alpine F1 Team,16,8,4.0,71,Finished,False
2022,21,bottas,BOT,Valtteri,Bottas,alfa,Alfa Romeo,14,9,2.0,71,Finished,False
2022,21,stroll,STR,Lance,Stroll,aston_martin,Aston Martin,15,10,1.0,71,Finished,False
2022,21,vettel,VET,Sebastian,Vettel,aston_martin,Aston Martin,9,11,0.0,71,Finished,False
2022,21,zhou,ZHO,Guanyu,Zhou,alfa,Alfa Romeo,13,12,0.0,71,Finished,False
2022,21,mick_schumacher,MSC,Mick,Schumacher,haas,Haas F1 Team,12,13,0.0,71,Finished,False
2022,21,gasly,GAS,Pierre,Gasly,alphatauri,AlphaTauri,10,14,0.0,71,Finished,False
2022,21,albon,ALB,Alexander,Albon,williams,Williams,19,15,0.0,71,Finished,False
2022,21,latifi,LAT,Nicholas,Latifi,williams,Williams,18,16,0.0,71,Finished,False
2022,21,tsunoda,TSU,Yuki,Tsunoda,alphatauri,AlphaTauri,0,17,0.0,70,+1 Lap,False
2022,21,norris,NOR,Lando,Norris,mclaren,McLaren,6,18,0.0,50,Gearbox,True
2022,21,kevin_magnussen,MAG,Kevin,Magnussen,haas,Haas F1 Team,8,19,0.0,0,Collision,True
2022,21,ricciardo,RIC,Daniel,Ricciardo,mclaren,McLaren,11,20,0.0,0,Collision,True
2022,22,max_verstappen,VER,Max,Verstappen,red_bull,Red Bull,1,1,25.0,58,Finished,False
2022,22,leclerc,LEC,Charles,Leclerc,ferrari,Ferrari,3,2,18.0,58,Finished,False
2022,22,perez,PER,Sergio,Pérez,red_bull,Red Bull,2,3,15.0,58,Finished,False
2022,22,sainz,SAI,Carlos,Sainz,ferrari,Ferrari,4,4,12.0,58,Finished,False
2022,22,russell,RUS,George,Russell,mercedes,Mercedes,6,5,10.0,58,Finished,False
2022,22,norris,NOR,Lando,Norris,mclaren,McLaren,7,6,9.0,58,Finished,False
2022,22,ocon,OCO,Esteban,Ocon,alpine,Alpine F1 Team,8,7,6.0,58,Finished,False
2022,22,stroll,STR,Lance,Stroll,aston_martin,Aston Martin,14,8,4.0,58,Finished,False
2022,22,ricciardo,RIC,Daniel,Ricciardo,mclaren,McLaren,13,9,2.0,58,Finished,False
2022,22,vettel,VET,Sebastian,Vettel,aston_martin,Aston Martin,9,10,1.0,58,Finished,False
2022,22,tsunoda,TSU,Yuki,Tsunoda,alphatauri,AlphaTauri,11,11,0.0,58,Finished,False
2022,22,zhou,ZHO,Guanyu,Zhou,alfa,Alfa Romeo,15,12,0.0,57,+1 Lap,False
2022,22,albon,ALB,Alexander,Albon,williams,Williams,19,13,0.0,57,+1 Lap,False
2022,22,gasly,GAS,Pierre,Gasly,alphatauri,AlphaTauri,17,14,0.0,57,+1 Lap,False
2022,22,bottas,BOT,Valtteri,Bottas,alfa,Alfa Romeo,18,15,0.0,57,+1 Lap,False
2022,22,mick_schumacher,MSC,Mick,Schumacher,haas,Haas F1 Team,12,16,0.0,57,+1 Lap,False
2022,22,kevin_magnussen,MAG,Kevin,Magnussen,haas,Haas F1 Team,16,17,0.0,57,+1 Lap,False
2022,22,hamilton,HAM,Lewis,Hamilton,mercedes,Mercedes,5,18,0.0,55,Hydraulics,True
2022,22,latifi,LAT,Nicholas,Latifi,williams,Williams,20,19,0.0,55,Collision damage,True
2022,22,alonso,ALO,Fernando,Alonso,alpine,Alpine F1 Team,10,20,0.0,27,Water leak,True
2023,1,max_verstappen,VER,Max,Verstappen,red_bull,Red Bull,1,1,25.0,57,Finished,False
2023,1,perez,PER,Sergio,Pérez,red_bull,Red Bull,2,2,18.0,57,Finished,False
2023,1,alonso,ALO,Fernando,Alonso,aston_martin,Aston Martin,5,3,15.0,57,Finished,False
2023,1,sainz,SAI,Carlos,Sainz,ferrari,Ferrari,4,4,12.0,57,Finished,False
2023,1,hamilton,HAM,Lewis,Hamilton,mercedes,Mercedes,7,5,10.0,57,Finished,False
2023,1,stroll,STR,Lance,Stroll,aston_martin,Aston Martin,8,6,8.0,57,Finished,False
2023,1,russell,RUS,George,Russell,mercedes,Mercedes,6,7,6.0,57,Finished,False
2023,1,bottas,BOT,Valtteri,Bottas,alfa,Alfa Romeo,12,8,4.0,57,Finished,False
2023,1,gasly,GAS,Pierre,Gasly,alpine,Alpine F1 Team,20,9,2.0,57,Finished,False
2023,1,albon,ALB,Alexander,Albon,williams,Williams,15,10,1.0,57,Finished,False
2023,1,tsunoda,TSU,Yuki,Tsunoda,alphatauri,AlphaTauri,14,11,0.0,57,Finished,False
2023,1,sargeant,SAR,Logan,Sargeant,williams,Williams,16,12,0.0,56,Lapped,False
2023,1,kevin_magnussen,MAG,Kevin,Magnussen,haas,Haas F1 Team,17,13,0.0,56,Lapped,False
2023,1,de_vries,DEV,Nyck,de Vries,alphatauri,AlphaTauri,19,14,0.0,56,Lapped,False
2023,1,hulkenberg,HUL,Nico,Hülkenberg,haas,Haas F1 Team,10,15,0.0,56,Lapped,False
2023,1,zhou,ZHO,Guanyu,Zhou,alfa,Alfa Romeo,13,16,0.0,56,Lapped,False
2023,1,norris,NOR,Lando,Norris,mclaren,McLaren,11,17,0.0,55,Lapped,False
2023,1,ocon,OCO,Esteban,Ocon,alpine,Alpine F1 Team,9,18,0.0,41,Retired,True
2023,1,leclerc,LEC,Charles,Leclerc,ferrari,Ferrari,3,19,0.0,39,Retired,True
2023,1,piastri,PIA,Oscar,Piastri,mclaren,McLaren,18,20,0.0,13,Retired,True
2023,2,perez,PER,Sergio,Pérez,red_bull,Red Bull,1,1,25.0,50,Finished,False
2023,2,max_verstappen,VER,Max,Verstappen,red_bull,Red Bull,15,2,19.0,50,Finished,False
2023,2,alonso,ALO,Fernando,Alonso,aston_martin,Aston Martin,2,3,15.0,50,Finished,False
2023,2,russell,RUS,George,Russell,mercedes,Mercedes,3,4,12.0,50,Finished,False
2023,2,hamilton,HAM,Lewis,Hamilton,mercedes,Mercedes,7,5,10.0,50,Finished,False
2023,2,sainz,SAI,Carlos,Sainz,ferrari,Ferrari,4,6,8.0,50,Finished,False
2023,2,leclerc,LEC,Charles,Leclerc,ferrari,Ferrari,12,7,6.0,50,Finished,False
2023,2,ocon,OCO,Esteban,Ocon,alpine,Alpine F1 Team,6,8,4.0,50,Finished,False
2023,2,gasly,GAS,Pierre,Gasly,alpine,Alpine F1 Team,9,9,2.0,50,Finished,False
2023,2,kevin_magnussen,MAG,Kevin,Magnussen,haas,Haas F1 Team,13,10,1.0,50,Finished,False
2023,2,tsunoda,TSU,Yuki,Tsunoda,alphatauri,AlphaTauri,16,11,0.0,50,Finished,False
2023,2,hulkenberg,HUL,Nico,Hülkenberg,haas,Haas F1 Team,10,12,0.0,50,Finished,False
2023,2,zhou,ZHO,Guanyu,Zhou,alfa,Alfa Romeo,11,13,0.0,50,Finished,False
2023,2,de_vries,DEV,Nyck,de Vries,alphatauri,AlphaTauri,18,14,0.0,50,Finished,False
2023,2,piastri,PIA,Oscar,Piastri,mclaren,McLaren,8,15,0.0,50,Finished,False
2023,2,sargeant,SAR,Logan,Sargeant,williams,Williams,20,16,0.0,50,Finished,False
2023,2,norris,NOR,Lando,Norris,mclaren,McLaren,19,17,0.0,50,Finished,False
2023,2,bottas,BOT,Valtteri,Bottas,alfa,Alfa Romeo,14,18,0.0,49,Lapped,False
2023,2,albon,ALB,Alexander,Albon,williams,Williams,17,19,0.0,27,Retired,True
2023,2,stroll,STR,Lance,Stroll,aston_martin,Aston Martin,5,20,0.0,16,Retired,True
2023,3,max_verstappen,VER,Max,Verstappen,red_bull,Red Bull,1,1,25.0,58,Finished,False
2023,3,hamilton,HAM,Lewis,Hamilton,mercedes,Mercedes,3,2,18.0,58,Finished,False
2023,3,alonso,ALO,Fernando,Alonso,aston_martin,Aston Martin,4,3,15.0,58,Finished,False
2023,3,stroll,STR,Lance,Stroll,aston_martin,Aston Martin,6,4,12.0,58,Finished,False
2023,3,perez,PER,Sergio,Pérez,red_bull,Red Bull,20,5,11.0,58,Finished,False
2023,3,norris,NOR,Lando,Norris,mclaren,McLaren,13,6,8.0,58,Finished,False
2023,3,hulkenberg,HUL,Nico,Hülkenberg,haas,Haas F1 Team,10,7,6.0,58,Finished,False
2023,3,piastri,PIA,Oscar,Piastri,mclaren,McLaren,16,8,4.0,58,Finished,False
2023,3,zhou,ZHO,Guanyu,Zhou,alfa,Alfa Romeo,17,9,2.0,58,Finished,False
2023,3,tsunoda,TSU,Yuki,Tsunoda,alphatauri,AlphaTauri,12,10,1.0,58,Finished,False
2023,3,bottas,BOT,Valtteri,Bottas,alfa,Alfa Romeo,19,11,0.0,58,Finished,False
2023,3,sainz,SAI,Carlos,Sainz,ferrari,Ferrari,5,12,0.0,58,Finished,False
2023,3,gasly,GAS,Pierre,Gasly,alpine,Alpine F1 Team,9,13,0.0,56,Retired,True
2023,3,ocon,OCO,Esteban,Ocon,alpine,Alpine F1 Team,11,14,0.0,56,Retired,True
2023,3,de_vries,DEV,Nyck,de Vries,alphatauri,AlphaTauri,15,15,0.0,56,Retired,True
2023,3,sargeant,SAR,Logan,Sargeant,williams,Williams,18,16,0.0,56,Retired,True
2023,3,kevin_magnussen,MAG,Kevin,Magnussen,haas,Haas F1 Team,14,17,0.0,52,Retired,True
2023,3,russell,RUS,George,Russell,mercedes,Mercedes,2,18,0.0,17,Retired,True
2023,3,albon,ALB,Alexander,Albon,williams,Williams,8,19,0.0,6,Retired,True
2023,3,leclerc,LEC,Charles,Leclerc,ferrari,Ferrari,7,20,0.0,0,Retired,True
2023,4,perez,PER,Sergio,Pérez,red_bull,Red Bull,3,1,25.0,51,Finished,False
2023,4,max_verstappen,VER,Max,Verstappen,red_bull,Red Bull,2,2,18.0,51,Finished,False
2023,4,leclerc,LEC,Charles,Leclerc,ferrari,Ferrari,1,3,15.0,51,Finished,False
2023,4,alonso,ALO,Fernando,Alonso,aston_martin,Aston Martin,6,4,12.0,51,Finished,False
2023,4,sainz,SAI,Carlos,Sainz,ferrari,Ferrari,4,5,10.0,51,Finished,False
2023,4,hamilton,HAM,Lewis,Hamilton,mercedes,Mercedes,5,6,8.0,51,Finished,False
2023,4,stroll,STR,Lance,Stroll,aston_martin,Aston Martin,9,7,6.0,51,Finished,False
2023,4,russell,RUS,George,Russell,mercedes,Mercedes,11,8,5.0,51,Finished,False
2023,4,norris,NOR,Lando,Norris,mclaren,McLaren,7,9,2.0,51,Finished,False
2023,4,tsunoda,TSU,Yuki,Tsunoda,alphatauri,AlphaTauri,8,10,1.0,51,Finished,False
2023,4,piastri,PIA,Oscar,Piastri,mclaren,McLaren,10,11,0.0,51,Finished,False
2023,4,albon,ALB,Alexander,Albon,williams,Williams,12,12,0.0,51,Finished,False
2023,4,kevin_magnussen,MAG,Kevin,Magnussen,haas,Haas F1 Team,16,13,0.0,51,Finished,False
2023,4,gasly,GAS,Pierre,Gasly,alpine,Alpine F1 Team,17,14,0.0,51,Finished,False
2023,4,ocon,OCO,Esteban,Ocon,alpine,Alpine F1 Team,19,15,0.0,51,Finished,False
2023,4,sargeant,SAR,Logan,Sargeant,williams,Williams,14,16,0.0,51,Finished,False
2023,4,hulkenberg,HUL,Nico,Hülkenberg,haas,Haas F1 Team,20,17,0.0,50,Lapped,False
2023,4,bottas,BOT,Valtteri,Bottas,alfa,Alfa Romeo,13,18,0.0,50,Lapped,False
2023,4,zhou,ZHO,Guanyu,Zhou,alfa,Alfa Romeo,15,19,0.0,36,Retired,True
2023,4,de_vries,DEV,Nyck,de Vries,alphatauri,AlphaTauri,18,20,0.0,9,Retired,True
2023,5,max_verstappen,VER,Max,Verstappen,red_bull,Red Bull,9,1,26.0,57,Finished,False
2023,5,perez,PER,Sergio,Pérez,red_bull,Red Bull,1,2,18.0,57,Finished,False
2023,5,alonso,ALO,Fernando,Alonso,aston_martin,Aston Martin,2,3,15.0,57,Finished,False
2023,5,russell,RUS,George,Russell,mercedes,Mercedes,6,4,12.0,57,Finished,False
2023,5,sainz,SAI,Carlos,Sainz,ferrari,Ferrari,3,5,10.0,57,Finished,False
2023,5,hamilton,HAM,Lewis,Hamilton,mercedes,Mercedes,13,6,8.0,57,Finished,False
2023,5,leclerc,LEC,Charles,Leclerc,ferrari,Ferrari,7,7,6.0,57,Finished,False
2023,5,gasly,GAS,Pierre,Gasly,alpine,Alpine F1 Team,5,8,4.0,57,Finished,False
2023,5,ocon,OCO,Esteban,Ocon,alpine,Alpine F1 Team,8,9,2.0,57,Finished,False
2023,5,kevin_magnussen,MAG,Kevin,Magnussen,haas,Haas F1 Team,4,10,1.0,57,Finished,False
2023,5,tsunoda,TSU,Yuki,Tsunoda,alphatauri,AlphaTauri,17,11,0.0,57,Finished,False
2023,5,stroll,STR,Lance,Stroll,aston_martin,Aston Martin,18,12,0.0,57,Finished,False
2023,5,bottas,BOT,Valtteri,Bottas,alfa,Alfa Romeo,10,13,0.0,57,Finished,False
2023,5,albon,ALB,Alexander,Albon,williams,Williams,11,14,0.0,57,Finished,False
2023,5,hulkenberg,HUL,Nico,Hülkenberg,haas,Haas F1 Team,12,15,0.0,57,Finished,False
2023,5,zhou,ZHO,Guanyu,Zhou,alfa,Alfa Romeo,14,16,0.0,57,Finished,False
2023,5,norris,NOR,Lando,Norris,mclaren,McLaren,16,17,0.0,57,Finished,False
2023,5,de_vries,DEV,Nyck,de Vries,alphatauri,AlphaTauri,15,18,0.0,57,Finished,False
2023,5,piastri,PIA,Oscar,Piastri,mclaren,McLaren,19,19,0.0,56,Lapped,False
2023,5,sargeant,SAR,Logan,Sargeant,williams,Williams,20,20,0.0,56,Lapped,False
2023,6,max_verstappen,VER,Max,Verstappen,red_bull,Red Bull,1,1,25.0,78,Finished,False
2023,6,alonso,ALO,Fernando,Alonso,aston_martin,Aston Martin,2,2,18.0,78,Finished,False
2023,6,ocon,OCO,Esteban,Ocon,alpine,Alpine F1 Team,3,3,15.0,78,Finished,False
2023,6,hamilton,HAM,Lewis,Hamilton,mercedes,Mercedes,5,4,13.0,78,Finished,False
2023,6,russell,RUS,George,Russell,mercedes,Mercedes,8,5,10.0,78,Finished,False
2023,6,leclerc,LEC,Charles,Leclerc,ferrari,Ferrari,6,6,8.0,78,Finished,False
2023,6,gasly,GAS,Pierre,Gasly,alpine,Alpine F1 Team,7,7,6.0,78,Finished,False
2023,6,sainz,SAI,Carlos,Sainz,ferrari,Ferrari,4,8,4.0,78,Finished,False
2023,6,norris,NOR,Lando,Norris,mclaren,McLaren,10,9,2.0,77,Lapped,False
2023,6,piastri,PIA,Oscar,Piastri,mclaren,McLaren,11,10,1.0,77,Lapped,False
2023,6,bottas,BOT,Valtteri,Bottas,alfa,Alfa Romeo,15,11,0.0,77,Lapped,False
2023,6,de_vries,DEV,Nyck,de Vries,alphatauri,AlphaTauri,12,12,0.0,77,Lapped,False
2023,6,zhou,ZHO,Guanyu,Zhou,alfa,Alfa Romeo,19,13,0.0,77,Lapped,False
2023,6,albon,ALB,Alexander,Albon,williams,Williams,13,14,0.0,77,Lapped,False
2023,6,tsunoda,TSU,Yuki,Tsunoda,alphatauri,AlphaTauri,9,15,0.0,76,Lapped,False
2023,6,perez,PER,Sergio,Pérez,red_bull,Red Bull,20,16,0.0,76,Lapped,False
2023,6,hulkenberg,HUL,Nico,Hülkenberg,haas,Haas F1 Team,18,17,0.0,76,Lapped,False
2023,6,sargeant,SAR,Logan,Sargeant,williams,Williams,16,18,0.0,76,Lapped,False
2023,6,kevin_magnussen,MAG,Kevin,Magnussen,haas,Haas F1 Team,17,19,0.0,70,Retired,True
2023,6,stroll,STR,Lance,Stroll,aston_martin,Aston Martin,14,20,0.0,53,Retired,True
2023,7,max_verstappen,VER,Max,Verstappen,red_bull,Red Bull,1,1,26.0,66,Finished,False
2023,7,hamilton,HAM,Lewis,Hamilton,mercedes,Mercedes,4,2,18.0,66,Finished,False
2023,7,russell,RUS,George,Russell,mercedes,Mercedes,12,3,15.0,66,Finished,False
2023,7,perez,PER,Sergio,Pérez,red_bull,Red Bull,11,4,12.0,66,Finished,False
2023,7,sainz,SAI,Carlos,Sainz,ferrari,Ferrari,2,5,10.0,66,Finished,False
2023,7,stroll,STR,Lance,Stroll,aston_martin,Aston Martin,5,6,8.0,66,Finished,False
2023,7,alonso,ALO,Fernando,Alonso,aston_martin,Aston Martin,8,7,6.0,66,Finished,False
2023,7,ocon,OCO,Esteban,Ocon,alpine,Alpine F1 Team,6,8,4.0,66,Finished,False
2023,7,zhou,ZHO,Guanyu,Zhou,alfa,Alfa Romeo,13,9,2.0,66,Finished,False
2023,7,gasly,GAS,Pierre,Gasly,alpine,Alpine F1 Team,10,10,1.0,66,Finished,False
2023,7,leclerc,LEC,Charles,Leclerc,ferrari,Ferrari,19,11,0.0,66,Finished,False
2023,7,tsunoda,TSU,Yuki,Tsunoda,alphatauri,AlphaTauri,15,12,0.0,66,Finished,False
2023,7,piastri,PIA,Oscar,Piastri,mclaren,McLaren,9,13,0.0,65,Lapped,False
2023,7,de_vries,DEV,Nyck,de Vries,alphatauri,AlphaTauri,14,14,0.0,65,Lapped,False
2023,7,hulkenberg,HUL,Nico,Hülkenberg,haas,Haas F1 Team,7,15,0.0,65,Lapped,False
2023,7,albon,ALB,Alexander,Albon,williams,Williams,18,16,0.0,65,Lapped,False
2023,7,norris,NOR,Lando,Norris,mclaren,McLaren,3,17,0.0,65,Lapped,False
2023,7,kevin_magnussen,MAG,Kevin,Magnussen,haas,Haas F1 Team,17,18,0.0,65,Lapped,False
2023,7,bottas,BOT,Valtteri,Bottas,alfa,Alfa Romeo,16,19,0.0,65,Lapped,False
2023,7,sargeant,SAR,Logan,Sargeant,williams,Williams,20,20,0.0,65,Lapped,False
2023,8,max_verstappen,VER,Max,Verstappen,red_bull,Red Bull,1,1,25.0,70,Finished,False
2023,8,alonso,ALO,Fernando,Alonso,aston_martin,Aston Martin,2,2,18.0,70,Finished,False
2023,8,hamilton,HAM,Lewis,Hamilton,mercedes,Mercedes,3,3,15.0,70,Finished,False
2023,8,leclerc,LEC,Charles,Leclerc,ferrari,Ferrari,10,4,12.0,70,Finished,False
2023,8,sainz,SAI,Carlos,Sainz,ferrari,Ferrari,11,5,10.0,70,Finished,False
2023,8,perez,PER,Sergio,Pérez,red_bull,Red Bull,12,6,9.0,70,Finished,False
2023,8,albon,ALB,Alexander,Albon,williams,Williams,9,7,6.0,70,Finished,False
2023,8,ocon,OCO,Esteban,Ocon,alpine,Alpine F1 Team,6,8,4.0,70,Finished,False
2023,8,stroll,STR,Lance,Stroll,aston_martin,Aston Martin,16,9,2.0,70,Finished,False
2023,8,bottas,BOT,Valtteri,Bottas,alfa,Alfa Romeo,14,10,1.0,70,Finished,False
2023,8,piastri,PIA,Oscar,Piastri,mclaren,McLaren,8,11,0.0,70,Finished,False
2023,8,gasly,GAS,Pierre,Gasly,alpine,Alpine F1 Team,15,12,0.0,70,Finished,False
2023,8,norris,NOR,Lando,Norris,mclaren,McLaren,7,13,0.0,70,Finished,False
2023,8,tsunoda,TSU,Yuki,Tsunoda,alphatauri,AlphaTauri,19,14,0.0,70,Finished,False
2023,8,hulkenberg,HUL,Nico,Hülkenberg,haas,Haas F1 Team,5,15,0.0,69,Lapped,False
2023,8,zhou,ZHO,Guanyu,Zhou,alfa,Alfa Romeo,20,16,0.0,69,Lapped,False
2023,8,kevin_magnussen,MAG,Kevin,Magnussen,haas,Haas F1 Team,13,17,0.0,69,Lapped,False
2023,8,de_vries,DEV,Nyck,de Vries,alphatauri,AlphaTauri,17,18,0.0,69,Lapped,False
2023,8,russell,RUS,George,Russell,mercedes,Mercedes,4,19,0.0,53,Retired,True
2023,8,sargeant,SAR,Logan,Sargeant,williams,Williams,18,20,0.0,6,Retired,True
2023,9,max_verstappen,VER,Max,Verstappen,red_bull,Red Bull,1,1,26.0,71,Finished,False
2023,9,leclerc,LEC,Charles,Leclerc,ferrari,Ferrari,2,2,18.0,71,Finished,False
2023,9,perez,PER,Sergio,Pérez,red_bull,Red Bull,15,3,15.0,71,Finished,False
2023,9,norris,NOR,Lando,Norris,mclaren,McLaren,4,4,12.0,71,Finished,False
2023,9,alonso,ALO,Fernando,Alonso,aston_martin,Aston Martin,7,5,10.0,71,Finished,False
2023,9,sainz,SAI,Carlos,Sainz,ferrari,Ferrari,3,6,8.0,71,Finished,False
2023,9,russell,RUS,George,Russell,mercedes,Mercedes,11,7,6.0,71,Finished,False
2023,9,hamilton,HAM,Lewis,Hamilton,mercedes,Mercedes,5,8,4.0,71,Finished,False
2023,9,stroll,STR,Lance,Stroll,aston_martin,Aston Martin,6,9,2.0,71,Finished,False
2023,9,gasly,GAS,Pierre,Gasly,alpine,Alpine F1 Team,9,10,1.0,71,Finished,False
2023,9,albon,ALB,Alexander,Albon,williams,Williams,10,11,0.0,71,Finished,False
2023,9,zhou,ZHO,Guanyu,Zhou,alfa,Alfa Romeo,17,12,0.0,70,Lapped,False
2023,9,sargeant,SAR,Logan,Sargeant,williams,Williams,18,13,0.0,70,Lapped,False
2023,9,ocon,OCO,Esteban,Ocon,alpine,Alpine F1 Team,12,14,0.0,70,Lapped,False
2023,9,bottas,BOT,Valtteri,Bottas,alfa,Alfa Romeo,14,15,0.0,70,Lapped,False
2023,9,piastri,PIA,Oscar,Piastri,mclaren,McLaren,13,16,0.0,70,Lapped,False
2023,9,de_vries,DEV,Nyck,de Vries,alphatauri,AlphaTauri,20,17,0.0,70,Lapped,False
2023,9,kevin_magnussen,MAG,Kevin,Magnussen,haas,Haas F1 Team,19,18,0.0,70,Lapped,False
2023,9,tsunoda,TSU,Yuki,Tsunoda,alphatauri,AlphaTauri,16,19,0.0,70,Lapped,False
2023,9,hulkenberg,HUL,Nico,Hülkenberg,haas,Haas F1 Team,8,20,0.0,12,Retired,True
2023,10,max_verstappen,VER,Max,Verstappen,red_bull,Red Bull,1,1,26.0,52,Finished,False
2023,10,norris,NOR,Lando,Norris,mclaren,McLaren,2,2,18.0,52,Finished,False
2023,10,hamilton,HAM,Lewis,Hamilton,mercedes,Mercedes,7,3,15.0,52,Finished,False
2023,10,piastri,PIA,Oscar,Piastri,mclaren,McLaren,3,4,12.0,52,Finished,False
2023,10,russell,RUS,George,Russell,mercedes,Mercedes,6,5,10.0,52,Finished,False
2023,10,perez,PER,Sergio,Pérez,red_bull,Red Bull,15,6,8.0,52,Finished,False
2023,10,alonso,ALO,Fernando,Alonso,aston_martin,Aston Martin,9,7,6.0,52,Finished,False
2023,10,albon,ALB,Alexander,Albon,williams,Williams,8,8,4.0,52,Finished,False
2023,10,leclerc,LEC,Charles,Leclerc,ferrari,Ferrari,4,9,2.0,52,Finished,False
2023,10,sainz,SAI,Carlos,Sainz,ferrari,Ferrari,5,10,1.0,52,Finished,False
2023,10,sargeant,SAR,Logan,Sargeant,williams,Williams,14,11,0.0,52,Finished,False
2023,10,bottas,BOT,Valtteri,Bottas,alfa,Alfa Romeo,20,12,0.0,52,Finished,False
2023,10,hulkenberg,HUL,Nico,Hülkenberg,haas,Haas F1 Team,11,13,0.0,52,Finished,False
2023,10,stroll,STR,Lance,Stroll,aston_martin,Aston Martin,12,14,0.0,52,Finished,False
2023,10,zhou,ZHO,Guanyu,Zhou,alfa,Alfa Romeo,17,15,0.0,52,Finished,False
2023,10,tsunoda,TSU,Yuki,Tsunoda,alphatauri,AlphaTauri,16,16,0.0,52,Finished,False
2023,10,de_vries,DEV,Nyck,de Vries,alphatauri,AlphaTauri,18,17,0.0,52,Finished,False
2023,10,gasly,GAS,Pierre,Gasly,alpine,Alpine F1 Team,10,18,0.0,46,Retired,True
2023,10,kevin_magnussen,MAG,Kevin,Magnussen,haas,Haas F1 Team,19,19,0.0,31,Retired,True
2023,10,ocon,OCO,Esteban,Ocon,alpine,Alpine F1 Team,13,20,0.0,9,Retired,True
2023,11,max_verstappen,VER,Max,Verstappen,red_bull,Red Bull,2,1,26.0,70,Finished,False
2023,11,norris,NOR,Lando,Norris,mclaren,McLaren,3,2,18.0,70,Finished,False
2023,11,perez,PER,Sergio,Pérez,red_bull,Red Bull,9,3,15.0,70,Finished,False
2023,11,hamilton,HAM,Lewis,Hamilton,mercedes,Mercedes,1,4,12.0,70,Finished,False
2023,11,piastri,PIA,Oscar,Piastri,mclaren,McLaren,4,5,10.0,70,Finished,False
2023,11,russell,RUS,George,Russell,mercedes,Mercedes,18,6,8.0,70,Finished,False
2023,11,leclerc,LEC,Charles,Leclerc,ferrari,Ferrari,6,7,6.0,70,Finished,False
2023,11,sainz,SAI,Carlos,Sainz,ferrari,Ferrari,11,8,4.0,70,Finished,False
2023,11,alonso,ALO,Fernando,Alonso,aston_martin,Aston Martin,8,9,2.0,70,Finished,False
2023,11,stroll,STR,Lance,Stroll,aston_martin,Aston Martin,14,10,1.0,69,Lapped,False
2023,11,albon,ALB,Alexander,Albon,williams,Williams,16,11,0.0,69,Lapped,False
2023,11,bottas,BOT,Valtteri,Bottas,alfa,Alfa Romeo,7,12,0.0,69,Lapped,False
2023,11,ricciardo,RIC,Daniel,Ricciardo,alphatauri,AlphaTauri,13,13,0.0,69,Lapped,False
2023,11,hulkenberg,HUL,Nico,Hülkenberg,haas,Haas F1 Team,10,14,0.0,69,Lapped,False
2023,11,tsunoda,TSU,Yuki,Tsunoda,alphatauri,AlphaTauri,17,15,0.0,69,Lapped,False
2023,11,zhou,ZHO,Guanyu,Zhou,alfa,Alfa Romeo,5,16,0.0,69,Lapped,False
2023,11,kevin_magnussen,MAG,Kevin,Magnussen,haas,Haas F1 Team,19,17,0.0,69,Lapped,False
2023,11,sargeant,SAR,Logan,Sargeant,williams,Williams,20,18,0.0,67,Retired,True
2023,11,ocon,OCO,Esteban,Ocon,alpine,Alpine F1 Team,12,19,0.0,2,Retired,True
2023,11,gasly,GAS,Pierre,Gasly,alpine,Alpine F1 Team,15,20,0.0,1,Retired,True
2023,12,max_verstappen,VER,Max,Verstappen,red_bull,Red Bull,6,1,25.0,44,Finished,False
2023,12,perez,PER,Sergio,Pérez,red_bull,Red Bull,2,2,18.0,44,Finished,False
2023,12,leclerc,LEC,Charles,Leclerc,ferrari,Ferrari,1,3,15.0,44,Finished,False
2023,12,hamilton,HAM,Lewis,Hamilton,mercedes,Mercedes,3,4,13.0,44,Finished,False
2023,12,alonso,ALO,Fernando,Alonso,aston_martin,Aston Martin,9,5,10.0,44,Finished,False
2023,12,russell,RUS,George,Russell,mercedes,Mercedes,8,6,8.0,44,Finished,False
2023,12,norris,NOR,Lando,Norris,mclaren,McLaren,7,7,6.0,44,Finished,False
2023,12,ocon,OCO,Esteban,Ocon,alpine,Alpine F1 Team,14,8,4.0,44,Finished,False
2023,12,stroll,STR,Lance,Stroll,aston_martin,Aston Martin,10,9,2.0,44,Finished,False
2023,12,tsunoda,TSU,Yuki,Tsunoda,alphatauri,AlphaTauri,11,10,1.0,44,Finished,False
2023,12,gasly,GAS,Pierre,Gasly,alpine,Alpine F1 Team,12,11,0.0,44,Finished,False
2023,12,bottas,BOT,Valtteri,Bottas,alfa,Alfa Romeo,13,12,0.0,44,Finished,False
2023,12,zhou,ZHO,Guanyu,Zhou,alfa,Alfa Romeo,17,13,0.0,44,Finished,False
2023,12,albon,ALB,Alexander,Albon,williams,Williams,15,14,0.0,44,Finished,False
2023,12,kevin_magnussen,MAG,Kevin,Magnussen,haas,Haas F1 Team,16,15,0.0,44,Finished,False
2023,12,ricciardo,RIC,Daniel,Ricciardo,alphatauri,AlphaTauri,19,16,0.0,44,Finished,False
2023,12,sargeant,SAR,Logan,Sargeant,williams,Williams,18,17,0.0,44,Finished,False
2023,12,hulkenberg,HUL,Nico,Hülkenberg,haas,Haas F1 Team,20,18,0.0,44,Finished,False
2023,12,sainz,SAI,Carlos,Sainz,ferrari,Ferrari,4,19,0.0,23,Retired,True
2023,12,piastri,PIA,Oscar,Piastri,mclaren,McLaren,5,20,0.0,0,Retired,True
2023,13,max_verstappen,VER,Max,Verstappen,red_bull,Red Bull,1,1,25.0,72,Finished,False
2023,13,alonso,ALO,Fernando,Alonso,aston_martin,Aston Martin,5,2,19.0,72,Finished,False
2023,13,gasly,GAS,Pierre,Gasly,alpine,Alpine F1 Team,12,3,15.0,72,Finished,False
2023,13,perez,PER,Sergio,Pérez,red_bull,Red Bull,7,4,12.0,72,Finished,False
2023,13,sainz,SAI,Carlos,Sainz,ferrari,Ferrari,6,5,10.0,72,Finished,False
2023,13,hamilton,HAM,Lewis,Hamilton,mercedes,Mercedes,13,6,8.0,72,Finished,False
2023,13,norris,NOR,Lando,Norris,mclaren,McLaren,2,7,6.0,72,Finished,False
2023,13,albon,ALB,Alexander,Albon,williams,Williams,4,8,4.0,72,Finished,False
2023,13,piastri,PIA,Oscar,Piastri,mclaren,McLaren,8,9,2.0,72,Finished,False
2023,13,ocon,OCO,Esteban,Ocon,alpine,Alpine F1 Team,16,10,1.0,72,Finished,False
2023,13,stroll,STR,Lance,Stroll,aston_martin,Aston Martin,11,11,0.0,72,Finished,False
2023,13,hulkenberg,HUL,Nico,Hülkenberg,haas,Haas F1 Team,14,12,0.0,72,Finished,False
2023,13,lawson,LAW,Liam,Lawson,alphatauri,AlphaTauri,19,13,0.0,72,Finished,False
2023,13,bottas,BOT,Valtteri,Bottas,alfa,Alfa Romeo,18,14,0.0,72,Finished,False
2023,13,tsunoda,TSU,Yuki,Tsunoda,alphatauri,AlphaTauri,17,15,0.0,72,Finished,False
2023,13,kevin_magnussen,MAG,Kevin,Magnussen,haas,Haas F1 Team,0,16,0.0,72,Finished,False
2023,13,russell,RUS,George,Russell,mercedes,Mercedes,3,17,0.0,72,Finished,False
2023,13,zhou,ZHO,Guanyu,Zhou,alfa,Alfa Romeo,15,18,0.0,62,Accident,True
2023,13,leclerc,LEC,Charles,Leclerc,ferrari,Ferrari,9,19,0.0,41,Undertray,True
2023,13,sargeant,SAR,Logan,Sargeant,williams,Williams,10,20,0.0,14,Accident,True
2023,14,max_verstappen,VER,Max,Verstappen,red_bull,Red Bull,2,1,25.0,51,Finished,False
2023,14,perez,PER,Sergio,Pérez,red_bull,Red Bull,5,2,18.0,51,Finished,False
2023,14,sainz,SAI,Carlos,Sainz,ferrari,Ferrari,1,3,15.0,51,Finished,False
2023,14,leclerc,LEC,Charles,Leclerc,ferrari,Ferrari,3,4,12.0,51,Finished,False
2023,14,russell,RUS,George,Russell,mercedes,Mercedes,4,5,10.0,51,Finished,False
2023,14,hamilton,HAM,Lewis,Hamilton,mercedes,Mercedes,8,6,8.0,51,Finished,False
2023,14,albon,ALB,Alexander,Albon,williams,Williams,6,7,6.0,51,Finished,False
2023,14,norris,NOR,Lando,Norris,mclaren,McLaren,9,8,4.0,51,Finished,False
2023,14,alonso,ALO,Fernando,Alonso,aston_martin,Aston Martin,10,9,2.0,51,Finished,False
2023,14,bottas,BOT,Valtteri,Bottas,alfa,Alfa Romeo,14,10,1.0,51,Finished,False
2023,14,lawson,LAW,Liam,Lawson,alphatauri,AlphaTauri,12,11,0.0,51,Finished,False
2023,14,piastri,PIA,Oscar,Piastri,mclaren,McLaren,7,12,0.0,51,Finished,False
2023,14,sargeant,SAR,Logan,Sargeant,williams,Williams,15,13,0.0,51,Finished,False
2023,14,zhou,ZHO,Guanyu,Zhou,alfa,Alfa Romeo,16,14,0.0,51,Finished,False
2023,14,gasly,GAS,Pierre,Gasly,alpine,Alpine F1 Team,17,15,0.0,51,Finished,False
2023,14,stroll,STR,Lance,Stroll,aston_martin,Aston Martin,20,16,0.0,51,Finished,False
2023,14,hulkenberg,HUL,Nico,Hülkenberg,haas,Haas F1 Team,13,17,0.0,50,Lapped,False
2023,14,kevin_magnussen,MAG,Kevin,Magnussen,haas,Haas F1 Team,19,18,0.0,50,Lapped,False
2023,14,ocon,OCO,Esteban,Ocon,alpine,Alpine F1 Team,18,19,0.0,39,Retired,True
2023,14,tsunoda,TSU,Yuki,Tsunoda,alphatauri,AlphaTauri,11,20,0.0,0,Did not start,True
2023,15,sainz,SAI,Carlos,Sainz,ferrari,Ferrari,1,1,25.0,62,Finished,False
2023,15,norris,NOR,Lando,Norris,mclaren,McLaren,4,2,18.0,62,Finished,False
2023,15,hamilton,HAM,Lewis,Hamilton,mercedes,Mercedes,5,3,16.0,62,Finished,False
2023,15,leclerc,LEC,Charles,Leclerc,ferrari,Ferrari,3,4,12.0,62,Finished,False
2023,15,max_verstappen,VER,Max,Verstappen,red_bull,Red Bull,11,5,10.0,62,Finished,False
2023,15,gasly,GAS,Pierre,Gasly,alpine,Alpine F1 Team,12,6,8.0,62,Finished,False
2023,15,piastri,PIA,Oscar,Piastri,mclaren,McLaren,17,7,6.0,62,Finished,False
2023,15,perez,PER,Sergio,Pérez,red_bull,Red Bull,13,8,4.0,62,Finished,False
2023,15,lawson,LAW,Liam,Lawson,alphatauri,AlphaTauri,10,9,2.0,62,Finished,False
2023,15,kevin_magnussen,MAG,Kevin,Magnussen,haas,Haas F1 Team,6,10,1.0,62,Finished,False
2023,15,albon,ALB,Alexander,Albon,williams,Williams,14,11,0.0,62,Finished,False
2023,15,zhou,ZHO,Guanyu,Zhou,alfa,Alfa Romeo,19,12,0.0,62,Finished,False
2023,15,hulkenberg,HUL,Nico,Hülkenberg,haas,Haas F1 Team,9,13,0.0,62,Finished,False
2023,15,sargeant,SAR,Logan,Sargeant,williams,Williams,18,14,0.0,62,Finished,False
2023,15,alonso,ALO,Fernando,Alonso,aston_martin,Aston Martin,7,15,0.0,62,Finished,False
2023,15,russell,RUS,George,Russell,mercedes,Mercedes,2,16,0.0,61,Retired,True
2023,15,bottas,BOT,Valtteri,Bottas,alfa,Alfa Romeo,16,17,0.0,51,Retired,True
2023,15,ocon,OCO,Esteban,Ocon,alpine,Alpine F1 Team,8,18,0.0,42,Retired,True
2023,15,tsunoda,TSU,Yuki,Tsunoda,alphatauri,AlphaTauri,15,19,0.0,0,Retired,True
2023,15,stroll,STR,Lance,Stroll,aston_martin,Aston Martin,0,20,0.0,0,Withdrew,True
2023,16,max_verstappen,VER,Max,Verstappen,red_bull,Red Bull,1,1,26.0,53,Finished,False
2023,16,norris,NOR,Lando,Norris,mclaren,McLaren,3,2,18.0,53,Finished,False
2023,16,piastri,PIA,Oscar,Piastri,mclaren,McLaren,2,3,15.0,53,Finished,False
2023,16,leclerc,LEC,Charles,Leclerc,ferrari,Ferrari,4,4,12.0,53,Finished,False
2023,16,hamilton,HAM,Lewis,Hamilton,mercedes,Mercedes,7,5,10.0,53,Finished,False
2023,16,sainz,SAI,Carlos,Sainz,ferrari,Ferrari,6,6,8.0,53,Finished,False
2023,16,russell,RUS,George,Russell,mercedes,Mercedes,8,7,6.0,53,Finished,False
2023,16,alonso,ALO,Fernando,Alonso,aston_martin,Aston Martin,10,8,4.0,53,Finished,False
2023,16,ocon,OCO,Esteban,Ocon,alpine,Alpine F1 Team,14,9,2.0,53,Finished,False
2023,16,gasly,GAS,Pierre,Gasly,alpine,Alpine F1 Team,12,10,1.0,53,Finished,False
2023,16,lawson,LAW,Liam,Lawson,alphatauri,AlphaTauri,11,11,0.0,52,Lapped,False
2023,16,tsunoda,TSU,Yuki,Tsunoda,alphatauri,AlphaTauri,9,12,0.0,52,Lapped,False
2023,16,zhou,ZHO,Guanyu,Zhou,alfa,Alfa Romeo,19,13,0.0,52,Lapped,False
2023,16,hulkenberg,HUL,Nico,Hülkenberg,haas,Haas F1 Team,18,14,0.0,52,Lapped,False
2023,16,kevin_magnussen,MAG,Kevin,Magnussen,haas,Haas F1 Team,15,15,0.0,52,Lapped,False
2023,16,albon,ALB,Alexander,Albon,williams,Williams,13,16,0.0,26,Retired,True
2023,16,sargeant,SAR,Logan,Sargeant,williams,Williams,20,17,0.0,22,Retired,True
2023,16,stroll,STR,Lance,Stroll,aston_martin,Aston Martin,17,18,0.0,20,Retired,True
2023,16,perez,PER,Sergio,Pérez,red_bull,Red Bull,5,19,0.0,15,Retired,True
2023,16,bottas,BOT,Valtteri,Bottas,alfa,Alfa Romeo,16,20,0.0,7,Retired,True
2023,17,max_verstappen,VER,Max,Verstappen,red_bull,Red Bull,1,1,26.0,57,Finished,False
2023,17,piastri,PIA,Oscar,Piastri,mclaren,McLaren,6,2,18.0,57,Finished,False
2023,17,norris,NOR,Lando,Norris,mclaren,McLaren,10,3,15.0,57,Finished,False
2023,17,russell,RUS,George,Russell,mercedes,Mercedes,2,4,12.0,57,Finished,False
2023,17,leclerc,LEC,Charles,Leclerc,ferrari,Ferrari,5,5,10.0,57,Finished,False
2023,17,alonso,ALO,Fernando,Alonso,aston_martin,Aston Martin,4,6,8.0,57,Finished,False
2023,17,ocon,OCO,Esteban,Ocon,alpine,Alpine F1 Team,8,7,6.0,57,Finished,False
2023,17,bottas,BOT,Valtteri,Bottas,alfa,Alfa Romeo,9,8,4.0,57,Finished,False
2023,17,zhou,ZHO,Guanyu,Zhou,alfa,Alfa Romeo,19,9,2.0,57,Finished,False
2023,17,perez,PER,Sergio,Pérez,red_bull,Red Bull,20,10,1.0,57,Finished,False
2023,17,stroll,STR,Lance,Stroll,aston_martin,Aston Martin,16,11,0.0,57,Finished,False
2023,17,gasly,GAS,Pierre,Gasly,alpine,Alpine F1 Team,7,12,0.0,57,Finished,False
2023,17,albon,ALB,Alexander,Albon,williams,Williams,13,13,0.0,57,Finished,False
2023,17,kevin_magnussen,MAG,Kevin,Magnussen,haas,Haas F1 Team,18,14,0.0,56,Lapped,False
2023,17,tsunoda,TSU,Yuki,Tsunoda,alphatauri,AlphaTauri,11,15,0.0,56,Lapped,False
2023,17,hulkenberg,HUL,Nico,Hülkenberg,haas,Haas F1 Team,14,16,0.0,56,Lapped,False
2023,17,lawson,LAW,Liam,Lawson,alphatauri,AlphaTauri,17,17,0.0,56,Lapped,False
2023,17,sargeant,SAR,Logan,Sargeant,williams,Williams,15,18,0.0,40,Retired,True
2023,17,hamilton,HAM,Lewis,Hamilton,mercedes,Mercedes,3,19,0.0,0,Retired,True
2023,17,sainz,SAI,Carlos,Sainz,ferrari,Ferrari,12,20,0.0,0,Did not start,True
2023,18,max_verstappen,VER,Max,Verstappen,red_bull,Red Bull,6,1,25.0,56,Finished,False
2023,18,norris,NOR,Lando,Norris,mclaren,McLaren,2,2,18.0,56,Finished,False
2023,18,sainz,SAI,Carlos,Sainz,ferrari,Ferrari,4,3,15.0,56,Finished,False
2023,18,perez,PER,Sergio,Pérez,red_bull,Red Bull,9,4,12.0,56,Finished,False
2023,18,russell,RUS,George,Russell,mercedes,Mercedes,5,5,10.0,56,Finished,False
2023,18,gasly,GAS,Pierre,Gasly,alpine,Alpine F1 Team,7,6,8.0,56,Finished,False
2023,18,stroll,STR,Lance,Stroll,aston_martin,Aston Martin,20,7,6.0,56,Finished,False
2023,18,tsunoda,TSU,Yuki,Tsunoda,alphatauri,AlphaTauri,11,8,5.0,56,Finished,False
2023,18,albon,ALB,Alexander,Albon,williams,Williams,15,9,2.0,56,Finished,False
2023,18,sargeant,SAR,Logan,Sargeant,williams,Williams,16,10,1.0,56,Finished,False
2023,18,hulkenberg,HUL,Nico,Hülkenberg,haas,Haas F1 Team,18,11,0.0,56,Finished,False
2023,18,bottas,BOT,Valtteri,Bottas,alfa,Alfa Romeo,13,12,0.0,56,Finished,False
2023,18,zhou,ZHO,Guanyu,Zhou,alfa,Alfa Romeo,12,13,0.0,55,Lapped,False
2023,18,kevin_magnussen,MAG,Kevin,Magnussen,haas,Haas F1 Team,17,14,0.0,55,Lapped,False
2023,18,ricciardo,RIC,Daniel,Ricciardo,alphatauri,AlphaTauri,14,15,0.0,55,Lapped,False
2023,18,alonso,ALO,Fernando,Alonso,aston_martin,Aston Martin,19,16,0.0,49,Retired,True
2023,18,piastri,PIA,Oscar,Piastri,mclaren,McLaren,10,17,0.0,10,Retired,True
2023,18,ocon,OCO,Esteban,Ocon,alpine,Alpine F1 Team,8,18,0.0,6,Retired,True
2023,18,hamilton,HAM,Lewis,Hamilton,mercedes,Mercedes,3,19,0.0,56,Disqualified,True
2023,18,leclerc,LEC,Charles,Leclerc,ferrari,Ferrari,1,20,0.0,56,Disqualified,True
2023,19,max_verstappen,VER,Max,Verstappen,red_bull,Red Bull,3,1,25.0,71,Finished,False
2023,19,hamilton,HAM,Lewis,Hamilton,mercedes,Mercedes,6,2,19.0,71,Finished,False
2023,19,leclerc,LEC,Charles,Leclerc,ferrari,Ferrari,1,3,15.0,71,Finished,False
2023,19,sainz,SAI,Carlos,Sainz,ferrari,Ferrari,2,4,12.0,71,Finished,False
2023,19,norris,NOR,Lando,Norris,mclaren,McLaren,17,5,10.0,71,Finished,False
2023,19,russell,RUS,George,Russell,mercedes,Mercedes,8,6,8.0,71,Finished,False
2023,19,ricciardo,RIC,Daniel,Ricciardo,alphatauri,AlphaTauri,4,7,6.0,71,Finished,False
2023,19,piastri,PIA,Oscar,Piastri,mclaren,McLaren,7,8,4.0,71,Finished,False
2023,19,albon,ALB,Alexander,Albon,williams,Williams,14,9,2.0,71,Finished,False
2023,19,ocon,OCO,Esteban,Ocon,alpine,Alpine F1 Team,15,10,1.0,71,Finished,False
2023,19,gasly,GAS,Pierre,Gasly,alpine,Alpine F1 Team,11,11,0.0,71,Finished,False
2023,19,tsunoda,TSU,Yuki,Tsunoda,alphatauri,AlphaTauri,18,12,0.0,71,Finished,False
2023,19,hulkenberg,HUL,Nico,Hülkenberg,haas,Haas F1 Team,12,13,0.0,71,Finished,False
2023,19,zhou,ZHO,Guanyu,Zhou,alfa,Alfa Romeo,10,14,0.0,71,Finished,False
2023,19,bottas,BOT,Valtteri,Bottas,alfa,Alfa Romeo,9,15,0.0,71,Finished,False
2023,19,sargeant,SAR,Logan,Sargeant,williams,Williams,19,16,0.0,70,Retired,True
2023,19,stroll,STR,Lance,Stroll,aston_martin,Aston Martin,0,17,0.0,66,Collision damage,True
2023,19,alonso,ALO,Fernando,Alonso,aston_martin,Aston Martin,13,18,0.0,47,Withdrew,True
2023,19,kevin_magnussen,MAG,Kevin,Magnussen,haas,Haas F1 Team,16,19,0.0,31,Accident,True
2023,19,perez,PER,Sergio,Pérez,red_bull,Red Bull,5,20,0.0,1,Collision damage,True
2023,20,max_verstappen,VER,Max,Verstappen,red_bull,Red Bull,1,1,25.0,71,Finished,False
2023,20,norris,NOR,Lando,Norris,mclaren,McLaren,6,2,19.0,71,Finished,False
2023,20,alonso,ALO,Fernando,Alonso,aston_martin,Aston Martin,4,3,15.0,71,Finished,False
2023,20,perez,PER,Sergio,Pérez,red_bull,Red Bull,9,4,12.0,71,Finished,False
2023,20,stroll,STR,Lance,Stroll,aston_martin,Aston Martin,3,5,10.0,71,Finished,False
2023,20,sainz,SAI,Carlos,Sainz,ferrari,Ferrari,7,6,8.0,71,Finished,False
2023,20,gasly,GAS,Pierre,Gasly,alpine,Alpine F1 Team,15,7,6.0,71,Finished,False
2023,20,hamilton,HAM,Lewis,Hamilton,mercedes,Mercedes,5,8,4.0,71,Finished,False
2023,20,tsunoda,TSU,Yuki,Tsunoda,alphatauri,AlphaTauri,16,9,2.0,71,Finished,False
2023,20,ocon,OCO,Esteban,Ocon,alpine,Alpine F1 Team,14,10,1.0,70,Lapped,False
2023,20,sargeant,SAR,Logan,Sargeant,williams,Williams,19,11,0.0,70,Lapped,False
2023,20,hulkenberg,HUL,Nico,Hülkenberg,haas,Haas F1 Team,11,12,0.0,70,Lapped,False
2023,20,ricciardo,RIC,Daniel,Ricciardo,alphatauri,AlphaTauri,17,13,0.0,70,Lapped,False
2023,20,piastri,PIA,Oscar,Piastri,mclaren,McLaren,10,14,0.0,69,Lapped,False
2023,20,russell,RUS,George,Russell,mercedes,Mercedes,8,15,0.0,57,Retired,True
2023,20,bottas,BOT,Valtteri,Bottas,alfa,Alfa Romeo,18,16,0.0,39,Retired,True
2023,20,zhou,ZHO,Guanyu,Zhou,alfa,Alfa Romeo,20,17,0.0,22,Retired,True
2023,20,kevin_magnussen,MAG,Kevin,Magnussen,haas,Haas F1 Team,12,18,0.0,0,Retired,True
2023,20,albon,ALB,Alexander,Albon,williams,Williams,13,19,0.0,0,Retired,True
2023,20,leclerc,LEC,Charles,Leclerc,ferrari,Ferrari,2,20,0.0,0,Did not start,True
2023,21,max_verstappen,VER,Max,Verstappen,red_bull,Red Bull,2,1,25.0,50,Finished,False
2023,21,leclerc,LEC,Charles,Leclerc,ferrari,Ferrari,1,2,18.0,50,Finished,False
2023,21,perez,PER,Sergio,Pérez,red_bull,Red Bull,11,3,15.0,50,Finished,False
2023,21,ocon,OCO,Esteban,Ocon,alpine,Alpine F1 Team,16,4,12.0,50,Finished,False
2023,21,stroll,STR,Lance,Stroll,aston_martin,Aston Martin,19,5,10.0,50,Finished,False
2023,21,sainz,SAI,Carlos,Sainz,ferrari,Ferrari,12,6,8.0,50,Finished,False
2023,21,hamilton,HAM,Lewis,Hamilton,mercedes,Mercedes,10,7,6.0,50,Finished,False
2023,21,russell,RUS,George,Russell,mercedes,Mercedes,3,8,4.0,50,Finished,False
2023,21,alonso,ALO,Fernando,Alonso,aston_martin,Aston Martin,9,9,2.0,50,Finished,False
2023,21,piastri,PIA,Oscar,Piastri,mclaren,McLaren,18,10,2.0,50,Finished,False
2023,21,gasly,GAS,Pierre,Gasly,alpine,Alpine F1 Team,4,11,0.0,50,Finished,False
2023,21,albon,ALB,Alexander,Albon,williams,Williams,5,12,0.0,50,Finished,False
2023,21,kevin_magnussen,MAG,Kevin,Magnussen,haas,Haas F1 Team,8,13,0.0,50,Finished,False
2023,21,ricciardo,RIC,Daniel,Ricciardo,alphatauri,AlphaTauri,14,14,0.0,50,Finished,False
2023,21,zhou,ZHO,Guanyu,Zhou,alfa,Alfa Romeo,17,15,0.0,50,Finished,False
2023,21,sargeant,SAR,Logan,Sargeant,williams,Williams,6,16,0.0,50,Finished,False
2023,21,bottas,BOT,Valtteri,Bottas,alfa,Alfa Romeo,7,17,0.0,50,Finished,False
2023,21,tsunoda,TSU,Yuki,Tsunoda,alphatauri,AlphaTauri,20,18,0.0,46,Retired,True
2023,21,hulkenberg,HUL,Nico,Hülkenberg,haas,Haas F1 Team,13,19,0.0,45,Retired,True
2023,21,norris,NOR,Lando,Norris,mclaren,McLaren,15,20,0.0,2,Retired,True
2023,22,max_verstappen,VER,Max,Verstappen,red_bull,Red Bull,1,1,26.0,58,Finished,False
2023,22,leclerc,LEC,Charles,Leclerc,ferrari,Ferrari,2,2,18.0,58,Finished,False
2023,22,russell,RUS,George,Russell,mercedes,Mercedes,4,3,15.0,58,Finished,False
2023,22,perez,PER,Sergio,Pérez,red_bull,Red Bull,9,4,12.0,58,Finished,False
2023,22,norris,NOR,Lando,Norris,mclaren,McLaren,5,5,10.0,58,Finished,False
2023,22,piastri,PIA,Oscar,Piastri,mclaren,McLaren,3,6,8.0,58,Finished,False
2023,22,alonso,ALO,Fernando,Alonso,aston_martin,Aston Martin,7,7,6.0,58,Finished,False
2023,22,tsunoda,TSU,Yuki,Tsunoda,alphatauri,AlphaTauri,6,8,4.0,58,Finished,False
2023,22,hamilton,HAM,Lewis,Hamilton,mercedes,Mercedes,11,9,2.0,58,Finished,False
2023,22,stroll,STR,Lance,Stroll,aston_martin,Aston Martin,13,10,1.0,58,Finished,False
2023,22,ricciardo,RIC,Daniel,Ricciardo,alphatauri,AlphaTauri,15,11,0.0,58,Finished,False
2023,22,ocon,OCO,Esteban,Ocon,alpine,Alpine F1 Team,12,12,0.0,58,Finished,False
2023,22,gasly,GAS,Pierre,Gasly,alpine,Alpine F1 Team,10,13,0.0,58,Finished,False
2023,22,albon,ALB,Alexander,Albon,williams,Williams,14,14,0.0,58,Finished,False
2023,22,hulkenberg,HUL,Nico,Hülkenberg,haas,Haas F1 Team,8,15,0.0,58,Finished,False
2023,22,sargeant,SAR,Logan,Sargeant,williams,Williams,20,16,0.0,58,Finished,False
2023,22,zhou,ZHO,Guanyu,Zhou,alfa,Alfa Romeo,19,17,0.0,58,Finished,False
2023,22,sainz,SAI,Carlos,Sainz,ferrari,Ferrari,16,18,0.0,57,Retired,True
2023,22,bottas,BOT,Valtteri,Bottas,alfa,Alfa Romeo,18,19,0.0,57,Lapped,False
2023,22,kevin_magnussen,MAG,Kevin,Magnussen,haas,Haas F1 Team,17,20,0.0,57,Lapped,False
2024,1,max_verstappen,VER,Max,Verstappen,red_bull,Red Bull,1,1,26.0,57,Finished,False
2024,1,perez,PER,Sergio,Pérez,red_bull,Red Bull,5,2,18.0,57,Finished,False
2024,1,sainz,SAI,Carlos,Sainz,ferrari,Ferrari,4,3,15.0,57,Finished,False
2024,1,leclerc,LEC,Charles,Leclerc,ferrari,Ferrari,2,4,12.0,57,Finished,False
2024,1,russell,RUS,George,Russell,mercedes,Mercedes,3,5,10.0,57,Finished,False
2024,1,norris,NOR,Lando,Norris,mclaren,McLaren,7,6,8.0,57,Finished,False
2024,1,hamilton,HAM,Lewis,Hamilton,mercedes,Mercedes,9,7,6.0,57,Finished,False
2024,1,piastri,PIA,Oscar,Piastri,mclaren,McLaren,8,8,4.0,57,Finished,False
2024,1,alonso,ALO,Fernando,Alonso,aston_martin,Aston Martin,6,9,2.0,57,Finished,False
2024,1,stroll,STR,Lance,Stroll,aston_martin,Aston Martin,12,10,1.0,57,Finished,False
2024,1,zhou,ZHO,Guanyu,Zhou,sauber,Sauber,17,11,0.0,56,Lapped,False
2024,1,kevin_magnussen,MAG,Kevin,Magnussen,haas,Haas F1 Team,15,12,0.0,56,Lapped,False
2024,1,ricciardo,RIC,Daniel,Ricciardo,rb,RB F1 Team,14,13,0.0,56,Lapped,False
2024,1,tsunoda,TSU,Yuki,Tsunoda,rb,RB F1 Team,11,14,0.0,56,Lapped,False
2024,1,albon,ALB,Alexander,Albon,williams,Williams,13,15,0.0,56,Lapped,False
2024,1,hulkenberg,HUL,Nico,Hülkenberg,haas,Haas F1 Team,10,16,0.0,56,Lapped,False
2024,1,ocon,OCO,Esteban,Ocon,alpine,Alpine F1 Team,19,17,0.0,56,Lapped,False
2024,1,gasly,GAS,Pierre,Gasly,alpine,Alpine F1 Team,20,18,0.0,56,Lapped,False
2024,1,bottas,BOT,Valtteri,Bottas,sauber,Sauber,16,19,0.0,56,Lapped,False
2024,1,sargeant,SAR,Logan,Sargeant,williams,Williams,18,20,0.0,55,Lapped,False
2024,2,max_verstappen,VER,Max,Verstappen,red_bull,Red Bull,1,1,25.0,50,Finished,False
2024,2,perez,PER,Sergio,Pérez,red_bull,Red Bull,3,2,18.0,50,Finished,False
2024,2,leclerc,LEC,Charles,Leclerc,ferrari,Ferrari,2,3,16.0,50,Finished,False
2024,2,piastri,PIA,Oscar,Piastri,mclaren,McLaren,5,4,12.0,50,Finished,False
2024,2,alonso,ALO,Fernando,Alonso,aston_martin,Aston Martin,4,5,10.0,50,Finished,False
2024,2,russell,RUS,George,Russell,mercedes,Mercedes,7,6,8.0,50,Finished,False
2024,2,bearman,BEA,Oliver,Bearman,ferrari,Ferrari,11,7,6.0,50,Finished,False
2024,2,norris,NOR,Lando,Norris,mclaren,McLaren,6,8,4.0,50,Finished,False
2024,2,hamilton,HAM,Lewis,Hamilton,mercedes,Mercedes,8,9,2.0,50,Finished,False
2024,2,hulkenberg,HUL,Nico,Hülkenberg,haas,Haas F1 Team,15,10,1.0,50,Finished,False
2024,2,albon,ALB,Alexander,Albon,williams,Williams,12,11,0.0,50,Finished,False
2024,2,kevin_magnussen,MAG,Kevin,Magnussen,haas,Haas F1 Team,13,12,0.0,50,Finished,False
2024,2,ocon,OCO,Esteban,Ocon,alpine,Alpine F1 Team,17,13,0.0,49,Lapped,False
2024,2,sargeant,SAR,Logan,Sargeant,williams,Williams,19,14,0.0,49,Lapped,False
2024,2,tsunoda,TSU,Yuki,Tsunoda,rb,RB F1 Team,9,15,0.0,49,Lapped,False
2024,2,ricciardo,RIC,Daniel,Ricciardo,rb,RB F1 Team,14,16,0.0,49,Lapped,False
2024,2,bottas,BOT,Valtteri,Bottas,sauber,Sauber,16,17,0.0,49,Lapped,False
2024,2,zhou,ZHO,Guanyu,Zhou,sauber,Sauber,20,18,0.0,49,Lapped,False
2024,2,stroll,STR,Lance,Stroll,aston_martin,Aston Martin,10,19,0.0,5,Retired,True
2024,2,gasly,GAS,Pierre,Gasly,alpine,Alpine F1 Team,18,20,0.0,1,Retired,True
2024,3,sainz,SAI,Carlos,Sainz,ferrari,Ferrari,2,1,25.0,58,Finished,False
2024,3,leclerc,LEC,Charles,Leclerc,ferrari,Ferrari,4,2,19.0,58,Finished,False
2024,3,norris,NOR,Lando,Norris,mclaren,McLaren,3,3,15.0,58,Finished,False
2024,3,piastri,PIA,Oscar,Piastri,mclaren,McLaren,5,4,12.0,58,Finished,False
2024,3,perez,PER,Sergio,Pérez,red_bull,Red Bull,6,5,10.0,58,Finished,False
2024,3,stroll,STR,Lance,Stroll,aston_martin,Aston Martin,9,6,8.0,58,Finished,False
2024,3,tsunoda,TSU,Yuki,Tsunoda,rb,RB F1 Team,8,7,6.0,58,Finished,False
2024,3,alonso,ALO,Fernando,Alonso,aston_martin,Aston Martin,10,8,4.0,58,Finished,False
2024,3,hulkenberg,HUL,Nico,Hülkenberg,haas,Haas F1 Team,16,9,2.0,58,Finished,False
2024,3,kevin_magnussen,MAG,Kevin,Magnussen,haas,Haas F1 Team,14,10,1.0,57,Lapped,False
2024,3,albon,ALB,Alexander,Albon,williams,Williams,12,11,0.0,57,Lapped,False
2024,3,ricciardo,RIC,Daniel,Ricciardo,rb,RB F1 Team,18,12,0.0,57,Lapped,False
2024,3,gasly,GAS,Pierre,Gasly,alpine,Alpine F1 Team,17,13,0.0,57,Lapped,False
2024,3,bottas,BOT,Valtteri,Bottas,sauber,Sauber,13,14,0.0,57,Lapped,False
2024,3,zhou,ZHO,Guanyu,Zhou,sauber,Sauber,19,15,0.0,57,Lapped,False
2024,3,ocon,OCO,Esteban,Ocon,alpine,Alpine F1 Team,15,16,0.0,57,Lapped,False
2024,3,russell,RUS,George,Russell,mercedes,Mercedes,7,17,0.0,56,Retired,True
2024,3,hamilton,HAM,Lewis,Hamilton,mercedes,Mercedes,11,18,0.0,15,Retired,True
2024,3,max_verstappen,VER,Max,Verstappen,red_bull,Red Bull,1,19,0.0,3,Retired,True
2024,4,max_verstappen,VER,Max,Verstappen,red_bull,Red Bull,1,1,26.0,53,Finished,False
2024,4,perez,PER,Sergio,Pérez,red_bull,Red Bull,2,2,18.0,53,Finished,False
2024,4,sainz,SAI,Carlos,Sainz,ferrari,Ferrari,4,3,15.0,53,Finished,False
2024,4,leclerc,LEC,Charles,Leclerc,ferrari,Ferrari,8,4,12.0,53,Finished,False
2024,4,norris,NOR,Lando,Norris,mclaren,McLaren,3,5,10.0,53,Finished,False
2024,4,alonso,ALO,Fernando,Alonso,aston_martin,Aston Martin,5,6,8.0,53,Finished,False
2024,4,russell,RUS,George,Russell,mercedes,Mercedes,9,7,6.0,53,Finished,False
2024,4,piastri,PIA,Oscar,Piastri,mclaren,McLaren,6,8,4.0,53,Finished,False
2024,4,hamilton,HAM,Lewis,Hamilton,mercedes,Mercedes,7,9,2.0,53,Finished,False
2024,4,tsunoda,TSU,Yuki,Tsunoda,rb,RB F1 Team,10,10,1.0,52,Lapped,False
2024,4,hulkenberg,HUL,Nico,Hülkenberg,haas,Haas F1 Team,12,11,0.0,52,Lapped,False
2024,4,stroll,STR,Lance,Stroll,aston_martin,Aston Martin,16,12,0.0,52,Lapped,False
2024,4,kevin_magnussen,MAG,Kevin,Magnussen,haas,Haas F1 Team,18,13,0.0,52,Lapped,False
2024,4,bottas,BOT,Valtteri,Bottas,sauber,Sauber,13,14,0.0,52,Lapped,False
2024,4,ocon,OCO,Esteban,Ocon,alpine,Alpine F1 Team,15,15,0.0,52,Lapped,False
2024,4,gasly,GAS,Pierre,Gasly,alpine,Alpine F1 Team,17,16,0.0,52,Lapped,False
2024,4,sargeant,SAR,Logan,Sargeant,williams,Williams,19,17,0.0,52,Lapped,False
2024,4,zhou,ZHO,Guanyu,Zhou,sauber,Sauber,20,18,0.0,12,Retired,True
2024,4,ricciardo,RIC,Daniel,Ricciardo,rb,RB F1 Team,11,19,0.0,0,Retired,True
2024,4,albon,ALB,Alexander,Albon,williams,Williams,14,20,0.0,0,Retired,True
2024,5,max_verstappen,VER,Max,Verstappen,red_bull,Red Bull,1,1,25.0,56,Finished,False
2024,5,norris,NOR,Lando,Norris,mclaren,McLaren,4,2,18.0,56,Finished,False
2024,5,perez,PER,Sergio,Pérez,red_bull,Red Bull,2,3,15.0,56,Finished,False
2024,5,leclerc,LEC,Charles,Leclerc,ferrari,Ferrari,6,4,12.0,56,Finished,False
2024,5,sainz,SAI,Carlos,Sainz,ferrari,Ferrari,7,5,10.0,56,Finished,False
2024,5,russell,RUS,George,Russell,mercedes,Mercedes,8,6,8.0,56,Finished,False
2024,5,alonso,ALO,Fernando,Alonso,aston_martin,Aston Martin,3,7,7.0,56,Finished,False
2024,5,piastri,PIA,Oscar,Piastri,mclaren,McLaren,5,8,4.0,56,Finished,False
2024,5,hamilton,HAM,Lewis,Hamilton,mercedes,Mercedes,18,9,2.0,56,Finished,False
2024,5,hulkenberg,HUL,Nico,Hülkenberg,haas,Haas F1 Team,9,10,1.0,56,Finished,False
2024,5,ocon,OCO,Esteban,Ocon,alpine,Alpine F1 Team,13,11,0.0,56,Finished,False
2024,5,albon,ALB,Alexander,Albon,williams,Williams,14,12,0.0,56,Finished,False
2024,5,gasly,GAS,Pierre,Gasly,alpine,Alpine F1 Team,15,13,0.0,56,Finished,False
2024,5,zhou,ZHO,Guanyu,Zhou,sauber,Sauber,16,14,0.0,56,Finished,False
2024,5,stroll,STR,Lance,Stroll,aston_martin,Aston Martin,11,15,0.0,56,Finished,False
2024,5,kevin_magnussen,MAG,Kevin,Magnussen,haas,Haas F1 Team,17,16,0.0,56,Finished,False
2024,5,sargeant,SAR,Logan,Sargeant,williams,Williams,20,17,0.0,56,Finished,False
2024,5,ricciardo,RIC,Daniel,Ricciardo,rb,RB F1 Team,12,18,0.0,33,Retired,True
2024,5,tsunoda,TSU,Yuki,Tsunoda,rb,RB F1 Team,19,19,0.0,26,Retired,True
2024,5,bottas,BOT,Valtteri,Bottas,sauber,Sauber,10,20,0.0,19,Retired,True
2024,6,norris,NOR,Lando,Norris,mclaren,McLaren,5,1,25.0,57,Finished,False
2024,6,max_verstappen,VER,Max,Verstappen,red_bull,Red Bull,1,2,18.0,57,Finished,False
2024,6,leclerc,LEC,Charles,Leclerc,ferrari,Ferrari,2,3,15.0,57,Finished,False
2024,6,perez,PER,Sergio,Pérez,red_bull,Red Bull,4,4,12.0,57,Finished,False
2024,6,sainz,SAI,Carlos,Sainz,ferrari,Ferrari,3,5,10.0,57,Finished,False
2024,6,hamilton,HAM,Lewis,Hamilton,mercedes,Mercedes,8,6,8.0,57,Finished,False
2024,6,tsunoda,TSU,Yuki,Tsunoda,rb,RB F1 Team,10,7,6.0,57,Finished,False
2024,6,russell,RUS,George,Russell,mercedes,Mercedes,7,8,4.0,57,Finished,False
2024,6,alonso,ALO,Fernando,Alonso,aston_martin,Aston Martin,15,9,2.0,57,Finished,False
2024,6,ocon,OCO,Esteban,Ocon,alpine,Alpine F1 Team,13,10,1.0,57,Finished,False
2024,6,hulkenberg,HUL,Nico,Hülkenberg,haas,Haas F1 Team,9,11,0.0,57,Finished,False
2024,6,gasly,GAS,Pierre,Gasly,alpine,Alpine F1 Team,12,12,0.0,57,Finished,False
2024,6,piastri,PIA,Oscar,Piastri,mclaren,McLaren,6,13,0.0,57,Finished,False
2024,6,zhou,ZHO,Guanyu,Zhou,sauber,Sauber,19,14,0.0,57,Finished,False
2024,6,ricciardo,RIC,Daniel,Ricciardo,rb,RB F1 Team,20,15,0.0,57,Finished,False
2024,6,bottas,BOT,Valtteri,Bottas,sauber,Sauber,16,16,0.0,57,Finished,False
2024,6,stroll,STR,Lance,Stroll,aston_martin,Aston Martin,11,17,0.0,57,Finished,False
2024,6,albon,ALB,Alexander,Albon,williams,Williams,14,18,0.0,57,Finished,False
2024,6,kevin_magnussen,MAG,Kevin,Magnussen,haas,Haas F1 Team,18,19,0.0,57,Finished,False
2024,6,sargeant,SAR,Logan,Sargeant,williams,Williams,17,20,0.0,27,Retired,True
2024,7,max_verstappen,VER,Max,Verstappen,red_bull,Red Bull,1,1,25.0,63,Finished,False
2024,7,norris,NOR,Lando,Norris,mclaren,McLaren,2,2,18.0,63,Finished,False
2024,7,leclerc,LEC,Charles,Leclerc,ferrari,Ferrari,3,3,15.0,63,Finished,False
2024,7,piastri,PIA,Oscar,Piastri,mclaren,McLaren,5,4,12.0,63,Finished,False
2024,7,sainz,SAI,Carlos,Sainz,ferrari,Ferrari,4,5,10.0,63,Finished,False
2024,7,hamilton,HAM,Lewis,Hamilton,mercedes,Mercedes,8,6,8.0,63,Finished,False
2024,7,russell,RUS,George,Russell,mercedes,Mercedes,6,7,7.0,63,Finished,False
2024,7,perez,PER,Sergio,Pérez,red_bull,Red Bull,11,8,4.0,63,Finished,False
2024,7,stroll,STR,Lance,Stroll,aston_martin,Aston Martin,13,9,2.0,63,Finished,False
2024,7,tsunoda,TSU,Yuki,Tsunoda,rb,RB F1 Team,7,10,1.0,62,Lapped,False
2024,7,hulkenberg,HUL,Nico,Hülkenberg,haas,Haas F1 Team,10,11,0.0,62,Lapped,False
2024,7,kevin_magnussen,MAG,Kevin,Magnussen,haas,Haas F1 Team,18,12,0.0,62,Lapped,False
2024,7,ricciardo,RIC,Daniel,Ricciardo,rb,RB F1 Team,9,13,0.0,62,Lapped,False
2024,7,ocon,OCO,Esteban,Ocon,alpine,Alpine F1 Team,12,14,0.0,62,Lapped,False
2024,7,zhou,ZHO,Guanyu,Zhou,sauber,Sauber,17,15,0.0,62,Lapped,False
2024,7,gasly,GAS,Pierre,Gasly,alpine,Alpine F1 Team,15,16,0.0,62,Lapped,False
2024,7,sargeant,SAR,Logan,Sargeant,williams,Williams,19,17,0.0,62,Lapped,False
2024,7,bottas,BOT,Valtteri,Bottas,sauber,Sauber,16,18,0.0,62,Lapped,False
2024,7,alonso,ALO,Fernando,Alonso,aston_martin,Aston Martin,20,19,0.0,62,Lapped,False
2024,7,albon,ALB,Alexander,Albon,williams,Williams,14,20,0.0,51,Retired,True
2024,8,leclerc,LEC,Charles,Leclerc,ferrari,Ferrari,1,1,25.0,78,Finished,False
2024,8,piastri,PIA,Oscar,Piastri,mclaren,McLaren,2,2,18.0,78,Finished,False
2024,8,sainz,SAI,Carlos,Sainz,ferrari,Ferrari,3,3,15.0,78,Finished,False
2024,8,norris,NOR,Lando,Norris,mclaren,McLaren,4,4,12.0,78,Finished,False
2024,8,russell,RUS,George,Russell,mercedes,Mercedes,5,5,10.0,78,Finished,False
2024,8,max_verstappen,VER,Max,Verstappen,red_bull,Red Bull,6,6,8.0,78,Finished,False
2024,8,hamilton,HAM,Lewis,Hamilton,mercedes,Mercedes,7,7,7.0,78,Finished,False
2024,8,tsunoda,TSU,Yuki,Tsunoda,rb,RB F1 Team,8,8,4.0,77,Lapped,False
2024,8,albon,ALB,Alexander,Albon,williams,Williams,9,9,2.0,77,Lapped,False
2024,8,gasly,GAS,Pierre,Gasly,alpine,Alpine F1 Team,10,10,1.0,77,Lapped,False
2024,8,alonso,ALO,Fernando,Alonso,aston_martin,Aston Martin,14,11,0.0,76,Lapped,False
2024,8,ricciardo,RIC,Daniel,Ricciardo,rb,RB F1 Team,12,12,0.0,76,Lapped,False
2024,8,bottas,BOT,Valtteri,Bottas,sauber,Sauber,17,13,0.0,76,Lapped,False
2024,8,stroll,STR,Lance,Stroll,aston_martin,Aston Martin,13,14,0.0,76,Lapped,False
2024,8,sargeant,SAR,Logan,Sargeant,williams,Williams,15,15,0.0,76,Lapped,False
2024,8,zhou,ZHO,Guanyu,Zhou,sauber,Sauber,18,16,0.0,76,Lapped,False
2024,8,ocon,OCO,Esteban,Ocon,alpine,Alpine F1 Team,11,17,0.0,0,Retired,True
2024,8,perez,PER,Sergio,Pérez,red_bull,Red Bull,16,18,0.0,0,Retired,True
2024,8,hulkenberg,HUL,Nico,Hülkenberg,haas,Haas F1 Team,19,19,0.0,0,Retired,True
2024,8,kevin_magnussen,MAG,Kevin,Magnussen,haas,Haas F1 Team,20,20,0.0,0,Retired,True
2024,9,max_verstappen,VER,Max,Verstappen,red_bull,Red Bull,2,1,25.0,70,Finished,False
2024,9,norris,NOR,Lando,Norris,mclaren,McLaren,3,2,18.0,70,Finished,False
2024,9,russell,RUS,George,Russell,mercedes,Mercedes,1,3,15.0,70,Finished,False
2024,9,hamilton,HAM,Lewis,Hamilton,mercedes,Mercedes,7,4,13.0,70,Finished,False
2024,9,piastri,PIA,Oscar,Piastri,mclaren,McLaren,4,5,10.0,70,Finished,False
2024,9,alonso,ALO,Fernando,Alonso,aston_martin,Aston Martin,6,6,8.0,70,Finished,False
2024,9,stroll,STR,Lance,Stroll,aston_martin,Aston Martin,9,7,6.0,70,Finished,False
2024,9,ricciardo,RIC,Daniel,Ricciardo,rb,RB F1 Team,5,8,4.0,70,Finished,False
2024,9,gasly,GAS,Pierre,Gasly,alpine,Alpine F1 Team,15,9,2.0,70,Finished,False
2024,9,ocon,OCO,Esteban,Ocon,alpine,Alpine F1 Team,18,10,1.0,70,Finished,False
2024,9,hulkenberg,HUL,Nico,Hülkenberg,haas,Haas F1 Team,17,11,0.0,70,Finished,False
2024,9,kevin_magnussen,MAG,Kevin,Magnussen,haas,Haas F1 Team,14,12,0.0,70,Finished,False
2024,9,bottas,BOT,Valtteri,Bottas,sauber,Sauber,19,13,0.0,70,Finished,False
2024,9,tsunoda,TSU,Yuki,Tsunoda,rb,RB F1 Team,8,14,0.0,70,Finished,False
2024,9,zhou,ZHO,Guanyu,Zhou,sauber,Sauber,20,15,0.0,69,Lapped,False
2024,9,sainz,SAI,Carlos,Sainz,ferrari,Ferrari,12,16,0.0,52,Retired,True
2024,9,albon,ALB,Alexander,Albon,williams,Williams,10,17,0.0,52,Retired,True
2024,9,perez,PER,Sergio,Pérez,red_bull,Red Bull,16,18,0.0,51,Retired,True
2024,9,leclerc,LEC,Charles,Leclerc,ferrari,Ferrari,11,19,0.0,40,Retired,True
2024,9,sargeant,SAR,Logan,Sargeant,williams,Williams,13,20,0.0,23,Retired,True
2024,10,max_verstappen,VER,Max,Verstappen,red_bull,Red Bull,2,1,25.0,66,Finished,False
2024,10,norris,NOR,Lando,Norris,mclaren,McLaren,1,2,19.0,66,Finished,False
2024,10,hamilton,HAM,Lewis,Hamilton,mercedes,Mercedes,3,3,15.0,66,Finished,False
2024,10,russell,RUS,George,Russell,mercedes,Mercedes,4,4,12.0,66,Finished,False
2024,10,leclerc,LEC,Charles,Leclerc,ferrari,Ferrari,5,5,10.0,66,Finished,False
2024,10,sainz,SAI,Carlos,Sainz,ferrari,Ferrari,6,6,8.0,66,Finished,False
2024,10,piastri,PIA,Oscar,Piastri,mclaren,McLaren,9,7,6.0,66,Finished,False
2024,10,perez,PER,Sergio,Pérez,red_bull,Red Bull,11,8,4.0,66,Finished,False
2024,10,gasly,GAS,Pierre,Gasly,alpine,Alpine F1 Team,7,9,2.0,66,Finished,False
2024,10,ocon,OCO,Esteban,Ocon,alpine,Alpine F1 Team,8,10,1.0,66,Finished,False
2024,10,hulkenberg,HUL,Nico,Hülkenberg,haas,Haas F1 Team,13,11,0.0,66,Finished,False
2024,10,alonso,ALO,Fernando,Alonso,aston_martin,Aston Martin,10,12,0.0,65,Lapped,False
2024,10,zhou,ZHO,Guanyu,Zhou,sauber,Sauber,15,13,0.0,65,Lapped,False
2024,10,stroll,STR,Lance,Stroll,aston_martin,Aston Martin,14,14,0.0,65,Lapped,False
2024,10,ricciardo,RIC,Daniel,Ricciardo,rb,RB F1 Team,18,15,0.0,65,Lapped,False
2024,10,bottas,BOT,Valtteri,Bottas,sauber,Sauber,12,16,0.0,65,Lapped,False
2024,10,kevin_magnussen,MAG,Kevin,Magnussen,haas,Haas F1 Team,16,17,0.0,65,Lapped,False
2024,10,albon,ALB,Alexander,Albon,williams,Williams,20,18,0.0,65,Lapped,False
2024,10,tsunoda,TSU,Yuki,Tsunoda,rb,RB F1 Team,17,19,0.0,65,Lapped,False
2024,10,sargeant,SAR,Logan,Sargeant,williams,Williams,19,20,0.0,64,Lapped,False
2024,11,russell,RUS,George,Russell,mercedes,Mercedes,3,1,25.0,71,Finished,False
2024,11,piastri,PIA,Oscar,Piastri,mclaren,McLaren,7,2,18.0,71,Finished,False
2024,11,sainz,SAI,Carlos,Sainz,ferrari,Ferrari,4,3,15.0,71,Finished,False
2024,11,hamilton,HAM,Lewis,Hamilton,mercedes,Mercedes,5,4,12.0,71,Finished,False
2024,11,max_verstappen,VER,Max,Verstappen,red_bull,Red Bull,1,5,10.0,71,Finished,False
2024,11,hulkenberg,HUL,Nico,Hülkenberg,haas,Haas F1 Team,9,6,8.0,71,Finished,False
2024,11,perez,PER,Sergio,Pérez,red_bull,Red Bull,8,7,6.0,71,Finished,False
2024,11,kevin_magnussen,MAG,Kevin,Magnussen,haas,Haas F1 Team,12,8,4.0,71,Finished,False
2024,11,ricciardo,RIC,Daniel,Ricciardo,rb,RB F1 Team,11,9,2.0,71,Finished,False
2024,11,gasly,GAS,Pierre,Gasly,alpine,Alpine F1 Team,13,10,1.0,71,Finished,False
2024,11,leclerc,LEC,Charles,Leclerc,ferrari,Ferrari,6,11,0.0,71,Finished,False
2024,11,ocon,OCO,Esteban,Ocon,alpine,Alpine F1 Team,10,12,0.0,71,Finished,False
2024,11,stroll,STR,Lance,Stroll,aston_martin,Aston Martin,17,13,0.0,70,Lapped,False
2024,11,tsunoda,TSU,Yuki,Tsunoda,rb,RB F1 Team,14,14,0.0,70,Lapped,False
2024,11,albon,ALB,Alexander,Albon,williams,Williams,16,15,0.0,70,Lapped,False
2024,11,bottas,BOT,Valtteri,Bottas,sauber,Sauber,18,16,0.0,70,Lapped,False
2024,11,zhou,ZHO,Guanyu,Zhou,sauber,Sauber,20,17,0.0,70,Lapped,False
2024,11,alonso,ALO,Fernando,Alonso,aston_martin,Aston Martin,15,18,0.0,70,Lapped,False
2024,11,sargeant,SAR,Logan,Sargeant,williams,Williams,19,19,0.0,69,Lapped,False
2024,11,norris,NOR,Lando,Norris,mclaren,McLaren,2,20,0.0,64,Lapped,False
2024,12,hamilton,HAM,Lewis,Hamilton,mercedes,Mercedes,2,1,25.0,52,Finished,False
2024,12,max_verstappen,VER,Max,Verstappen,red_bull,Red Bull,4,2,18.0,52,Finished,False
2024,12,norris,NOR,Lando,Norris,mclaren,McLaren,3,3,15.0,52,Finished,False
2024,12,piastri,PIA,Oscar,Piastri,mclaren,McLaren,5,4,12.0,52,Finished,False
2024,12,sainz,SAI,Carlos,Sainz,ferrari,Ferrari,7,5,11.0,52,Finished,False
2024,12,hulkenberg,HUL,Nico,Hülkenberg,haas,Haas F1 Team,6,6,8.0,52,Finished,False
2024,12,stroll,STR,Lance,Stroll,aston_martin,Aston Martin,8,7,6.0,52,Finished,False
2024,12,alonso,ALO,Fernando,Alonso,aston_martin,Aston Martin,10,8,4.0,52,Finished,False
2024,12,albon,ALB,Alexander,Albon,williams,Williams,9,9,2.0,52,Finished,False
2024,12,tsunoda,TSU,Yuki,Tsunoda,rb,RB F1 Team,13,10,1.0,52,Finished,False
2024,12,sargeant,SAR,Logan,Sargeant,williams,Williams,12,11,0.0,52,Finished,False
2024,12,kevin_magnussen,MAG,Kevin,Magnussen,haas,Haas F1 Team,17,12,0.0,52,Finished,False
2024,12,ricciardo,RIC,Daniel,Ricciardo,rb,RB F1 Team,15,13,0.0,51,Lapped,False
2024,12,leclerc,LEC,Charles,Leclerc,ferrari,Ferrari,11,14,0.0,51,Lapped,False
2024,12,bottas,BOT,Valtteri,Bottas,sauber,Sauber,16,15,0.0,51,Lapped,False
2024,12,ocon,OCO,Esteban,Ocon,alpine,Alpine F1 Team,18,16,0.0,50,Lapped,False
2024,12,perez,PER,Sergio,Pérez,red_bull,Red Bull,20,17,0.0,50,Lapped,False
2024,12,zhou,ZHO,Guanyu,Zhou,sauber,Sauber,14,18,0.0,50,Lapped,False
2024,12,russell,RUS,George,Russell,mercedes,Mercedes,1,19,0.0,33,Retired,True
2024,12,gasly,GAS,Pierre,Gasly,alpine,Alpine F1 Team,19,20,0.0,0,Did not start,True
2024,13,piastri,PIA,Oscar,Piastri,mclaren,McLaren,2,1,25.0,70,Finished,False
2024,13,norris,NOR,Lando,Norris,mclaren,McLaren,1,2,18.0,70,Finished,False
2024,13,hamilton,HAM,Lewis,Hamilton,mercedes,Mercedes,5,3,15.0,70,Finished,False
2024,13,leclerc,LEC,Charles,Leclerc,ferrari,Ferrari,6,4,12.0,70,Finished,False
2024,13,max_verstappen,VER,Max,Verstappen,red_bull,Red Bull,3,5,10.0,70,Finished,False
2024,13,sainz,SAI,Carlos,Sainz,ferrari,Ferrari,4,6,8.0,70,Finished,False
2024,13,perez,PER,Sergio,Pérez,red_bull,Red Bull,16,7,6.0,70,Finished,False
2024,13,russell,RUS,George,Russell,mercedes,Mercedes,17,8,5.0,70,Finished,False
2024,13,tsunoda,TSU,Yuki,Tsunoda,rb,RB F1 Team,10,9,2.0,70,Finished,False
2024,13,stroll,STR,Lance,Stroll,aston_martin,Aston Martin,8,10,1.0,70,Finished,False
2024,13,alonso,ALO,Fernando,Alonso,aston_martin,Aston Martin,7,11,0.0,70,Finished,False
2024,13,ricciardo,RIC,Daniel,Ricciardo,rb,RB F1 Team,9,12,0.0,69,Lapped,False
2024,13,hulkenberg,HUL,Nico,Hülkenberg,haas,Haas F1 Team,11,13,0.0,69,Lapped,False
2024,13,albon,ALB,Alexander,Albon,williams,Williams,13,14,0.0,69,Lapped,False
2024,13,kevin_magnussen,MAG,Kevin,Magnussen,haas,Haas F1 Team,15,15,0.0,69,Lapped,False
2024,13,bottas,BOT,Valtteri,Bottas,sauber,Sauber,12,16,0.0,69,Lapped,False
2024,13,sargeant,SAR,Logan,Sargeant,williams,Williams,14,17,0.0,69,Lapped,False
2024,13,ocon,OCO,Esteban,Ocon,alpine,Alpine F1 Team,19,18,0.0,69,Lapped,False
2024,13,zhou,ZHO,Guanyu,Zhou,sauber,Sauber,18,19,0.0,69,Lapped,False
2024,13,gasly,GAS,Pierre,Gasly,alpine,Alpine F1 Team,20,20,0.0,33,Retired,True
2024,14,hamilton,HAM,Lewis,Hamilton,mercedes,Mercedes,3,1,25.0,44,Finished,False
2024,14,piastri,PIA,Oscar,Piastri,mclaren,McLaren,5,2,18.0,44,Finished,False
2024,14,leclerc,LEC,Charles,Leclerc,ferrari,Ferrari,1,3,15.0,44,Finished,False
2024,14,max_verstappen,VER,Max,Verstappen,red_bull,Red Bull,11,4,12.0,44,Finished,False
2024,14,norris,NOR,Lando,Norris,mclaren,McLaren,4,5,10.0,44,Finished,False
2024,14,sainz,SAI,Carlos,Sainz,ferrari,Ferrari,7,6,8.0,44,Finished,False
2024,14,perez,PER,Sergio,Pérez,red_bull,Red Bull,2,7,7.0,44,Finished,False
2024,14,alonso,ALO,Fernando,Alonso,aston_martin,Aston Martin,8,8,4.0,44,Finished,False
2024,14,ocon,OCO,Esteban,Ocon,alpine,Alpine F1 Team,9,9,2.0,44,Finished,False
2024,14,ricciardo,RIC,Daniel,Ricciardo,rb,RB F1 Team,13,10,1.0,44,Finished,False
2024,14,stroll,STR,Lance,Stroll,aston_martin,Aston Martin,15,11,0.0,44,Finished,False
2024,14,albon,ALB,Alexander,Albon,williams,Williams,10,12,0.0,44,Finished,False
2024,14,gasly,GAS,Pierre,Gasly,alpine,Alpine F1 Team,12,13,0.0,44,Finished,False
2024,14,kevin_magnussen,MAG,Kevin,Magnussen,haas,Haas F1 Team,17,14,0.0,44,Finished,False
2024,14,bottas,BOT,Valtteri,Bottas,sauber,Sauber,14,15,0.0,44,Finished,False
2024,14,tsunoda,TSU,Yuki,Tsunoda,rb,RB F1 Team,20,16,0.0,44,Finished,False
2024,14,sargeant,SAR,Logan,Sargeant,williams,Williams,18,17,0.0,44,Finished,False
2024,14,hulkenberg,HUL,Nico,Hülkenberg,haas,Haas F1 Team,16,18,0.0,44,Finished,False
2024,14,zhou,ZHO,Guanyu,Zhou,sauber,Sauber,19,19,0.0,5,Retired,True
2024,14,russell,RUS,George,Russell,mercedes,Mercedes,6,20,0.0,44,Disqualified,True
2024,15,norris,NOR,Lando,Norris,mclaren,McLaren,1,1,26.0,72,Finished,False
2024,15,max_verstappen,VER,Max,Verstappen,red_bull,Red Bull,2,2,18.0,72,Finished,False
2024,15,leclerc,LEC,Charles,Leclerc,ferrari,Ferrari,6,3,15.0,72,Finished,False
2024,15,piastri,PIA,Oscar,Piastri,mclaren,McLaren,3,4,12.0,72,Finished,False
2024,15,sainz,SAI,Carlos,Sainz,ferrari,Ferrari,10,5,10.0,72,Finished,False
2024,15,perez,PER,Sergio,Pérez,red_bull,Red Bull,5,6,8.0,72,Finished,False
2024,15,russell,RUS,George,Russell,mercedes,Mercedes,4,7,6.0,72,Finished,False
2024,15,hamilton,HAM,Lewis,Hamilton,mercedes,Mercedes,14,8,4.0,72,Finished,False
2024,15,gasly,GAS,Pierre,Gasly,alpine,Alpine F1 Team,9,9,2.0,71,Lapped,False
2024,15,alonso,ALO,Fernando,Alonso,aston_martin,Aston Martin,7,10,1.0,71,Lapped,False
2024,15,hulkenberg,HUL,Nico,Hülkenberg,haas,Haas F1 Team,12,11,0.0,71,Lapped,False
2024,15,ricciardo,RIC,Daniel,Ricciardo,rb,RB F1 Team,13,12,0.0,71,Lapped,False
2024,15,stroll,STR,Lance,Stroll,aston_martin,Aston Martin,8,13,0.0,71,Lapped,False
2024,15,albon,ALB,Alexander,Albon,williams,Williams,19,14,0.0,71,Lapped,False
2024,15,ocon,OCO,Esteban,Ocon,alpine,Alpine F1 Team,15,15,0.0,71,Lapped,False
2024,15,sargeant,SAR,Logan,Sargeant,williams,Williams,18,16,0.0,71,Lapped,False
2024,15,tsunoda,TSU,Yuki,Tsunoda,rb,RB F1 Team,11,17,0.0,71,Lapped,False
2024,15,kevin_magnussen,MAG,Kevin,Magnussen,haas,Haas F1 Team,20,18,0.0,71,Lapped,False
2024,15,bottas,BOT,Valtteri,Bottas,sauber,Sauber,16,19,0.0,70,Lapped,False
2024,15,zhou,ZHO,Guanyu,Zhou,sauber,Sauber,17,20,0.0,70,Lapped,False
2024,16,leclerc,LEC,Charles,Leclerc,ferrari,Ferrari,4,1,25.0,53,Finished,False
2024,16,piastri,PIA,Oscar,Piastri,mclaren,McLaren,2,2,18.0,53,Finished,False
2024,16,norris,NOR,Lando,Norris,mclaren,McLaren,1,3,16.0,53,Finished,False
2024,16,sainz,SAI,Carlos,Sainz,ferrari,Ferrari,5,4,12.0,53,Finished,False
2024,16,hamilton,HAM,Lewis,Hamilton,mercedes,Mercedes,6,5,10.0,53,Finished,False
2024,16,max_verstappen,VER,Max,Verstappen,red_bull,Red Bull,7,6,8.0,53,Finished,False
2024,16,russell,RUS,George,Russell,mercedes,Mercedes,3,7,6.0,53,Finished,False
2024,16,perez,PER,Sergio,Pérez,red_bull,Red Bull,8,8,4.0,53,Finished,False
2024,16,albon,ALB,Alexander,Albon,williams,Williams,9,9,2.0,53,Finished,False
2024,16,kevin_magnussen,MAG,Kevin,Magnussen,haas,Haas F1 Team,13,10,1.0,53,Finished,False
2024,16,alonso,ALO,Fernando,Alonso,aston_martin,Aston Martin,11,11,0.0,53,Finished,False
2024,16,colapinto,COL,Franco,Colapinto,williams,Williams,18,12,0.0,53,Finished,False
2024,16,ricciardo,RIC,Daniel,Ricciardo,rb,RB F1 Team,12,13,0.0,53,Finished,False
2024,16,ocon,OCO,Esteban,Ocon,alpine,Alpine F1 Team,15,14,0.0,52,Lapped,False
2024,16,gasly,GAS,Pierre,Gasly,alpine,Alpine F1 Team,14,15,0.0,52,Lapped,False
2024,16,bottas,BOT,Valtteri,Bottas,sauber,Sauber,19,16,0.0,52,Lapped,False
2024,16,hulkenberg,HUL,Nico,Hülkenberg,haas,Haas F1 Team,10,17,0.0,52,Lapped,False
2024,16,zhou,ZHO,Guanyu,Zhou,sauber,Sauber,20,18,0.0,52,Lapped,False
2024,16,stroll,STR,Lance,Stroll,aston_martin,Aston Martin,17,19,0.0,52,Lapped,False
2024,16,tsunoda,TSU,Yuki,Tsunoda,rb,RB F1 Team,16,20,0.0,7,Retired,True
2024,17,piastri,PIA,Oscar,Piastri,mclaren,McLaren,2,1,25.0,51,Finished,False
2024,17,leclerc,LEC,Charles,Leclerc,ferrari,Ferrari,1,2,18.0,51,Finished,False
2024,17,russell,RUS,George,Russell,mercedes,Mercedes,5,3,15.0,51,Finished,False
2024,17,norris,NOR,Lando,Norris,mclaren,McLaren,15,4,13.0,51,Finished,False
2024,17,max_verstappen,VER,Max,Verstappen,red_bull,Red Bull,6,5,10.0,51,Finished,False
2024,17,alonso,ALO,Fernando,Alonso,aston_martin,Aston Martin,7,6,8.0,51,Finished,False
2024,17,albon,ALB,Alexander,Albon,williams,Williams,9,7,6.0,51,Finished,False
2024,17,colapinto,COL,Franco,Colapinto,williams,Williams,8,8,4.0,51,Finished,False
2024,17,hamilton,HAM,Lewis,Hamilton,mercedes,Mercedes,19,9,2.0,51,Finished,False
2024,17,bearman,BEA,Oliver,Bearman,haas,Haas F1 Team,10,10,1.0,51,Finished,False
2024,17,hulkenberg,HUL,Nico,Hülkenberg,haas,Haas F1 Team,12,11,0.0,51,Finished,False
2024,17,gasly,GAS,Pierre,Gasly,alpine,Alpine F1 Team,18,12,0.0,51,Finished,False
2024,17,ricciardo,RIC,Daniel,Ricciardo,rb,RB F1 Team,14,13,0.0,51,Finished,False
2024,17,zhou,ZHO,Guanyu,Zhou,sauber,Sauber,17,14,0.0,51,Finished,False
2024,17,ocon,OCO,Esteban,Ocon,alpine,Alpine F1 Team,20,15,0.0,50,Lapped,False
2024,17,bottas,BOT,Valtteri,Bottas,sauber,Sauber,16,16,0.0,50,Lapped,False
2024,17,perez,PER,Sergio,Pérez,red_bull,Red Bull,4,17,0.0,49,Retired,True
2024,17,sainz,SAI,Carlos,Sainz,ferrari,Ferrari,3,18,0.0,49,Retired,True
2024,17,stroll,STR,Lance,Stroll,aston_martin,Aston Martin,13,19,0.0,45,Retired,True
2024,17,tsunoda,TSU,Yuki,Tsunoda,rb,RB F1 Team,11,20,0.0,14,Retired,True
2024,18,norris,NOR,Lando,Norris,mclaren,McLaren,1,1,25.0,62,Finished,False
2024,18,max_verstappen,VER,Max,Verstappen,red_bull,Red Bull,2,2,18.0,62,Finished,False
2024,18,piastri,PIA,Oscar,Piastri,mclaren,McLaren,5,3,15.0,62,Finished,False
2024,18,russell,RUS,George,Russell,mercedes,Mercedes,4,4,12.0,62,Finished,False
2024,18,leclerc,LEC,Charles,Leclerc,ferrari,Ferrari,9,5,10.0,62,Finished,False
2024,18,hamilton,HAM,Lewis,Hamilton,mercedes,Mercedes,3,6,8.0,62,Finished,False
2024,18,sainz,SAI,Carlos,Sainz,ferrari,Ferrari,10,7,6.0,62,Finished,False
2024,18,alonso,ALO,Fernando,Alonso,aston_martin,Aston Martin,7,8,4.0,61,Lapped,False
2024,18,hulkenberg,HUL,Nico,Hülkenberg,haas,Haas F1 Team,6,9,2.0,61,Lapped,False
2024,18,perez,PER,Sergio,Pérez,red_bull,Red Bull,13,10,1.0,61,Lapped,False
2024,18,colapinto,COL,Franco,Colapinto,williams,Williams,12,11,0.0,61,Lapped,False
2024,18,tsunoda,TSU,Yuki,Tsunoda,rb,RB F1 Team,8,12,0.0,61,Lapped,False
2024,18,ocon,OCO,Esteban,Ocon,alpine,Alpine F1 Team,15,13,0.0,61,Lapped,False
2024,18,stroll,STR,Lance,Stroll,aston_martin,Aston Martin,17,14,0.0,61,Lapped,False
2024,18,zhou,ZHO,Guanyu,Zhou,sauber,Sauber,20,15,0.0,61,Lapped,False
2024,18,bottas,BOT,Valtteri,Bottas,sauber,Sauber,19,16,0.0,61,Lapped,False
2024,18,gasly,GAS,Pierre,Gasly,alpine,Alpine F1 Team,18,17,0.0,61,Lapped,False
2024,18,ricciardo,RIC,Daniel,Ricciardo,rb,RB F1 Team,16,18,0.0,61,Lapped,False
2024,18,kevin_magnussen,MAG,Kevin,Magnussen,haas,Haas F1 Team,14,19,0.0,57,Retired,True
2024,18,albon,ALB,Alexander,Albon,williams,Williams,11,20,0.0,15,Retired,True
2024,19,leclerc,LEC,Charles,Leclerc,ferrari,Ferrari,4,1,25.0,56,Finished,False
2024,19,sainz,SAI,Carlos,Sainz,ferrari,Ferrari,3,2,18.0,56,Finished,False
2024,19,max_verstappen,VER,Max,Verstappen,red_bull,Red Bull,2,3,15.0,56,Finished,False
2024,19,norris,NOR,Lando,Norris,mclaren,McLaren,1,4,12.0,56,Finished,False
2024,19,piastri,PIA,Oscar,Piastri,mclaren,McLaren,5,5,10.0,56,Finished,False
2024,19,russell,RUS,George,Russell,mercedes,Mercedes,20,6,8.0,56,Finished,False
2024,19,perez,PER,Sergio,Pérez,red_bull,Red Bull,9,7,6.0,56,Finished,False
2024,19,hulkenberg,HUL,Nico,Hülkenberg,haas,Haas F1 Team,11,8,4.0,56,Finished,False
2024,19,lawson,LAW,Liam,Lawson,rb,RB F1 Team,19,9,2.0,56,Finished,False
2024,19,colapinto,COL,Franco,Colapinto,williams,Williams,15,10,1.0,56,Finished,False
2024,19,kevin_magnussen,MAG,Kevin,Magnussen,haas,Haas F1 Team,8,11,0.0,56,Finished,False
2024,19,gasly,GAS,Pierre,Gasly,alpine,Alpine F1 Team,6,12,0.0,56,Finished,False
2024,19,alonso,ALO,Fernando,Alonso,aston_martin,Aston Martin,7,13,0.0,55,Lapped,False
2024,19,tsunoda,TSU,Yuki,Tsunoda,rb,RB F1 Team,10,14,0.0,55,Lapped,False
2024,19,stroll,STR,Lance,Stroll,aston_martin,Aston Martin,13,15,0.0,55,Lapped,False
2024,19,albon,ALB,Alexander,Albon,williams,Williams,14,16,0.0,55,Lapped,False
2024,19,bottas,BOT,Valtteri,Bottas,sauber,Sauber,16,17,0.0,55,Lapped,False
2024,19,ocon,OCO,Esteban,Ocon,alpine,Alpine F1 Team,12,18,0.0,55,Lapped,False
2024,19,zhou,ZHO,Guanyu,Zhou,sauber,Sauber,18,19,0.0,55,Lapped,False
2024,19,hamilton,HAM,Lewis,Hamilton,mercedes,Mercedes,17,20,0.0,1,Retired,True
2024,20,sainz,SAI,Carlos,Sainz,ferrari,Ferrari,1,1,25.0,71,Finished,False
2024,20,norris,NOR,Lando,Norris,mclaren,McLaren,3,2,18.0,71,Finished,False
2024,20,leclerc,LEC,Charles,Leclerc,ferrari,Ferrari,4,3,16.0,71,Finished,False
2024,20,hamilton,HAM,Lewis,Hamilton,mercedes,Mercedes,6,4,12.0,71,Finished,False
2024,20,russell,RUS,George,Russell,mercedes,Mercedes,5,5,10.0,71,Finished,False
2024,20,max_verstappen,VER,Max,Verstappen,red_bull,Red Bull,2,6,8.0,71,Finished,False
2024,20,kevin_magnussen,MAG,Kevin,Magnussen,haas,Haas F1 Team,7,7,6.0,71,Finished,False
2024,20,piastri,PIA,Oscar,Piastri,mclaren,McLaren,17,8,4.0,71,Finished,False
2024,20,hulkenberg,HUL,Nico,Hülkenberg,haas,Haas F1 Team,10,9,2.0,70,Lapped,False
2024,20,gasly,GAS,Pierre,Gasly,alpine,Alpine F1 Team,8,10,1.0,70,Lapped,False
2024,20,stroll,STR,Lance,Stroll,aston_martin,Aston Martin,14,11,0.0,70,Lapped,False
2024,20,colapinto,COL,Franco,Colapinto,williams,Williams,16,12,0.0,70,Lapped,False
2024,20,ocon,OCO,Esteban,Ocon,alpine,Alpine F1 Team,0,13,0.0,70,Lapped,False
2024,20,bottas,BOT,Valtteri,Bottas,sauber,Sauber,15,14,0.0,70,Lapped,False
2024,20,zhou,ZHO,Guanyu,Zhou,sauber,Sauber,19,15,0.0,70,Lapped,False
2024,20,lawson,LAW,Liam,Lawson,rb,RB F1 Team,12,16,0.0,70,Lapped,False
2024,20,perez,PER,Sergio,Pérez,red_bull,Red Bull,18,17,0.0,70,Lapped,False
2024,20,alonso,ALO,Fernando,Alonso,aston_martin,Aston Martin,13,18,0.0,15,Retired,True
2024,20,albon,ALB,Alexander,Albon,williams,Williams,9,19,0.0,0,Retired,True
2024,20,tsunoda,TSU,Yuki,Tsunoda,rb,RB F1 Team,11,20,0.0,0,Retired,True
2024,21,max_verstappen,VER,Max,Verstappen,red_bull,Red Bull,17,1,26.0,69,Finished,False
2024,21,ocon,OCO,Esteban,Ocon,alpine,Alpine F1 Team,4,2,18.0,69,Finished,False
2024,21,gasly,GAS,Pierre,Gasly,alpine,Alpine F1 Team,13,3,15.0,69,Finished,False
2024,21,russell,RUS,George,Russell,mercedes,Mercedes,2,4,12.0,69,Finished,False
2024,21,leclerc,LEC,Charles,Leclerc,ferrari,Ferrari,6,5,10.0,69,Finished,False
2024,21,norris,NOR,Lando,Norris,mclaren,McLaren,1,6,8.0,69,Finished,False
2024,21,tsunoda,TSU,Yuki,Tsunoda,rb,RB F1 Team,3,7,6.0,69,Finished,False
2024,21,piastri,PIA,Oscar,Piastri,mclaren,McLaren,8,8,4.0,69,Finished,False
2024,21,lawson,LAW,Liam,Lawson,rb,RB F1 Team,5,9,2.0,69,Finished,False
2024,21,hamilton,HAM,Lewis,Hamilton,mercedes,Mercedes,14,10,1.0,69,Finished,False
2024,21,perez,PER,Sergio,Pérez,red_bull,Red Bull,12,11,0.0,69,Finished,False
2024,21,bearman,BEA,Oliver,Bearman,haas,Haas F1 Team,15,12,0.0,69,Finished,False
2024,21,bottas,BOT,Valtteri,Bottas,sauber,Sauber,11,13,0.0,69,Finished,False
2024,21,alonso,ALO,Fernando,Alonso,aston_martin,Aston Martin,9,14,0.0,69,Finished,False
2024,21,zhou,ZHO,Guanyu,Zhou,sauber,Sauber,19,15,0.0,69,Finished,False
2024,21,sainz,SAI,Carlos,Sainz,ferrari,Ferrari,20,16,0.0,38,Retired,True
2024,21,colapinto,COL,Franco,Colapinto,williams,Williams,16,17,0.0,30,Retired,True
2024,21,albon,ALB,Alexander,Albon,williams,Williams,7,18,0.0,0,Did not start,True
2024,21,stroll,STR,Lance,Stroll,aston_martin,Aston Martin,10,19,0.0,0,Did not start,True
2024,21,hulkenberg,HUL,Nico,Hülkenberg,haas,Haas F1 Team,18,20,0.0,0,Disqualified,True
2024,22,russell,RUS,George,Russell,mercedes,Mercedes,1,1,25.0,50,Finished,False
2024,22,hamilton,HAM,Lewis,Hamilton,mercedes,Mercedes,10,2,18.0,50,Finished,False
2024,22,sainz,SAI,Carlos,Sainz,ferrari,Ferrari,2,3,15.0,50,Finished,False
2024,22,leclerc,LEC,Charles,Leclerc,ferrari,Ferrari,4,4,12.0,50,Finished,False
2024,22,max_verstappen,VER,Max,Verstappen,red_bull,Red Bull,5,5,10.0,50,Finished,False
2024,22,norris,NOR,Lando,Norris,mclaren,McLaren,6,6,9.0,50,Finished,False
2024,22,piastri,PIA,Oscar,Piastri,mclaren,McLaren,8,7,6.0,50,Finished,False
2024,22,hulkenberg,HUL,Nico,Hülkenberg,haas,Haas F1 Team,9,8,4.0,50,Finished,False
2024,22,tsunoda,TSU,Yuki,Tsunoda,rb,RB F1 Team,7,9,2.0,50,Finished,False
2024,22,perez,PER,Sergio,Pérez,red_bull,Red Bull,15,10,1.0,50,Finished,False
2024,22,alonso,ALO,Fernando,Alonso,aston_martin,Aston Martin,16,11,0.0,50,Finished,False
2024,22,kevin_magnussen,MAG,Kevin,Magnussen,haas,Haas F1 Team,12,12,0.0,50,Finished,False
2024,22,zhou,ZHO,Guanyu,Zhou,sauber,Sauber,13,13,0.0,50,Finished,False
2024,22,colapinto,COL,Franco,Colapinto,williams,Williams,20,14,0.0,50,Finished,False
2024,22,stroll,STR,Lance,Stroll,aston_martin,Aston Martin,18,15,0.0,50,Finished,False
2024,22,lawson,LAW,Liam,Lawson,rb,RB F1 Team,14,16,0.0,50,Finished,False
2024,22,ocon,OCO,Esteban,Ocon,alpine,Alpine F1 Team,11,17,0.0,49,Lapped,False
2024,22,bottas,BOT,Valtteri,Bottas,sauber,Sauber,19,18,0.0,49,Lapped,False
2024,22,albon,ALB,Alexander,Albon,williams,Williams,17,19,0.0,25,Retired,True
2024,22,gasly,GAS,Pierre,Gasly,alpine,Alpine F1 Team,3,20,0.0,15,Retired,True
2024,23,max_verstappen,VER,Max,Verstappen,red_bull,Red Bull,2,1,25.0,57,Finished,False
2024,23,leclerc,LEC,Charles,Leclerc,ferrari,Ferrari,5,2,18.0,57,Finished,False
2024,23,piastri,PIA,Oscar,Piastri,mclaren,McLaren,4,3,15.0,57,Finished,False
2024,23,russell,RUS,George,Russell,mercedes,Mercedes,1,4,12.0,57,Finished,False
2024,23,gasly,GAS,Pierre,Gasly,alpine,Alpine F1 Team,11,5,10.0,57,Finished,False
2024,23,sainz,SAI,Carlos,Sainz,ferrari,Ferrari,7,6,8.0,57,Finished,False
2024,23,alonso,ALO,Fernando,Alonso,aston_martin,Aston Martin,8,7,6.0,57,Finished,False
2024,23,zhou,ZHO,Guanyu,Zhou,sauber,Sauber,12,8,4.0,57,Finished,False
2024,23,kevin_magnussen,MAG,Kevin,Magnussen,haas,Haas F1 Team,10,9,2.0,57,Finished,False
2024,23,norris,NOR,Lando,Norris,mclaren,McLaren,3,10,2.0,57,Finished,False
2024,23,bottas,BOT,Valtteri,Bottas,sauber,Sauber,13,11,0.0,57,Finished,False
2024,23,hamilton,HAM,Lewis,Hamilton,mercedes,Mercedes,6,12,0.0,57,Finished,False
2024,23,tsunoda,TSU,Yuki,Tsunoda,rb,RB F1 Team,14,13,0.0,57,Finished,False
2024,23,lawson,LAW,Liam,Lawson,rb,RB F1 Team,17,14,0.0,57,Finished,False
2024,23,albon,ALB,Alexander,Albon,williams,Williams,16,15,0.0,56,Lapped,False
2024,23,hulkenberg,HUL,Nico,Hülkenberg,haas,Haas F1 Team,18,16,0.0,39,Retired,True
2024,23,perez,PER,Sergio,Pérez,red_bull,Red Bull,9,17,0.0,38,Retired,True
2024,23,stroll,STR,Lance,Stroll,aston_martin,Aston Martin,15,18,0.0,8,Retired,True
2024,23,colapinto,COL,Franco,Colapinto,williams,Williams,19,19,0.0,0,Retired,True
2024,23,ocon,OCO,Esteban,Ocon,alpine,Alpine F1 Team,20,20,0.0,0,Retired,True
2024,24,norris,NOR,Lando,Norris,mclaren,McLaren,1,1,25.0,58,Finished,False
2024,24,sainz,SAI,Carlos,Sainz,ferrari,Ferrari,3,2,18.0,58,Finished,False
2024,24,leclerc,LEC,Charles,Leclerc,ferrari,Ferrari,19,3,15.0,58,Finished,False
2024,24,hamilton,HAM,Lewis,Hamilton,mercedes,Mercedes,16,4,12.0,58,Finished,False
2024,24,russell,RUS,George,Russell,mercedes,Mercedes,6,5,10.0,58,Finished,False
2024,24,max_verstappen,VER,Max,Verstappen,red_bull,Red Bull,4,6,8.0,58,Finished,False
2024,24,gasly,GAS,Pierre,Gasly,alpine,Alpine F1 Team,5,7,6.0,58,Finished,False
2024,24,hulkenberg,HUL,Nico,Hülkenberg,haas,Haas F1 Team,7,8,4.0,58,Finished,False
2024,24,alonso,ALO,Fernando,Alonso,aston_martin,Aston Martin,8,9,2.0,58,Finished,False
2024,24,piastri,PIA,Oscar,Piastri,mclaren,McLaren,2,10,1.0,58,Finished,False
2024,24,albon,ALB,Alexander,Albon,williams,Williams,18,11,0.0,57,Lapped,False
2024,24,tsunoda,TSU,Yuki,Tsunoda,rb,RB F1 Team,11,12,0.0,57,Lapped,False
2024,24,zhou,ZHO,Guanyu,Zhou,sauber,Sauber,15,13,0.0,57,Lapped,False
2024,24,stroll,STR,Lance,Stroll,aston_martin,Aston Martin,13,14,0.0,57,Lapped,False
2024,24,doohan,DOO,Jack,Doohan,alpine,Alpine F1 Team,17,15,0.0,57,Lapped,False
2024,24,kevin_magnussen,MAG,Kevin,Magnussen,haas,Haas F1 Team,14,16,0.0,57,Lapped,False
2024,24,lawson,LAW,Liam,Lawson,rb,RB F1 Team,12,17,0.0,55,Retired,True
2024,24,bottas,BOT,Valtteri,Bottas,sauber,Sauber,9,18,0.0,30,Retired,True
2024,24,colapinto,COL,Franco,Colapinto,williams,Williams,20,19,0.0,26,Retired,True
2024,24,perez,PER,Sergio,Pérez,red_bull,Red Bull,10,20,0.0,0,Retired,True
