number,position,positionText,points,grid,laps,status,driverId,driverNumber,driverCode,driverUrl,givenName,familyName,dateOfBirth,driverNationality,constructorId,constructorUrl,constructorName,constructorNationality,totalRaceTimeMillis,totalRaceTime,fastestLapRank,fastestLapNumber,fastestLapTime,fastestLapAvgSpeedUnits,fastestLapAvgSpeed,season,round
5,1,1,25.0,3,58,Finished,vettel,5,VET,http://en.wikipedia.org/wiki/Sebastian_Vettel,Sebastian,Vettel,1987-07-03,German,ferrari,https://en.wikipedia.org/wiki/Scuderia_Ferrari,Ferrari,Italian,5373283.0,0 days 01:29:33.283000,4.0,53.0,0 days 00:01:26.469000,kph,220.782,2018,1
44,2,2,18.0,1,58,Finished,hamilton,44,HAM,http://en.wikipedia.org/wiki/Lewis_Hamilton,Lewis,Hamilton,1985-01-07,British,mercedes,https://en.wikipedia.org/wiki/Mercedes-Benz_in_Formula_One,Mercedes,German,5378319.0,0 days 00:00:05.036000,3.0,50.0,0 days 00:01:26.444000,kph,220.845,2018,1
7,3,3,15.0,2,58,Finished,raikkonen,7,RAI,http://en.wikipedia.org/wiki/Kimi_R%C3%A4ikk%C3%B6nen,Kimi,Räikkönen,1979-10-17,Finnish,ferrari,https://en.wikipedia.org/wiki/Scuderia_Ferrari,Ferrari,Italian,5379592.0,0 days 00:00:06.309000,2.0,57.0,0 days 00:01:26.373000,kph,221.027,2018,1
3,4,4,12.0,8,58,Finished,ricciardo,3,RIC,http://en.wikipedia.org/wiki/Daniel_Ricciardo,Daniel,Ricciardo,1989-07-01,Australian,red_bull,https://en.wikipedia.org/wiki/Red_Bull_Racing,Red Bull,Austrian,5380352.0,0 days 00:00:07.069000,1.0,54.0,0 days 00:01:25.945000,kph,222.128,2018,1
14,5,5,10.0,10,58,Finished,alonso,14,ALO,http://en.wikipedia.org/wiki/Fernando_Alonso,Fernando,Alonso,1981-07-29,Spanish,mclaren,https://en.wikipedia.org/wiki/McLaren,McLaren,British,5401169.0,0 days 00:00:27.886000,7.0,57.0,0 days 00:01:26.978000,kph,219.489,2018,1
33,6,6,8.0,4,58,Finished,max_verstappen,3,VER,http://en.wikipedia.org/wiki/Max_Verstappen,Max,Verstappen,1997-09-30,Dutch,red_bull,https://en.wikipedia.org/wiki/Red_Bull_Racing,Red Bull,Austrian,5402228.0,0 days 00:00:28.945000,5.0,54.0,0 days 00:01:26.880000,kph,219.737,2018,1
27,7,7,6.0,7,58,Finished,hulkenberg,27,HUL,http://en.wikipedia.org/wiki/Nico_H%C3%BClkenberg,Nico,Hülkenberg,1987-08-19,German,renault,https://en.wikipedia.org/wiki/Renault_in_Formula_One,Renault,French,5405954.0,0 days 00:00:32.671000,9.0,57.0,0 days 00:01:27.081000,kph,219.23,2018,1
77,8,8,4.0,15,58,Finished,bottas,77,BOT,http://en.wikipedia.org/wiki/Valtteri_Bottas,Valtteri,Bottas,1989-08-28,Finnish,mercedes,https://en.wikipedia.org/wiki/Mercedes-Benz_in_Formula_One,Mercedes,German,5407622.0,0 days 00:00:34.339000,8.0,54.0,0 days 00:01:27.019000,kph,219.386,2018,1
2,9,9,2.0,11,58,Finished,vandoorne,2,VAN,http://en.wikipedia.org/wiki/Stoffel_Vandoorne,Stoffel,Vandoorne,1992-03-26,Belgian,mclaren,https://en.wikipedia.org/wiki/McLaren,McLaren,British,5408204.0,0 days 00:00:34.921000,6.0,57.0,0 days 00:01:26.958000,kph,219.54,2018,1
55,10,10,1.0,9,58,Finished,sainz,55,SAI,http://en.wikipedia.org/wiki/Carlos_Sainz_Jr.,Carlos,Sainz,1994-09-01,Spanish,renault,https://en.wikipedia.org/wiki/Renault_in_Formula_One,Renault,French,5419005.0,0 days 00:00:45.722000,12.0,51.0,0 days 00:01:27.944000,kph,217.079,2018,1
11,11,11,0.0,12,58,Finished,perez,11,PER,http://en.wikipedia.org/wiki/Sergio_P%C3%A9rez,Sergio,Pérez,1990-01-26,Mexican,force_india,https://en.wikipedia.org/wiki/Racing_Point_Force_India,Force India,Indian,5420100.0,0 days 00:00:46.817000,11.0,51.0,0 days 00:01:27.633000,kph,217.849,2018,1
31,12,12,0.0,14,58,Finished,ocon,31,OCO,http://en.wikipedia.org/wiki/Esteban_Ocon,Esteban,Ocon,1996-09-17,French,force_india,https://en.wikipedia.org/wiki/Racing_Point_Force_India,Force India,Indian,5433561.0,0 days 00:01:00.278000,10.0,57.0,0 days 00:01:27.600000,kph,217.931,2018,1
16,13,13,0.0,18,58,Finished,leclerc,16,LEC,http://en.wikipedia.org/wiki/Charles_Leclerc,Charles,Leclerc,1997-10-16,Monegasque,sauber,https://en.wikipedia.org/wiki/Sauber_Motorsport,Sauber,Swiss,5449042.0,0 days 00:01:15.759000,15.0,56.0,0 days 00:01:28.759000,kph,215.085,2018,1
18,14,14,0.0,13,58,Finished,stroll,18,STR,http://en.wikipedia.org/wiki/Lance_Stroll,Lance,Stroll,1998-10-29,Canadian,williams,https://en.wikipedia.org/wiki/Williams_Racing,Williams,British,5451571.0,0 days 00:01:18.288000,14.0,55.0,0 days 00:01:28.511000,kph,215.688,2018,1
28,15,15,0.0,16,57,+1 Lap,brendon_hartley,28,HAR,http://en.wikipedia.org/wiki/Brendon_Hartley,Brendon,Hartley,1989-11-10,New Zealander,toro_rosso,https://en.wikipedia.org/wiki/Scuderia_Toro_Rosso,Toro Rosso,Italian,,,13.0,57.0,0 days 00:01:28.176000,kph,216.507,2018,1
8,16,R,0.0,6,24,Wheel,grosjean,8,GRO,http://en.wikipedia.org/wiki/Romain_Grosjean,Romain,Grosjean,1986-04-17,French,haas,https://en.wikipedia.org/wiki/Haas_F1_Team,Haas F1 Team,American,,,16.0,23.0,0 days 00:01:28.805000,kph,214.974,2018,1
20,17,R,0.0,5,22,Wheel,kevin_magnussen,20,MAG,http://en.wikipedia.org/wiki/Kevin_Magnussen,Kevin,Magnussen,1992-10-05,Danish,haas,https://en.wikipedia.org/wiki/Haas_F1_Team,Haas F1 Team,American,,,17.0,21.0,0 days 00:01:29.534000,kph,213.224,2018,1
10,18,R,0.0,20,13,Engine,gasly,10,GAS,http://en.wikipedia.org/wiki/Pierre_Gasly,Pierre,Gasly,1996-02-07,French,toro_rosso,https://en.wikipedia.org/wiki/Scuderia_Toro_Rosso,Toro Rosso,Italian,,,18.0,13.0,0 days 00:01:30.649000,kph,210.601,2018,1
9,19,R,0.0,17,5,Steering,ericsson,9,ERI,http://en.wikipedia.org/wiki/Marcus_Ericsson,Marcus,Ericsson,1990-09-02,Swedish,sauber,https://en.wikipedia.org/wiki/Sauber_Motorsport,Sauber,Swiss,,,19.0,4.0,0 days 00:01:32.210000,kph,207.036,2018,1
35,20,R,0.0,19,4,Brakes,sirotkin,35,SIR,http://en.wikipedia.org/wiki/Sergey_Sirotkin_(racing_driver),Sergey,Sirotkin,1995-08-27,Russian,williams,https://en.wikipedia.org/wiki/Williams_Racing,Williams,British,,,20.0,3.0,0 days 00:01:32.573000,kph,206.224,2018,1
5,1,1,25.0,1,57,Finished,vettel,5,VET,http://en.wikipedia.org/wiki/Sebastian_Vettel,Sebastian,Vettel,1987-07-03,German,ferrari,https://en.wikipedia.org/wiki/Scuderia_Ferrari,Ferrari,Italian,5521940.0,0 days 01:32:01.940000,7.0,21.0,0 days 00:01:34.453000,kph,206.274,2018,2
77,2,2,18.0,3,57,Finished,bottas,77,BOT,http://en.wikipedia.org/wiki/Valtteri_Bottas,Valtteri,Bottas,1989-08-28,Finnish,mercedes,https://en.wikipedia.org/wiki/Mercedes-Benz_in_Formula_One,Mercedes,German,5522639.0,0 days 00:00:00.699000,1.0,22.0,0 days 00:01:33.740000,kph,207.842,2018,2
44,3,3,15.0,9,57,Finished,hamilton,44,HAM,http://en.wikipedia.org/wiki/Lewis_Hamilton,Lewis,Hamilton,1985-01-07,British,mercedes,https://en.wikipedia.org/wiki/Mercedes-Benz_in_Formula_One,Mercedes,German,5528452.0,0 days 00:00:06.512000,2.0,51.0,0 days 00:01:33.953000,kph,207.371,2018,2
10,4,4,12.0,5,57,Finished,gasly,10,GAS,http://en.wikipedia.org/wiki/Pierre_Gasly,Pierre,Gasly,1996-02-07,French,toro_rosso,https://en.wikipedia.org/wiki/Scuderia_Toro_Rosso,Toro Rosso,Italian,5584174.0,0 days 00:01:02.234000,11.0,46.0,0 days 00:01:34.863000,kph,205.382,2018,2
20,5,5,10.0,6,57,Finished,kevin_magnussen,20,MAG,http://en.wikipedia.org/wiki/Kevin_Magnussen,Kevin,Magnussen,1992-10-05,Danish,haas,https://en.wikipedia.org/wiki/Haas_F1_Team,Haas F1 Team,American,5596986.0,0 days 00:01:15.046000,5.0,29.0,0 days 00:01:34.327000,kph,206.549,2018,2
27,6,6,8.0,7,57,Finished,hulkenberg,27,HUL,http://en.wikipedia.org/wiki/Nico_H%C3%BClkenberg,Nico,Hülkenberg,1987-08-19,German,renault,https://en.wikipedia.org/wiki/Renault_in_Formula_One,Renault,French,5620964.0,0 days 00:01:39.024000,9.0,50.0,0 days 00:01:34.667000,kph,205.807,2018,2
14,7,7,6.0,13,56,+1 Lap,alonso,14,ALO,http://en.wikipedia.org/wiki/Fernando_Alonso,Fernando,Alonso,1981-07-29,Spanish,mclaren,https://en.wikipedia.org/wiki/McLaren,McLaren,British,,,4.0,47.0,0 days 00:01:34.168000,kph,206.898,2018,2
2,8,8,4.0,14,56,+1 Lap,vandoorne,2,VAN,http://en.wikipedia.org/wiki/Stoffel_Vandoorne,Stoffel,Vandoorne,1992-03-26,Belgian,mclaren,https://en.wikipedia.org/wiki/McLaren,McLaren,British,,,16.0,30.0,0 days 00:01:35.131000,kph,204.803,2018,2
9,9,9,2.0,17,56,+1 Lap,ericsson,9,ERI,http://en.wikipedia.org/wiki/Marcus_Ericsson,Marcus,Ericsson,1990-09-02,Swedish,sauber,https://en.wikipedia.org/wiki/Sauber_Motorsport,Sauber,Swiss,,,15.0,26.0,0 days 00:01:35.093000,kph,204.885,2018,2
31,10,10,1.0,8,56,+1 Lap,ocon,31,OCO,http://en.wikipedia.org/wiki/Esteban_Ocon,Esteban,Ocon,1996-09-17,French,force_india,https://en.wikipedia.org/wiki/Racing_Point_Force_India,Force India,Indian,,,12.0,38.0,0 days 00:01:35.043000,kph,204.993,2018,2
55,11,11,0.0,10,56,+1 Lap,sainz,55,SAI,http://en.wikipedia.org/wiki/Carlos_Sainz_Jr.,Carlos,Sainz,1994-09-01,Spanish,renault,https://en.wikipedia.org/wiki/Renault_in_Formula_One,Renault,French,,,18.0,35.0,0 days 00:01:35.535000,kph,203.937,2018,2
16,12,12,0.0,19,56,+1 Lap,leclerc,16,LEC,http://en.wikipedia.org/wiki/Charles_Leclerc,Charles,Leclerc,1997-10-16,Monegasque,sauber,https://en.wikipedia.org/wiki/Sauber_Motorsport,Sauber,Swiss,,,14.0,35.0,0 days 00:01:35.075000,kph,204.924,2018,2
8,13,13,0.0,16,56,+1 Lap,grosjean,8,GRO,http://en.wikipedia.org/wiki/Romain_Grosjean,Romain,Grosjean,1986-04-17,French,haas,https://en.wikipedia.org/wiki/Haas_F1_Team,Haas F1 Team,American,,,10.0,44.0,0 days 00:01:34.689000,kph,205.759,2018,2
18,14,14,0.0,20,56,+1 Lap,stroll,18,STR,http://en.wikipedia.org/wiki/Lance_Stroll,Lance,Stroll,1998-10-29,Canadian,williams,https://en.wikipedia.org/wiki/Williams_Racing,Williams,British,,,13.0,40.0,0 days 00:01:35.058000,kph,204.961,2018,2
35,15,15,0.0,18,56,+1 Lap,sirotkin,35,SIR,http://en.wikipedia.org/wiki/Sergey_Sirotkin_(racing_driver),Sergey,Sirotkin,1995-08-27,Russian,williams,https://en.wikipedia.org/wiki/Williams_Racing,Williams,British,,,3.0,47.0,0 days 00:01:34.053000,kph,207.151,2018,2
11,16,16,0.0,12,56,+1 Lap,perez,11,PER,http://en.wikipedia.org/wiki/Sergio_P%C3%A9rez,Sergio,Pérez,1990-01-26,Mexican,force_india,https://en.wikipedia.org/wiki/Racing_Point_Force_India,Force India,Indian,,,17.0,32.0,0 days 00:01:35.266000,kph,204.513,2018,2
28,17,17,0.0,11,56,+1 Lap,brendon_hartley,28,HAR,http://en.wikipedia.org/wiki/Brendon_Hartley,Brendon,Hartley,1989-11-10,New Zealander,toro_rosso,https://en.wikipedia.org/wiki/Scuderia_Toro_Rosso,Toro Rosso,Italian,,,8.0,42.0,0 days 00:01:34.563000,kph,206.034,2018,2
7,18,R,0.0,2,35,Wheel,raikkonen,7,RAI,http://en.wikipedia.org/wiki/Kimi_R%C3%A4ikk%C3%B6nen,Kimi,Räikkönen,1979-10-17,Finnish,ferrari,https://en.wikipedia.org/wiki/Scuderia_Ferrari,Ferrari,Italian,,,6.0,22.0,0 days 00:01:34.337000,kph,206.527,2018,2
33,19,R,0.0,15,3,Puncture,max_verstappen,3,VER,http://en.wikipedia.org/wiki/Max_Verstappen,Max,Verstappen,1997-09-30,Dutch,red_bull,https://en.wikipedia.org/wiki/Red_Bull_Racing,Red Bull,Austrian,,,,,,,,2018,2
3,20,R,0.0,4,1,Electrical,ricciardo,3,RIC,http://en.wikipedia.org/wiki/Daniel_Ricciardo,Daniel,Ricciardo,1989-07-01,Australian,red_bull,https://en.wikipedia.org/wiki/Red_Bull_Racing,Red Bull,Austrian,,,,,,,,2018,2
3,1,1,25.0,6,56,Finished,ricciardo,3,RIC,http://en.wikipedia.org/wiki/Daniel_Ricciardo,Daniel,Ricciardo,1989-07-01,Australian,red_bull,https://en.wikipedia.org/wiki/Red_Bull_Racing,Red Bull,Austrian,5736380.0,0 days 01:35:36.380000,1.0,55.0,0 days 00:01:35.785000,kph,204.871,2018,3
77,2,2,18.0,3,56,Finished,bottas,77,BOT,http://en.wikipedia.org/wiki/Valtteri_Bottas,Valtteri,Bottas,1989-08-28,Finnish,mercedes,https://en.wikipedia.org/wiki/Mercedes-Benz_in_Formula_One,Mercedes,German,5745274.0,0 days 00:00:08.894000,6.0,50.0,0 days 00:01:36.987000,kph,202.332,2018,3
7,3,3,15.0,2,56,Finished,raikkonen,7,RAI,http://en.wikipedia.org/wiki/Kimi_R%C3%A4ikk%C3%B6nen,Kimi,Räikkönen,1979-10-17,Finnish,ferrari,https://en.wikipedia.org/wiki/Scuderia_Ferrari,Ferrari,Italian,5746017.0,0 days 00:00:09.637000,3.0,48.0,0 days 00:01:36.456000,kph,203.446,2018,3
44,4,4,12.0,4,56,Finished,hamilton,44,HAM,http://en.wikipedia.org/wiki/Lewis_Hamilton,Lewis,Hamilton,1985-01-07,British,mercedes,https://en.wikipedia.org/wiki/Mercedes-Benz_in_Formula_One,Mercedes,German,5753365.0,0 days 00:00:16.985000,4.0,20.0,0 days 00:01:36.878000,kph,202.559,2018,3
33,5,5,10.0,5,56,Finished,max_verstappen,3,VER,http://en.wikipedia.org/wiki/Max_Verstappen,Max,Verstappen,1997-09-30,Dutch,red_bull,https://en.wikipedia.org/wiki/Red_Bull_Racing,Red Bull,Austrian,5756816.0,0 days 00:00:20.436000,2.0,50.0,0 days 00:01:36.206000,kph,203.974,2018,3
27,6,6,8.0,7,56,Finished,hulkenberg,27,HUL,http://en.wikipedia.org/wiki/Nico_H%C3%BClkenberg,Nico,Hülkenberg,1987-08-19,German,renault,https://en.wikipedia.org/wiki/Renault_in_Formula_One,Renault,French,5757432.0,0 days 00:00:21.052000,5.0,56.0,0 days 00:01:36.881000,kph,202.553,2018,3
14,7,7,6.0,13,56,Finished,alonso,14,ALO,http://en.wikipedia.org/wiki/Fernando_Alonso,Fernando,Alonso,1981-07-29,Spanish,mclaren,https://en.wikipedia.org/wiki/McLaren,McLaren,British,5767019.0,0 days 00:00:30.639000,7.0,56.0,0 days 00:01:37.234000,kph,201.818,2018,3
5,8,8,4.0,1,56,Finished,vettel,5,VET,http://en.wikipedia.org/wiki/Sebastian_Vettel,Sebastian,Vettel,1987-07-03,German,ferrari,https://en.wikipedia.org/wiki/Scuderia_Ferrari,Ferrari,Italian,5771666.0,0 days 00:00:35.286000,9.0,24.0,0 days 00:01:37.479000,kph,201.311,2018,3
55,9,9,2.0,9,56,Finished,sainz,55,SAI,http://en.wikipedia.org/wiki/Carlos_Sainz_Jr.,Carlos,Sainz,1994-09-01,Spanish,renault,https://en.wikipedia.org/wiki/Renault_in_Formula_One,Renault,French,5772143.0,0 days 00:00:35.763000,11.0,54.0,0 days 00:01:37.754000,kph,200.744,2018,3
20,10,10,1.0,11,56,Finished,kevin_magnussen,20,MAG,http://en.wikipedia.org/wiki/Kevin_Magnussen,Kevin,Magnussen,1992-10-05,Danish,haas,https://en.wikipedia.org/wiki/Haas_F1_Team,Haas F1 Team,American,5775974.0,0 days 00:00:39.594000,14.0,54.0,0 days 00:01:38.152000,kph,199.93,2018,3
31,11,11,0.0,12,56,Finished,ocon,31,OCO,http://en.wikipedia.org/wiki/Esteban_Ocon,Esteban,Ocon,1996-09-17,French,force_india,https://en.wikipedia.org/wiki/Racing_Point_Force_India,Force India,Indian,5780430.0,0 days 00:00:44.050000,12.0,47.0,0 days 00:01:37.985000,kph,200.271,2018,3
11,12,12,0.0,8,56,Finished,perez,11,PER,http://en.wikipedia.org/wiki/Sergio_P%C3%A9rez,Sergio,Pérez,1990-01-26,Mexican,force_india,https://en.wikipedia.org/wiki/Racing_Point_Force_India,Force India,Indian,5781105.0,0 days 00:00:44.725000,10.0,54.0,0 days 00:01:37.673000,kph,200.911,2018,3
2,13,13,0.0,14,56,Finished,vandoorne,2,VAN,http://en.wikipedia.org/wiki/Stoffel_Vandoorne,Stoffel,Vandoorne,1992-03-26,Belgian,mclaren,https://en.wikipedia.org/wiki/McLaren,McLaren,British,5785753.0,0 days 00:00:49.373000,13.0,54.0,0 days 00:01:38.137000,kph,199.961,2018,3
18,14,14,0.0,18,56,Finished,stroll,18,STR,http://en.wikipedia.org/wiki/Lance_Stroll,Lance,Stroll,1998-10-29,Canadian,williams,https://en.wikipedia.org/wiki/Williams_Racing,Williams,British,5791870.0,0 days 00:00:55.490000,17.0,54.0,0 days 00:01:38.500000,kph,199.224,2018,3
35,15,15,0.0,16,56,Finished,sirotkin,35,SIR,http://en.wikipedia.org/wiki/Sergey_Sirotkin_(racing_driver),Sergey,Sirotkin,1995-08-27,Russian,williams,https://en.wikipedia.org/wiki/Williams_Racing,Williams,British,5794621.0,0 days 00:00:58.241000,18.0,47.0,0 days 00:01:38.624000,kph,198.973,2018,3
9,16,16,0.0,20,56,Finished,ericsson,9,ERI,http://en.wikipedia.org/wiki/Marcus_Ericsson,Marcus,Ericsson,1990-09-02,Swedish,sauber,https://en.wikipedia.org/wiki/Sauber_Motorsport,Sauber,Swiss,5798984.0,0 days 00:01:02.604000,16.0,52.0,0 days 00:01:38.386000,kph,199.455,2018,3
8,17,17,0.0,10,56,Finished,grosjean,8,GRO,http://en.wikipedia.org/wiki/Romain_Grosjean,Romain,Grosjean,1986-04-17,French,haas,https://en.wikipedia.org/wiki/Haas_F1_Team,Haas F1 Team,American,5801676.0,0 days 00:01:05.296000,8.0,51.0,0 days 00:01:37.410000,kph,201.453,2018,3
10,18,18,0.0,17,56,Finished,gasly,10,GAS,http://en.wikipedia.org/wiki/Pierre_Gasly,Pierre,Gasly,1996-02-07,French,toro_rosso,https://en.wikipedia.org/wiki/Scuderia_Toro_Rosso,Toro Rosso,Italian,5802710.0,0 days 00:01:06.330000,15.0,54.0,0 days 00:01:38.367000,kph,199.493,2018,3
16,19,19,0.0,19,56,Finished,leclerc,16,LEC,http://en.wikipedia.org/wiki/Charles_Leclerc,Charles,Leclerc,1997-10-16,Monegasque,sauber,https://en.wikipedia.org/wiki/Sauber_Motorsport,Sauber,Swiss,5818955.0,0 days 00:01:22.575000,19.0,23.0,0 days 00:01:38.808000,kph,198.603,2018,3
28,20,20,0.0,15,51,Collision damage,brendon_hartley,28,HAR,http://en.wikipedia.org/wiki/Brendon_Hartley,Brendon,Hartley,1989-11-10,New Zealander,toro_rosso,https://en.wikipedia.org/wiki/Scuderia_Toro_Rosso,Toro Rosso,Italian,,,20.0,50.0,0 days 00:01:39.376000,kph,197.468,2018,3
44,1,1,25.0,2,51,Finished,hamilton,44,HAM,http://en.wikipedia.org/wiki/Lewis_Hamilton,Lewis,Hamilton,1985-01-07,British,mercedes,https://en.wikipedia.org/wiki/Mercedes-Benz_in_Formula_One,Mercedes,German,6224291.0,0 days 01:43:44.291000,2.0,35.0,0 days 00:01:45.412000,kph,205.012,2018,4
7,2,2,18.0,6,51,Finished,raikkonen,7,RAI,http://en.wikipedia.org/wiki/Kimi_R%C3%A4ikk%C3%B6nen,Kimi,Räikkönen,1979-10-17,Finnish,ferrari,https://en.wikipedia.org/wiki/Scuderia_Ferrari,Ferrari,Italian,6226751.0,0 days 00:00:02.460000,7.0,50.0,0 days 00:01:46.523000,kph,202.874,2018,4
11,3,3,15.0,8,51,Finished,perez,11,PER,http://en.wikipedia.org/wiki/Sergio_P%C3%A9rez,Sergio,Pérez,1990-01-26,Mexican,force_india,https://en.wikipedia.org/wiki/Racing_Point_Force_India,Force India,Indian,6228315.0,0 days 00:00:04.024000,6.0,51.0,0 days 00:01:46.206000,kph,203.48,2018,4
5,4,4,12.0,1,51,Finished,vettel,5,VET,http://en.wikipedia.org/wiki/Sebastian_Vettel,Sebastian,Vettel,1987-07-03,German,ferrari,https://en.wikipedia.org/wiki/Scuderia_Ferrari,Ferrari,Italian,6229620.0,0 days 00:00:05.329000,4.0,38.0,0 days 00:01:45.530000,kph,204.783,2018,4
55,5,5,10.0,9,51,Finished,sainz,55,SAI,http://en.wikipedia.org/wiki/Carlos_Sainz_Jr.,Carlos,Sainz,1994-09-01,Spanish,renault,https://en.wikipedia.org/wiki/Renault_in_Formula_One,Renault,French,6231806.0,0 days 00:00:07.515000,9.0,50.0,0 days 00:01:46.856000,kph,202.242,2018,4
16,6,6,8.0,13,51,Finished,leclerc,16,LEC,http://en.wikipedia.org/wiki/Charles_Leclerc,Charles,Leclerc,1997-10-16,Monegasque,sauber,https://en.wikipedia.org/wiki/Sauber_Motorsport,Sauber,Swiss,6233449.0,0 days 00:00:09.158000,11.0,31.0,0 days 00:01:47.403000,kph,201.212,2018,4
14,7,7,6.0,12,51,Finished,alonso,14,ALO,http://en.wikipedia.org/wiki/Fernando_Alonso,Fernando,Alonso,1981-07-29,Spanish,mclaren,https://en.wikipedia.org/wiki/McLaren,McLaren,British,6235222.0,0 days 00:00:10.931000,12.0,32.0,0 days 00:01:47.449000,kph,201.126,2018,4
18,8,8,4.0,10,51,Finished,stroll,18,STR,http://en.wikipedia.org/wiki/Lance_Stroll,Lance,Stroll,1998-10-29,Canadian,williams,https://en.wikipedia.org/wiki/Williams_Racing,Williams,British,6236837.0,0 days 00:00:12.546000,8.0,50.0,0 days 00:01:46.815000,kph,202.319,2018,4
2,9,9,2.0,16,51,Finished,vandoorne,2,VAN,http://en.wikipedia.org/wiki/Stoffel_Vandoorne,Stoffel,Vandoorne,1992-03-26,Belgian,mclaren,https://en.wikipedia.org/wiki/McLaren,McLaren,British,6238443.0,0 days 00:00:14.152000,13.0,50.0,0 days 00:01:47.666000,kph,200.72,2018,4
28,10,10,1.0,19,51,Finished,brendon_hartley,28,HAR,http://en.wikipedia.org/wiki/Brendon_Hartley,Brendon,Hartley,1989-11-10,New Zealander,toro_rosso,https://en.wikipedia.org/wiki/Scuderia_Toro_Rosso,Toro Rosso,Italian,6242321.0,0 days 00:00:18.030000,17.0,51.0,0 days 00:01:48.288000,kph,199.567,2018,4
9,11,11,0.0,18,51,Finished,ericsson,9,ERI,http://en.wikipedia.org/wiki/Marcus_Ericsson,Marcus,Ericsson,1990-09-02,Swedish,sauber,https://en.wikipedia.org/wiki/Sauber_Motorsport,Sauber,Swiss,6242803.0,0 days 00:00:18.512000,14.0,51.0,0 days 00:01:47.925000,kph,200.239,2018,4
10,12,12,0.0,17,51,Finished,gasly,10,GAS,http://en.wikipedia.org/wiki/Pierre_Gasly,Pierre,Gasly,1996-02-07,French,toro_rosso,https://en.wikipedia.org/wiki/Scuderia_Toro_Rosso,Toro Rosso,Italian,6249011.0,0 days 00:00:24.720000,15.0,38.0,0 days 00:01:48.035000,kph,200.035,2018,4
20,13,13,0.0,15,51,Finished,kevin_magnussen,20,MAG,http://en.wikipedia.org/wiki/Kevin_Magnussen,Kevin,Magnussen,1992-10-05,Danish,haas,https://en.wikipedia.org/wiki/Haas_F1_Team,Haas F1 Team,American,6264954.0,0 days 00:00:40.663000,16.0,35.0,0 days 00:01:48.155000,kph,199.813,2018,4
77,14,R,0.0,3,48,Puncture,bottas,77,BOT,http://en.wikipedia.org/wiki/Valtteri_Bottas,Valtteri,Bottas,1989-08-28,Finnish,mercedes,https://en.wikipedia.org/wiki/Mercedes-Benz_in_Formula_One,Mercedes,German,,,1.0,37.0,0 days 00:01:45.149000,kph,205.525,2018,4
8,15,R,0.0,20,42,Accident,grosjean,8,GRO,http://en.wikipedia.org/wiki/Romain_Grosjean,Romain,Grosjean,1986-04-17,French,haas,https://en.wikipedia.org/wiki/Haas_F1_Team,Haas F1 Team,American,,,10.0,34.0,0 days 00:01:46.880000,kph,202.196,2018,4
33,16,R,0.0,5,39,Collision,max_verstappen,3,VER,http://en.wikipedia.org/wiki/Max_Verstappen,Max,Verstappen,1997-09-30,Dutch,red_bull,https://en.wikipedia.org/wiki/Red_Bull_Racing,Red Bull,Austrian,,,5.0,31.0,0 days 00:01:45.771000,kph,204.316,2018,4
3,17,R,0.0,4,39,Collision,ricciardo,3,RIC,http://en.wikipedia.org/wiki/Daniel_Ricciardo,Daniel,Ricciardo,1989-07-01,Australian,red_bull,https://en.wikipedia.org/wiki/Red_Bull_Racing,Red Bull,Austrian,,,3.0,34.0,0 days 00:01:45.419000,kph,204.999,2018,4
27,18,R,0.0,14,10,Accident,hulkenberg,27,HUL,http://en.wikipedia.org/wiki/Nico_H%C3%BClkenberg,Nico,Hülkenberg,1987-08-19,German,renault,https://en.wikipedia.org/wiki/Renault_in_Formula_One,Renault,French,,,18.0,10.0,0 days 00:01:48.867000,kph,198.506,2018,4
31,19,R,0.0,7,0,Collision,ocon,31,OCO,http://en.wikipedia.org/wiki/Esteban_Ocon,Esteban,Ocon,1996-09-17,French,force_india,https://en.wikipedia.org/wiki/Racing_Point_Force_India,Force India,Indian,,,,,,,,2018,4
35,20,R,0.0,11,0,Collision,sirotkin,35,SIR,http://en.wikipedia.org/wiki/Sergey_Sirotkin_(racing_driver),Sergey,Sirotkin,1995-08-27,Russian,williams,https://en.wikipedia.org/wiki/Williams_Racing,Williams,British,,,,,,,,2018,4
44,1,1,25.0,1,66,Finished,hamilton,44,HAM,http://en.wikipedia.org/wiki/Lewis_Hamilton,Lewis,Hamilton,1985-01-07,British,mercedes,https://en.wikipedia.org/wiki/Mercedes-Benz_in_Formula_One,Mercedes,German,5729972.0,0 days 01:35:29.972000,3.0,64.0,0 days 00:01:19.133000,kph,211.77,2018,5
77,2,2,18.0,2,66,Finished,bottas,77,BOT,http://en.wikipedia.org/wiki/Valtteri_Bottas,Valtteri,Bottas,1989-08-28,Finnish,mercedes,https://en.wikipedia.org/wiki/Mercedes-Benz_in_Formula_One,Mercedes,German,5750565.0,0 days 00:00:20.593000,5.0,56.0,0 days 00:01:19.478000,kph,210.85,2018,5
33,3,3,15.0,5,66,Finished,max_verstappen,3,VER,http://en.wikipedia.org/wiki/Max_Verstappen,Max,Verstappen,1997-09-30,Dutch,red_bull,https://en.wikipedia.org/wiki/Red_Bull_Racing,Red Bull,Austrian,5756845.0,0 days 00:00:26.873000,4.0,62.0,0 days 00:01:19.422000,kph,210.999,2018,5
5,4,4,12.0,3,66,Finished,vettel,5,VET,http://en.wikipedia.org/wiki/Sebastian_Vettel,Sebastian,Vettel,1987-07-03,German,ferrari,https://en.wikipedia.org/wiki/Scuderia_Ferrari,Ferrari,Italian,5757556.0,0 days 00:00:27.584000,2.0,61.0,0 days 00:01:19.128000,kph,211.783,2018,5
3,5,5,10.0,6,66,Finished,ricciardo,3,RIC,http://en.wikipedia.org/wiki/Daniel_Ricciardo,Daniel,Ricciardo,1989-07-01,Australian,red_bull,https://en.wikipedia.org/wiki/Red_Bull_Racing,Red Bull,Austrian,5780030.0,0 days 00:00:50.058000,1.0,61.0,0 days 00:01:18.441000,kph,213.638,2018,5
20,6,6,8.0,7,65,+1 Lap,kevin_magnussen,20,MAG,http://en.wikipedia.org/wiki/Kevin_Magnussen,Kevin,Magnussen,1992-10-05,Danish,haas,https://en.wikipedia.org/wiki/Haas_F1_Team,Haas F1 Team,American,,,6.0,64.0,0 days 00:01:20.246000,kph,208.832,2018,5
55,7,7,6.0,9,65,+1 Lap,sainz,55,SAI,http://en.wikipedia.org/wiki/Carlos_Sainz_Jr.,Carlos,Sainz,1994-09-01,Spanish,renault,https://en.wikipedia.org/wiki/Renault_in_Formula_One,Renault,French,,,9.0,61.0,0 days 00:01:21.324000,kph,206.064,2018,5
14,8,8,4.0,8,65,+1 Lap,alonso,14,ALO,http://en.wikipedia.org/wiki/Fernando_Alonso,Fernando,Alonso,1981-07-29,Spanish,mclaren,https://en.wikipedia.org/wiki/McLaren,McLaren,British,,,7.0,64.0,0 days 00:01:20.727000,kph,207.588,2018,5
11,9,9,2.0,15,64,+2 Laps,perez,11,PER,http://en.wikipedia.org/wiki/Sergio_P%C3%A9rez,Sergio,Pérez,1990-01-26,Mexican,force_india,https://en.wikipedia.org/wiki/Racing_Point_Force_India,Force India,Indian,,,8.0,43.0,0 days 00:01:21.128000,kph,206.562,2018,5
16,10,10,1.0,14,64,+2 Laps,leclerc,16,LEC,http://en.wikipedia.org/wiki/Charles_Leclerc,Charles,Leclerc,1997-10-16,Monegasque,sauber,https://en.wikipedia.org/wiki/Sauber_Motorsport,Sauber,Swiss,,,14.0,51.0,0 days 00:01:22.122000,kph,204.062,2018,5
18,11,11,0.0,18,64,+2 Laps,stroll,18,STR,http://en.wikipedia.org/wiki/Lance_Stroll,Lance,Stroll,1998-10-29,Canadian,williams,https://en.wikipedia.org/wiki/Williams_Racing,Williams,British,,,12.0,60.0,0 days 00:01:22.095000,kph,204.129,2018,5
28,12,12,0.0,20,64,+2 Laps,brendon_hartley,28,HAR,http://en.wikipedia.org/wiki/Brendon_Hartley,Brendon,Hartley,1989-11-10,New Zealander,toro_rosso,https://en.wikipedia.org/wiki/Scuderia_Toro_Rosso,Toro Rosso,Italian,,,10.0,63.0,0 days 00:01:21.439000,kph,205.773,2018,5
9,13,13,0.0,17,64,+2 Laps,ericsson,9,ERI,http://en.wikipedia.org/wiki/Marcus_Ericsson,Marcus,Ericsson,1990-09-02,Swedish,sauber,https://en.wikipedia.org/wiki/Sauber_Motorsport,Sauber,Swiss,,,15.0,50.0,0 days 00:01:22.487000,kph,203.159,2018,5
35,14,14,0.0,19,63,+3 Laps,sirotkin,35,SIR,http://en.wikipedia.org/wiki/Sergey_Sirotkin_(racing_driver),Sergey,Sirotkin,1995-08-27,Russian,williams,https://en.wikipedia.org/wiki/Williams_Racing,Williams,British,,,17.0,57.0,0 days 00:01:22.680000,kph,202.685,2018,5
2,15,R,0.0,11,45,Gearbox,vandoorne,2,VAN,http://en.wikipedia.org/wiki/Stoffel_Vandoorne,Stoffel,Vandoorne,1992-03-26,Belgian,mclaren,https://en.wikipedia.org/wiki/McLaren,McLaren,British,,,16.0,38.0,0 days 00:01:22.594000,kph,202.896,2018,5
31,16,R,0.0,13,38,Oil leak,ocon,31,OCO,http://en.wikipedia.org/wiki/Esteban_Ocon,Esteban,Ocon,1996-09-17,French,force_india,https://en.wikipedia.org/wiki/Racing_Point_Force_India,Force India,Indian,,,13.0,36.0,0 days 00:01:22.117000,kph,204.074,2018,5
7,17,R,0.0,4,25,Turbo,raikkonen,7,RAI,http://en.wikipedia.org/wiki/Kimi_R%C3%A4ikk%C3%B6nen,Kimi,Räikkönen,1979-10-17,Finnish,ferrari,https://en.wikipedia.org/wiki/Scuderia_Ferrari,Ferrari,Italian,,,11.0,23.0,0 days 00:01:21.531000,kph,205.541,2018,5
8,18,R,0.0,10,0,Collision,grosjean,8,GRO,http://en.wikipedia.org/wiki/Romain_Grosjean,Romain,Grosjean,1986-04-17,French,haas,https://en.wikipedia.org/wiki/Haas_F1_Team,Haas F1 Team,American,,,,,,,,2018,5
10,19,R,0.0,12,0,Collision,gasly,10,GAS,http://en.wikipedia.org/wiki/Pierre_Gasly,Pierre,Gasly,1996-02-07,French,toro_rosso,https://en.wikipedia.org/wiki/Scuderia_Toro_Rosso,Toro Rosso,Italian,,,,,,,,2018,5
27,20,R,0.0,16,0,Collision,hulkenberg,27,HUL,http://en.wikipedia.org/wiki/Nico_H%C3%BClkenberg,Nico,Hülkenberg,1987-08-19,German,renault,https://en.wikipedia.org/wiki/Renault_in_Formula_One,Renault,French,,,,,,,,2018,5
3,1,1,25.0,1,78,Finished,ricciardo,3,RIC,http://en.wikipedia.org/wiki/Daniel_Ricciardo,Daniel,Ricciardo,1989-07-01,Australian,red_bull,https://en.wikipedia.org/wiki/Red_Bull_Racing,Red Bull,Austrian,6174807.0,0 days 01:42:54.807000,5.0,13.0,0 days 00:01:15.562000,kph,158.984,2018,6
5,2,2,18.0,2,78,Finished,vettel,5,VET,http://en.wikipedia.org/wiki/Sebastian_Vettel,Sebastian,Vettel,1987-07-03,German,ferrari,https://en.wikipedia.org/wiki/Scuderia_Ferrari,Ferrari,Italian,6182143.0,0 days 00:00:07.336000,7.0,14.0,0 days 00:01:16.065000,kph,157.933,2018,6
44,3,3,15.0,3,78,Finished,hamilton,44,HAM,http://en.wikipedia.org/wiki/Lewis_Hamilton,Lewis,Hamilton,1985-01-07,British,mercedes,https://en.wikipedia.org/wiki/Mercedes-Benz_in_Formula_One,Mercedes,German,6191820.0,0 days 00:00:17.013000,8.0,15.0,0 days 00:01:16.270000,kph,157.508,2018,6
7,4,4,12.0,4,78,Finished,raikkonen,7,RAI,http://en.wikipedia.org/wiki/Kimi_R%C3%A4ikk%C3%B6nen,Kimi,Räikkönen,1979-10-17,Finnish,ferrari,https://en.wikipedia.org/wiki/Scuderia_Ferrari,Ferrari,Italian,6192934.0,0 days 00:00:18.127000,10.0,13.0,0 days 00:01:16.392000,kph,157.257,2018,6
77,5,5,10.0,5,78,Finished,bottas,77,BOT,http://en.wikipedia.org/wiki/Valtteri_Bottas,Valtteri,Bottas,1989-08-28,Finnish,mercedes,https://en.wikipedia.org/wiki/Mercedes-Benz_in_Formula_One,Mercedes,German,6193629.0,0 days 00:00:18.822000,9.0,21.0,0 days 00:01:16.312000,kph,157.422,2018,6
31,6,6,8.0,6,78,Finished,ocon,31,OCO,http://en.wikipedia.org/wiki/Esteban_Ocon,Esteban,Ocon,1996-09-17,French,force_india,https://en.wikipedia.org/wiki/Racing_Point_Force_India,Force India,Indian,6198474.0,0 days 00:00:23.667000,14.0,63.0,0 days 00:01:17.027000,kph,155.96,2018,6
10,7,7,6.0,10,78,Finished,gasly,10,GAS,http://en.wikipedia.org/wiki/Pierre_Gasly,Pierre,Gasly,1996-02-07,French,toro_rosso,https://en.wikipedia.org/wiki/Scuderia_Toro_Rosso,Toro Rosso,Italian,6199138.0,0 days 00:00:24.331000,15.0,68.0,0 days 00:01:17.099000,kph,155.815,2018,6
27,8,8,4.0,11,78,Finished,hulkenberg,27,HUL,http://en.wikipedia.org/wiki/Nico_H%C3%BClkenberg,Nico,Hülkenberg,1987-08-19,German,renault,https://en.wikipedia.org/wiki/Renault_in_Formula_One,Renault,French,6199646.0,0 days 00:00:24.839000,6.0,57.0,0 days 00:01:16.061000,kph,157.941,2018,6
33,9,9,2.0,20,78,Finished,max_verstappen,3,VER,http://en.wikipedia.org/wiki/Max_Verstappen,Max,Verstappen,1997-09-30,Dutch,red_bull,https://en.wikipedia.org/wiki/Red_Bull_Racing,Red Bull,Austrian,6200124.0,0 days 00:00:25.317000,1.0,60.0,0 days 00:01:14.260000,kph,161.772,2018,6
55,10,10,1.0,8,78,Finished,sainz,55,SAI,http://en.wikipedia.org/wiki/Carlos_Sainz_Jr.,Carlos,Sainz,1994-09-01,Spanish,renault,https://en.wikipedia.org/wiki/Renault_in_Formula_One,Renault,French,6243820.0,0 days 00:01:09.013000,18.0,19.0,0 days 00:01:17.491000,kph,155.027,2018,6
9,11,11,0.0,16,78,Finished,ericsson,9,ERI,http://en.wikipedia.org/wiki/Marcus_Ericsson,Marcus,Ericsson,1990-09-02,Swedish,sauber,https://en.wikipedia.org/wiki/Sauber_Motorsport,Sauber,Swiss,6244671.0,0 days 00:01:09.864000,12.0,19.0,0 days 00:01:16.936000,kph,156.145,2018,6
11,12,12,0.0,9,78,Finished,perez,11,PER,http://en.wikipedia.org/wiki/Sergio_P%C3%A9rez,Sergio,Pérez,1990-01-26,Mexican,force_india,https://en.wikipedia.org/wiki/Racing_Point_Force_India,Force India,Indian,6245268.0,0 days 00:01:10.461000,19.0,24.0,0 days 00:01:17.546000,kph,154.917,2018,6
20,13,13,0.0,19,78,Finished,kevin_magnussen,20,MAG,http://en.wikipedia.org/wiki/Kevin_Magnussen,Kevin,Magnussen,1992-10-05,Danish,haas,https://en.wikipedia.org/wiki/Haas_F1_Team,Haas F1 Team,American,6249630.0,0 days 00:01:14.823000,17.0,20.0,0 days 00:01:17.476000,kph,155.057,2018,6
2,14,14,0.0,12,77,+1 Lap,vandoorne,2,VAN,http://en.wikipedia.org/wiki/Stoffel_Vandoorne,Stoffel,Vandoorne,1992-03-26,Belgian,mclaren,https://en.wikipedia.org/wiki/McLaren,McLaren,British,,,11.0,76.0,0 days 00:01:16.864000,kph,156.291,2018,6
8,15,15,0.0,18,77,+1 Lap,grosjean,8,GRO,http://en.wikipedia.org/wiki/Romain_Grosjean,Romain,Grosjean,1986-04-17,French,haas,https://en.wikipedia.org/wiki/Haas_F1_Team,Haas F1 Team,American,,,2.0,74.0,0 days 00:01:14.822000,kph,160.557,2018,6
35,16,16,0.0,13,77,+1 Lap,sirotkin,35,SIR,http://en.wikipedia.org/wiki/Sergey_Sirotkin_(racing_driver),Sergey,Sirotkin,1995-08-27,Russian,williams,https://en.wikipedia.org/wiki/Williams_Racing,Williams,British,,,4.0,75.0,0 days 00:01:15.325000,kph,159.484,2018,6
18,17,17,0.0,17,76,+2 Laps,stroll,18,STR,http://en.wikipedia.org/wiki/Lance_Stroll,Lance,Stroll,1998-10-29,Canadian,williams,https://en.wikipedia.org/wiki/Williams_Racing,Williams,British,,,3.0,61.0,0 days 00:01:14.944000,kph,160.295,2018,6
16,18,R,0.0,14,70,Collision,leclerc,16,LEC,http://en.wikipedia.org/wiki/Charles_Leclerc,Charles,Leclerc,1997-10-16,Monegasque,sauber,https://en.wikipedia.org/wiki/Sauber_Motorsport,Sauber,Swiss,,,20.0,17.0,0 days 00:01:17.710000,kph,154.59,2018,6
28,19,R,0.0,15,70,Collision,brendon_hartley,28,HAR,http://en.wikipedia.org/wiki/Brendon_Hartley,Brendon,Hartley,1989-11-10,New Zealander,toro_rosso,https://en.wikipedia.org/wiki/Scuderia_Toro_Rosso,Toro Rosso,Italian,,,16.0,15.0,0 days 00:01:17.172000,kph,155.667,2018,6
14,20,R,0.0,7,52,Gearbox,alonso,14,ALO,http://en.wikipedia.org/wiki/Fernando_Alonso,Fernando,Alonso,1981-07-29,Spanish,mclaren,https://en.wikipedia.org/wiki/McLaren,McLaren,British,,,13.0,23.0,0 days 00:01:17.018000,kph,155.979,2018,6
5,1,1,25.0,1,68,Finished,vettel,5,VET,http://en.wikipedia.org/wiki/Sebastian_Vettel,Sebastian,Vettel,1987-07-03,German,ferrari,https://en.wikipedia.org/wiki/Scuderia_Ferrari,Ferrari,Italian,5311377.0,0 days 01:28:31.377000,2.0,57.0,0 days 00:01:13.964000,kph,212.26,2018,7
77,2,2,18.0,2,68,Finished,bottas,77,BOT,http://en.wikipedia.org/wiki/Valtteri_Bottas,Valtteri,Bottas,1989-08-28,Finnish,mercedes,https://en.wikipedia.org/wiki/Mercedes-Benz_in_Formula_One,Mercedes,German,5318753.0,0 days 00:00:07.376000,3.0,51.0,0 days 00:01:13.992000,kph,212.179,2018,7
33,3,3,15.0,3,68,Finished,max_verstappen,3,VER,http://en.wikipedia.org/wiki/Max_Verstappen,Max,Verstappen,1997-09-30,Dutch,red_bull,https://en.wikipedia.org/wiki/Red_Bull_Racing,Red Bull,Austrian,5319737.0,0 days 00:00:08.360000,1.0,65.0,0 days 00:01:13.864000,kph,212.547,2018,7
3,4,4,12.0,6,68,Finished,ricciardo,3,RIC,http://en.wikipedia.org/wiki/Daniel_Ricciardo,Daniel,Ricciardo,1989-07-01,Australian,red_bull,https://en.wikipedia.org/wiki/Red_Bull_Racing,Red Bull,Austrian,5332269.0,0 days 00:00:20.892000,5.0,59.0,0 days 00:01:14.159000,kph,211.701,2018,7
44,5,5,10.0,4,68,Finished,hamilton,44,HAM,http://en.wikipedia.org/wiki/Lewis_Hamilton,Lewis,Hamilton,1985-01-07,British,mercedes,https://en.wikipedia.org/wiki/Mercedes-Benz_in_Formula_One,Mercedes,German,5332936.0,0 days 00:00:21.559000,6.0,66.0,0 days 00:01:14.183000,kph,211.633,2018,7
7,6,6,8.0,5,68,Finished,raikkonen,7,RAI,http://en.wikipedia.org/wiki/Kimi_R%C3%A4ikk%C3%B6nen,Kimi,Räikkönen,1979-10-17,Finnish,ferrari,https://en.wikipedia.org/wiki/Scuderia_Ferrari,Ferrari,Italian,5338561.0,0 days 00:00:27.184000,4.0,59.0,0 days 00:01:14.075000,kph,211.941,2018,7
27,7,7,6.0,7,67,+1 Lap,hulkenberg,27,HUL,http://en.wikipedia.org/wiki/Nico_H%C3%BClkenberg,Nico,Hülkenberg,1987-08-19,German,renault,https://en.wikipedia.org/wiki/Renault_in_Formula_One,Renault,French,,,11.0,64.0,0 days 00:01:15.588000,kph,207.699,2018,7
55,8,8,4.0,9,67,+1 Lap,sainz,55,SAI,http://en.wikipedia.org/wiki/Carlos_Sainz_Jr.,Carlos,Sainz,1994-09-01,Spanish,renault,https://en.wikipedia.org/wiki/Renault_in_Formula_One,Renault,French,,,13.0,61.0,0 days 00:01:15.666000,kph,207.485,2018,7
31,9,9,2.0,8,67,+1 Lap,ocon,31,OCO,http://en.wikipedia.org/wiki/Esteban_Ocon,Esteban,Ocon,1996-09-17,French,force_india,https://en.wikipedia.org/wiki/Racing_Point_Force_India,Force India,Indian,,,12.0,61.0,0 days 00:01:15.610000,kph,207.639,2018,7
16,10,10,1.0,13,67,+1 Lap,leclerc,16,LEC,http://en.wikipedia.org/wiki/Charles_Leclerc,Charles,Leclerc,1997-10-16,Monegasque,sauber,https://en.wikipedia.org/wiki/Sauber_Motorsport,Sauber,Swiss,,,10.0,65.0,0 days 00:01:15.480000,kph,207.996,2018,7
10,11,11,0.0,16,67,+1 Lap,gasly,10,GAS,http://en.wikipedia.org/wiki/Pierre_Gasly,Pierre,Gasly,1996-02-07,French,toro_rosso,https://en.wikipedia.org/wiki/Scuderia_Toro_Rosso,Toro Rosso,Italian,,,14.0,67.0,0 days 00:01:15.699000,kph,207.395,2018,7
8,12,12,0.0,20,67,+1 Lap,grosjean,8,GRO,http://en.wikipedia.org/wiki/Romain_Grosjean,Romain,Grosjean,1986-04-17,French,haas,https://en.wikipedia.org/wiki/Haas_F1_Team,Haas F1 Team,American,,,9.0,56.0,0 days 00:01:15.470000,kph,208.024,2018,7
20,13,13,0.0,11,67,+1 Lap,kevin_magnussen,20,MAG,http://en.wikipedia.org/wiki/Kevin_Magnussen,Kevin,Magnussen,1992-10-05,Danish,haas,https://en.wikipedia.org/wiki/Haas_F1_Team,Haas F1 Team,American,,,8.0,65.0,0 days 00:01:15.401000,kph,208.214,2018,7
11,14,14,0.0,10,67,+1 Lap,perez,11,PER,http://en.wikipedia.org/wiki/Sergio_P%C3%A9rez,Sergio,Pérez,1990-01-26,Mexican,force_india,https://en.wikipedia.org/wiki/Racing_Point_Force_India,Force India,Indian,,,7.0,64.0,0 days 00:01:15.100000,kph,209.049,2018,7
9,15,15,0.0,19,66,+2 Laps,ericsson,9,ERI,http://en.wikipedia.org/wiki/Marcus_Ericsson,Marcus,Ericsson,1990-09-02,Swedish,sauber,https://en.wikipedia.org/wiki/Sauber_Motorsport,Sauber,Swiss,,,18.0,62.0,0 days 00:01:16.403000,kph,205.484,2018,7
2,16,16,0.0,15,66,+2 Laps,vandoorne,2,VAN,http://en.wikipedia.org/wiki/Stoffel_Vandoorne,Stoffel,Vandoorne,1992-03-26,Belgian,mclaren,https://en.wikipedia.org/wiki/McLaren,McLaren,British,,,15.0,55.0,0 days 00:01:15.765000,kph,207.214,2018,7
35,17,17,0.0,18,66,+2 Laps,sirotkin,35,SIR,http://en.wikipedia.org/wiki/Sergey_Sirotkin_(racing_driver),Sergey,Sirotkin,1995-08-27,Russian,williams,https://en.wikipedia.org/wiki/Williams_Racing,Williams,British,,,16.0,53.0,0 days 00:01:15.924000,kph,206.78,2018,7
14,18,R,0.0,14,40,Exhaust,alonso,14,ALO,http://en.wikipedia.org/wiki/Fernando_Alonso,Fernando,Alonso,1981-07-29,Spanish,mclaren,https://en.wikipedia.org/wiki/McLaren,McLaren,British,,,17.0,33.0,0 days 00:01:16.180000,kph,206.085,2018,7
28,19,R,0.0,12,0,Collision,brendon_hartley,28,HAR,http://en.wikipedia.org/wiki/Brendon_Hartley,Brendon,Hartley,1989-11-10,New Zealander,toro_rosso,https://en.wikipedia.org/wiki/Scuderia_Toro_Rosso,Toro Rosso,Italian,,,,,,,,2018,7
18,20,R,0.0,17,0,Collision,stroll,18,STR,http://en.wikipedia.org/wiki/Lance_Stroll,Lance,Stroll,1998-10-29,Canadian,williams,https://en.wikipedia.org/wiki/Williams_Racing,Williams,British,,,,,,,,2018,7
44,1,1,25.0,1,53,Finished,hamilton,44,HAM,http://en.wikipedia.org/wiki/Lewis_Hamilton,Lewis,Hamilton,1985-01-07,British,mercedes,https://en.wikipedia.org/wiki/Mercedes-Benz_in_Formula_One,Mercedes,German,5411385.0,0 days 01:30:11.385000,5.0,49.0,0 days 00:01:34.509000,kph,222.531,2018,8
33,2,2,18.0,4,53,Finished,max_verstappen,3,VER,http://en.wikipedia.org/wiki/Max_Verstappen,Max,Verstappen,1997-09-30,Dutch,red_bull,https://en.wikipedia.org/wiki/Red_Bull_Racing,Red Bull,Austrian,5418475.0,0 days 00:00:07.090000,2.0,47.0,0 days 00:01:34.275000,kph,223.083,2018,8
7,3,3,15.0,6,53,Finished,raikkonen,7,RAI,http://en.wikipedia.org/wiki/Kimi_R%C3%A4ikk%C3%B6nen,Kimi,Räikkönen,1979-10-17,Finnish,ferrari,https://en.wikipedia.org/wiki/Scuderia_Ferrari,Ferrari,Italian,5437273.0,0 days 00:00:25.888000,3.0,48.0,0 days 00:01:34.398000,kph,222.792,2018,8
3,4,4,12.0,5,53,Finished,ricciardo,3,RIC,http://en.wikipedia.org/wiki/Daniel_Ricciardo,Daniel,Ricciardo,1989-07-01,Australian,red_bull,https://en.wikipedia.org/wiki/Red_Bull_Racing,Red Bull,Austrian,5446121.0,0 days 00:00:34.736000,7.0,37.0,0 days 00:01:35.382000,kph,220.494,2018,8
5,5,5,10.0,3,53,Finished,vettel,5,VET,http://en.wikipedia.org/wiki/Sebastian_Vettel,Sebastian,Vettel,1987-07-03,German,ferrari,https://en.wikipedia.org/wiki/Scuderia_Ferrari,Ferrari,Italian,5473320.0,0 days 00:01:01.935000,4.0,42.0,0 days 00:01:34.485000,kph,222.587,2018,8
20,6,6,8.0,9,53,Finished,kevin_magnussen,20,MAG,http://en.wikipedia.org/wiki/Kevin_Magnussen,Kevin,Magnussen,1992-10-05,Danish,haas,https://en.wikipedia.org/wiki/Haas_F1_Team,Haas F1 Team,American,5490749.0,0 days 00:01:19.364000,8.0,50.0,0 days 00:01:35.425000,kph,220.395,2018,8
77,7,7,6.0,2,53,Finished,bottas,77,BOT,http://en.wikipedia.org/wiki/Valtteri_Bottas,Valtteri,Bottas,1989-08-28,Finnish,mercedes,https://en.wikipedia.org/wiki/Mercedes-Benz_in_Formula_One,Mercedes,German,5492017.0,0 days 00:01:20.632000,1.0,41.0,0 days 00:01:34.225000,kph,223.201,2018,8
55,8,8,4.0,7,53,Finished,sainz,55,SAI,http://en.wikipedia.org/wiki/Carlos_Sainz_Jr.,Carlos,Sainz,1994-09-01,Spanish,renault,https://en.wikipedia.org/wiki/Renault_in_Formula_One,Renault,French,5498569.0,0 days 00:01:27.184000,9.0,46.0,0 days 00:01:35.638000,kph,219.904,2018,8
27,9,9,2.0,12,53,Finished,hulkenberg,27,HUL,http://en.wikipedia.org/wiki/Nico_H%C3%BClkenberg,Nico,Hülkenberg,1987-08-19,German,renault,https://en.wikipedia.org/wiki/Renault_in_Formula_One,Renault,French,5503374.0,0 days 00:01:31.989000,11.0,46.0,0 days 00:01:35.873000,kph,219.365,2018,8
16,10,10,1.0,8,53,Finished,leclerc,16,LEC,http://en.wikipedia.org/wiki/Charles_Leclerc,Charles,Leclerc,1997-10-16,Monegasque,sauber,https://en.wikipedia.org/wiki/Sauber_Motorsport,Sauber,Swiss,5505258.0,0 days 00:01:33.873000,12.0,45.0,0 days 00:01:35.977000,kph,219.127,2018,8
8,11,11,0.0,10,52,+1 Lap,grosjean,8,GRO,http://en.wikipedia.org/wiki/Romain_Grosjean,Romain,Grosjean,1986-04-17,French,haas,https://en.wikipedia.org/wiki/Haas_F1_Team,Haas F1 Team,American,,,10.0,47.0,0 days 00:01:35.695000,kph,219.773,2018,8
2,12,12,0.0,17,52,+1 Lap,vandoorne,2,VAN,http://en.wikipedia.org/wiki/Stoffel_Vandoorne,Stoffel,Vandoorne,1992-03-26,Belgian,mclaren,https://en.wikipedia.org/wiki/McLaren,McLaren,British,,,14.0,48.0,0 days 00:01:36.675000,kph,217.545,2018,8
9,13,13,0.0,15,52,+1 Lap,ericsson,9,ERI,http://en.wikipedia.org/wiki/Marcus_Ericsson,Marcus,Ericsson,1990-09-02,Swedish,sauber,https://en.wikipedia.org/wiki/Sauber_Motorsport,Sauber,Swiss,,,13.0,37.0,0 days 00:01:36.494000,kph,217.953,2018,8
28,14,14,0.0,20,52,+1 Lap,brendon_hartley,28,HAR,http://en.wikipedia.org/wiki/Brendon_Hartley,Brendon,Hartley,1989-11-10,New Zealander,toro_rosso,https://en.wikipedia.org/wiki/Scuderia_Toro_Rosso,Toro Rosso,Italian,,,15.0,40.0,0 days 00:01:36.839000,kph,217.176,2018,8
35,15,15,0.0,18,52,+1 Lap,sirotkin,35,SIR,http://en.wikipedia.org/wiki/Sergey_Sirotkin_(racing_driver),Sergey,Sirotkin,1995-08-27,Russian,williams,https://en.wikipedia.org/wiki/Williams_Racing,Williams,British,,,16.0,35.0,0 days 00:01:38.300000,kph,213.949,2018,8
14,16,16,0.0,16,50,Wheel,alonso,14,ALO,http://en.wikipedia.org/wiki/Fernando_Alonso,Fernando,Alonso,1981-07-29,Spanish,mclaren,https://en.wikipedia.org/wiki/McLaren,McLaren,British,,,6.0,48.0,0 days 00:01:35.133000,kph,221.071,2018,8
18,17,17,0.0,19,48,Puncture,stroll,18,STR,http://en.wikipedia.org/wiki/Lance_Stroll,Lance,Stroll,1998-10-29,Canadian,williams,https://en.wikipedia.org/wiki/Williams_Racing,Williams,British,,,18.0,35.0,0 days 00:01:38.319000,kph,213.907,2018,8
11,18,R,0.0,13,27,Engine,perez,11,PER,http://en.wikipedia.org/wiki/Sergio_P%C3%A9rez,Sergio,Pérez,1990-01-26,Mexican,force_india,https://en.wikipedia.org/wiki/Racing_Point_Force_India,Force India,Indian,,,17.0,25.0,0 days 00:01:38.319000,kph,213.907,2018,8
31,19,R,0.0,11,0,Collision,ocon,31,OCO,http://en.wikipedia.org/wiki/Esteban_Ocon,Esteban,Ocon,1996-09-17,French,force_india,https://en.wikipedia.org/wiki/Racing_Point_Force_India,Force India,Indian,,,,,,,,2018,8
10,20,R,0.0,14,0,Collision,gasly,10,GAS,http://en.wikipedia.org/wiki/Pierre_Gasly,Pierre,Gasly,1996-02-07,French,toro_rosso,https://en.wikipedia.org/wiki/Scuderia_Toro_Rosso,Toro Rosso,Italian,,,,,,,,2018,8
33,1,1,25.0,4,71,Finished,max_verstappen,3,VER,http://en.wikipedia.org/wiki/Max_Verstappen,Max,Verstappen,1997-09-30,Dutch,red_bull,https://en.wikipedia.org/wiki/Red_Bull_Racing,Red Bull,Austrian,4916024.0,0 days 01:21:56.024000,4.0,70.0,0 days 00:01:07.442000,kph,230.491,2018,9
7,2,2,18.0,3,71,Finished,raikkonen,7,RAI,http://en.wikipedia.org/wiki/Kimi_R%C3%A4ikk%C3%B6nen,Kimi,Räikkönen,1979-10-17,Finnish,ferrari,https://en.wikipedia.org/wiki/Scuderia_Ferrari,Ferrari,Italian,4917528.0,0 days 00:00:01.504000,1.0,71.0,0 days 00:01:06.957000,kph,232.16,2018,9
5,3,3,15.0,6,71,Finished,vettel,5,VET,http://en.wikipedia.org/wiki/Sebastian_Vettel,Sebastian,Vettel,1987-07-03,German,ferrari,https://en.wikipedia.org/wiki/Scuderia_Ferrari,Ferrari,Italian,4919205.0,0 days 00:00:03.181000,2.0,67.0,0 days 00:01:07.082000,kph,231.728,2018,9
8,4,4,12.0,5,70,+1 Lap,grosjean,8,GRO,http://en.wikipedia.org/wiki/Romain_Grosjean,Romain,Grosjean,1986-04-17,French,haas,https://en.wikipedia.org/wiki/Haas_F1_Team,Haas F1 Team,American,,,16.0,17.0,0 days 00:01:09.071000,kph,225.055,2018,9
20,5,5,10.0,8,70,+1 Lap,kevin_magnussen,20,MAG,http://en.wikipedia.org/wiki/Kevin_Magnussen,Kevin,Magnussen,1992-10-05,Danish,haas,https://en.wikipedia.org/wiki/Haas_F1_Team,Haas F1 Team,American,,,7.0,70.0,0 days 00:01:08.476000,kph,227.01,2018,9
31,6,6,8.0,11,70,+1 Lap,ocon,31,OCO,http://en.wikipedia.org/wiki/Esteban_Ocon,Esteban,Ocon,1996-09-17,French,force_india,https://en.wikipedia.org/wiki/Racing_Point_Force_India,Force India,Indian,,,11.0,64.0,0 days 00:01:08.850000,kph,225.777,2018,9
11,7,7,6.0,16,70,+1 Lap,perez,11,PER,http://en.wikipedia.org/wiki/Sergio_P%C3%A9rez,Sergio,Pérez,1990-01-26,Mexican,force_india,https://en.wikipedia.org/wiki/Racing_Point_Force_India,Force India,Indian,,,8.0,66.0,0 days 00:01:08.504000,kph,226.918,2018,9
14,8,8,4.0,13,70,+1 Lap,alonso,14,ALO,http://en.wikipedia.org/wiki/Fernando_Alonso,Fernando,Alonso,1981-07-29,Spanish,mclaren,https://en.wikipedia.org/wiki/McLaren,McLaren,British,,,9.0,69.0,0 days 00:01:08.661000,kph,226.399,2018,9
16,9,9,2.0,18,70,+1 Lap,leclerc,16,LEC,http://en.wikipedia.org/wiki/Charles_Leclerc,Charles,Leclerc,1997-10-16,Monegasque,sauber,https://en.wikipedia.org/wiki/Sauber_Motorsport,Sauber,Swiss,,,14.0,68.0,0 days 00:01:09.006000,kph,225.267,2018,9
9,10,10,1.0,20,70,+1 Lap,ericsson,9,ERI,http://en.wikipedia.org/wiki/Marcus_Ericsson,Marcus,Ericsson,1990-09-02,Swedish,sauber,https://en.wikipedia.org/wiki/Sauber_Motorsport,Sauber,Swiss,,,6.0,67.0,0 days 00:01:08.216000,kph,227.876,2018,9
10,11,11,0.0,12,70,+1 Lap,gasly,10,GAS,http://en.wikipedia.org/wiki/Pierre_Gasly,Pierre,Gasly,1996-02-07,French,toro_rosso,https://en.wikipedia.org/wiki/Scuderia_Toro_Rosso,Toro Rosso,Italian,,,19.0,38.0,0 days 00:01:09.295000,kph,224.327,2018,9
55,12,12,0.0,9,70,+1 Lap,sainz,55,SAI,http://en.wikipedia.org/wiki/Carlos_Sainz_Jr.,Carlos,Sainz,1994-09-01,Spanish,renault,https://en.wikipedia.org/wiki/Renault_in_Formula_One,Renault,French,,,10.0,37.0,0 days 00:01:08.766000,kph,226.053,2018,9
35,13,13,0.0,17,69,+2 Laps,sirotkin,35,SIR,http://en.wikipedia.org/wiki/Sergey_Sirotkin_(racing_driver),Sergey,Sirotkin,1995-08-27,Russian,williams,https://en.wikipedia.org/wiki/Williams_Racing,Williams,British,,,13.0,64.0,0 days 00:01:08.971000,kph,225.381,2018,9
18,14,14,0.0,14,69,+2 Laps,stroll,18,STR,http://en.wikipedia.org/wiki/Lance_Stroll,Lance,Stroll,1998-10-29,Canadian,williams,https://en.wikipedia.org/wiki/Williams_Racing,Williams,British,,,18.0,68.0,0 days 00:01:09.203000,kph,224.626,2018,9
2,15,15,0.0,15,65,Collision damage,vandoorne,2,VAN,http://en.wikipedia.org/wiki/Stoffel_Vandoorne,Stoffel,Vandoorne,1992-03-26,Belgian,mclaren,https://en.wikipedia.org/wiki/McLaren,McLaren,British,,,12.0,63.0,0 days 00:01:08.894000,kph,225.633,2018,9
44,16,R,0.0,2,62,Fuel pressure,hamilton,44,HAM,http://en.wikipedia.org/wiki/Lewis_Hamilton,Lewis,Hamilton,1985-01-07,British,mercedes,https://en.wikipedia.org/wiki/Mercedes-Benz_in_Formula_One,Mercedes,German,,,3.0,58.0,0 days 00:01:07.241000,kph,231.18,2018,9
28,17,R,0.0,19,54,Hydraulics,brendon_hartley,28,HAR,http://en.wikipedia.org/wiki/Brendon_Hartley,Brendon,Hartley,1989-11-10,New Zealander,toro_rosso,https://en.wikipedia.org/wiki/Scuderia_Toro_Rosso,Toro Rosso,Italian,,,17.0,42.0,0 days 00:01:09.171000,kph,224.73,2018,9
3,18,R,0.0,7,53,Exhaust,ricciardo,3,RIC,http://en.wikipedia.org/wiki/Daniel_Ricciardo,Daniel,Ricciardo,1989-07-01,Australian,red_bull,https://en.wikipedia.org/wiki/Red_Bull_Racing,Red Bull,Austrian,,,5.0,46.0,0 days 00:01:07.591000,kph,229.983,2018,9
77,19,R,0.0,1,13,Hydraulics,bottas,77,BOT,http://en.wikipedia.org/wiki/Valtteri_Bottas,Valtteri,Bottas,1989-08-28,Finnish,mercedes,https://en.wikipedia.org/wiki/Mercedes-Benz_in_Formula_One,Mercedes,German,,,15.0,12.0,0 days 00:01:09.044000,kph,225.143,2018,9
27,20,R,0.0,10,11,Engine,hulkenberg,27,HUL,http://en.wikipedia.org/wiki/Nico_H%C3%BClkenberg,Nico,Hülkenberg,1987-08-19,German,renault,https://en.wikipedia.org/wiki/Renault_in_Formula_One,Renault,French,,,20.0,7.0,0 days 00:01:10.380000,kph,220.869,2018,9
5,1,1,25.0,2,52,Finished,vettel,5,VET,http://en.wikipedia.org/wiki/Sebastian_Vettel,Sebastian,Vettel,1987-07-03,German,ferrari,https://en.wikipedia.org/wiki/Scuderia_Ferrari,Ferrari,Italian,5249784.0,0 days 01:27:29.784000,1.0,47.0,0 days 00:01:30.696000,kph,233.831,2018,10
44,2,2,18.0,1,52,Finished,hamilton,44,HAM,http://en.wikipedia.org/wiki/Lewis_Hamilton,Lewis,Hamilton,1985-01-07,British,mercedes,https://en.wikipedia.org/wiki/Mercedes-Benz_in_Formula_One,Mercedes,German,5252048.0,0 days 00:00:02.264000,3.0,52.0,0 days 00:01:31.245000,kph,232.424,2018,10
7,3,3,15.0,3,52,Finished,raikkonen,7,RAI,http://en.wikipedia.org/wiki/Kimi_R%C3%A4ikk%C3%B6nen,Kimi,Räikkönen,1979-10-17,Finnish,ferrari,https://en.wikipedia.org/wiki/Scuderia_Ferrari,Ferrari,Italian,5253436.0,0 days 00:00:03.652000,2.0,51.0,0 days 00:01:30.795000,kph,233.576,2018,10
77,4,4,12.0,4,52,Finished,bottas,77,BOT,http://en.wikipedia.org/wiki/Valtteri_Bottas,Valtteri,Bottas,1989-08-28,Finnish,mercedes,https://en.wikipedia.org/wiki/Mercedes-Benz_in_Formula_One,Mercedes,German,5258667.0,0 days 00:00:08.883000,4.0,43.0,0 days 00:01:31.377000,kph,232.089,2018,10
3,5,5,10.0,6,52,Finished,ricciardo,3,RIC,http://en.wikipedia.org/wiki/Daniel_Ricciardo,Daniel,Ricciardo,1989-07-01,Australian,red_bull,https://en.wikipedia.org/wiki/Red_Bull_Racing,Red Bull,Austrian,5259284.0,0 days 00:00:09.500000,5.0,46.0,0 days 00:01:31.589000,kph,231.551,2018,10
27,6,6,8.0,11,52,Finished,hulkenberg,27,HUL,http://en.wikipedia.org/wiki/Nico_H%C3%BClkenberg,Nico,Hülkenberg,1987-08-19,German,renault,https://en.wikipedia.org/wiki/Renault_in_Formula_One,Renault,French,5278004.0,0 days 00:00:28.220000,7.0,48.0,0 days 00:01:33.405000,kph,227.049,2018,10
31,7,7,6.0,10,52,Finished,ocon,31,OCO,http://en.wikipedia.org/wiki/Esteban_Ocon,Esteban,Ocon,1996-09-17,French,force_india,https://en.wikipedia.org/wiki/Racing_Point_Force_India,Force India,Indian,5279714.0,0 days 00:00:29.930000,13.0,48.0,0 days 00:01:33.606000,kph,226.562,2018,10
14,8,8,4.0,13,52,Finished,alonso,14,ALO,http://en.wikipedia.org/wiki/Fernando_Alonso,Fernando,Alonso,1981-07-29,Spanish,mclaren,https://en.wikipedia.org/wiki/McLaren,McLaren,British,5280899.0,0 days 00:00:31.115000,10.0,52.0,0 days 00:01:33.482000,kph,226.862,2018,10
20,9,9,2.0,7,52,Finished,kevin_magnussen,20,MAG,http://en.wikipedia.org/wiki/Kevin_Magnussen,Kevin,Magnussen,1992-10-05,Danish,haas,https://en.wikipedia.org/wiki/Haas_F1_Team,Haas F1 Team,American,5282972.0,0 days 00:00:33.188000,12.0,48.0,0 days 00:01:33.604000,kph,226.567,2018,10
11,10,10,1.0,12,52,Finished,perez,11,PER,http://en.wikipedia.org/wiki/Sergio_P%C3%A9rez,Sergio,Pérez,1990-01-26,Mexican,force_india,https://en.wikipedia.org/wiki/Racing_Point_Force_India,Force India,Indian,5284492.0,0 days 00:00:34.708000,9.0,48.0,0 days 00:01:33.472000,kph,226.887,2018,10
2,11,11,0.0,17,52,Finished,vandoorne,2,VAN,http://en.wikipedia.org/wiki/Stoffel_Vandoorne,Stoffel,Vandoorne,1992-03-26,Belgian,mclaren,https://en.wikipedia.org/wiki/McLaren,McLaren,British,5285558.0,0 days 00:00:35.774000,11.0,48.0,0 days 00:01:33.551000,kph,226.695,2018,10
18,12,12,0.0,19,52,Finished,stroll,18,STR,http://en.wikipedia.org/wiki/Lance_Stroll,Lance,Stroll,1998-10-29,Canadian,williams,https://en.wikipedia.org/wiki/Williams_Racing,Williams,British,5287890.0,0 days 00:00:38.106000,15.0,48.0,0 days 00:01:33.869000,kph,225.927,2018,10
10,13,13,0.0,14,52,Finished,gasly,10,GAS,http://en.wikipedia.org/wiki/Pierre_Gasly,Pierre,Gasly,1996-02-07,French,toro_rosso,https://en.wikipedia.org/wiki/Scuderia_Toro_Rosso,Toro Rosso,Italian,5288913.0,0 days 00:00:39.129000,8.0,48.0,0 days 00:01:33.465000,kph,226.904,2018,10
35,14,14,0.0,18,52,Finished,sirotkin,35,SIR,http://en.wikipedia.org/wiki/Sergey_Sirotkin_(racing_driver),Sergey,Sirotkin,1995-08-27,Russian,williams,https://en.wikipedia.org/wiki/Williams_Racing,Williams,British,5297897.0,0 days 00:00:48.113000,18.0,52.0,0 days 00:01:34.620000,kph,224.134,2018,10
33,15,R,0.0,5,46,Brakes,max_verstappen,3,VER,http://en.wikipedia.org/wiki/Max_Verstappen,Max,Verstappen,1997-09-30,Dutch,red_bull,https://en.wikipedia.org/wiki/Red_Bull_Racing,Red Bull,Austrian,,,6.0,42.0,0 days 00:01:32.007000,kph,230.499,2018,10
8,16,R,0.0,8,37,Collision,grosjean,8,GRO,http://en.wikipedia.org/wiki/Romain_Grosjean,Romain,Grosjean,1986-04-17,French,haas,https://en.wikipedia.org/wiki/Haas_F1_Team,Haas F1 Team,American,,,16.0,28.0,0 days 00:01:34.391000,kph,224.678,2018,10
55,17,R,0.0,16,37,Collision,sainz,55,SAI,http://en.wikipedia.org/wiki/Carlos_Sainz_Jr.,Carlos,Sainz,1994-09-01,Spanish,renault,https://en.wikipedia.org/wiki/Renault_in_Formula_One,Renault,French,,,17.0,25.0,0 days 00:01:34.602000,kph,224.177,2018,10
9,18,R,0.0,15,31,Accident,ericsson,9,ERI,http://en.wikipedia.org/wiki/Marcus_Ericsson,Marcus,Ericsson,1990-09-02,Swedish,sauber,https://en.wikipedia.org/wiki/Sauber_Motorsport,Sauber,Swiss,,,14.0,26.0,0 days 00:01:33.675000,kph,226.395,2018,10
16,19,R,0.0,9,18,Tyre,leclerc,16,LEC,http://en.wikipedia.org/wiki/Charles_Leclerc,Charles,Leclerc,1997-10-16,Monegasque,sauber,https://en.wikipedia.org/wiki/Sauber_Motorsport,Sauber,Swiss,,,19.0,3.0,0 days 00:01:35.209000,kph,222.747,2018,10
28,20,R,0.0,0,1,Power Unit,brendon_hartley,28,HAR,http://en.wikipedia.org/wiki/Brendon_Hartley,Brendon,Hartley,1989-11-10,New Zealander,toro_rosso,https://en.wikipedia.org/wiki/Scuderia_Toro_Rosso,Toro Rosso,Italian,,,,,,,,2018,10
44,1,1,25.0,14,67,Finished,hamilton,44,HAM,http://en.wikipedia.org/wiki/Lewis_Hamilton,Lewis,Hamilton,1985-01-07,British,mercedes,https://en.wikipedia.org/wiki/Mercedes-Benz_in_Formula_One,Mercedes,German,5549845.0,0 days 01:32:29.845000,1.0,66.0,0 days 00:01:15.545000,kph,217.968,2018,11
77,2,2,18.0,2,67,Finished,bottas,77,BOT,http://en.wikipedia.org/wiki/Valtteri_Bottas,Valtteri,Bottas,1989-08-28,Finnish,mercedes,https://en.wikipedia.org/wiki/Mercedes-Benz_in_Formula_One,Mercedes,German,5554380.0,0 days 00:00:04.535000,2.0,65.0,0 days 00:01:15.721000,kph,217.461,2018,11
7,3,3,15.0,3,67,Finished,raikkonen,7,RAI,http://en.wikipedia.org/wiki/Kimi_R%C3%A4ikk%C3%B6nen,Kimi,Räikkönen,1979-10-17,Finnish,ferrari,https://en.wikipedia.org/wiki/Scuderia_Ferrari,Ferrari,Italian,5556577.0,0 days 00:00:06.732000,4.0,64.0,0 days 00:01:15.990000,kph,216.691,2018,11
33,4,4,12.0,4,67,Finished,max_verstappen,3,VER,http://en.wikipedia.org/wiki/Max_Verstappen,Max,Verstappen,1997-09-30,Dutch,red_bull,https://en.wikipedia.org/wiki/Red_Bull_Racing,Red Bull,Austrian,5557499.0,0 days 00:00:07.654000,3.0,66.0,0 days 00:01:15.852000,kph,217.085,2018,11
27,5,5,10.0,7,67,Finished,hulkenberg,27,HUL,http://en.wikipedia.org/wiki/Nico_H%C3%BClkenberg,Nico,Hülkenberg,1987-08-19,German,renault,https://en.wikipedia.org/wiki/Renault_in_Formula_One,Renault,French,5576454.0,0 days 00:00:26.609000,16.0,66.0,0 days 00:01:17.910000,kph,211.351,2018,11
8,6,6,8.0,6,67,Finished,grosjean,8,GRO,http://en.wikipedia.org/wiki/Romain_Grosjean,Romain,Grosjean,1986-04-17,French,haas,https://en.wikipedia.org/wiki/Haas_F1_Team,Haas F1 Team,American,5578716.0,0 days 00:00:28.871000,5.0,66.0,0 days 00:01:16.716000,kph,214.641,2018,11
11,7,7,6.0,10,67,Finished,perez,11,PER,http://en.wikipedia.org/wiki/Sergio_P%C3%A9rez,Sergio,Pérez,1990-01-26,Mexican,force_india,https://en.wikipedia.org/wiki/Racing_Point_Force_India,Force India,Indian,5580401.0,0 days 00:00:30.556000,15.0,66.0,0 days 00:01:17.867000,kph,211.468,2018,11
31,8,8,4.0,15,67,Finished,ocon,31,OCO,http://en.wikipedia.org/wiki/Esteban_Ocon,Esteban,Ocon,1996-09-17,French,force_india,https://en.wikipedia.org/wiki/Racing_Point_Force_India,Force India,Indian,5581595.0,0 days 00:00:31.750000,17.0,64.0,0 days 00:01:17.941000,kph,211.267,2018,11
9,9,9,2.0,13,67,Finished,ericsson,9,ERI,http://en.wikipedia.org/wiki/Marcus_Ericsson,Marcus,Ericsson,1990-09-02,Swedish,sauber,https://en.wikipedia.org/wiki/Sauber_Motorsport,Sauber,Swiss,5582207.0,0 days 00:00:32.362000,12.0,65.0,0 days 00:01:17.745000,kph,211.8,2018,11
28,10,10,1.0,17,67,Finished,brendon_hartley,28,HAR,http://en.wikipedia.org/wiki/Brendon_Hartley,Brendon,Hartley,1989-11-10,New Zealander,toro_rosso,https://en.wikipedia.org/wiki/Scuderia_Toro_Rosso,Toro Rosso,Italian,5584042.0,0 days 00:00:34.197000,9.0,66.0,0 days 00:01:17.681000,kph,211.974,2018,11
20,11,11,0.0,5,67,Finished,kevin_magnussen,20,MAG,http://en.wikipedia.org/wiki/Kevin_Magnussen,Kevin,Magnussen,1992-10-05,Danish,haas,https://en.wikipedia.org/wiki/Haas_F1_Team,Haas F1 Team,American,5584764.0,0 days 00:00:34.919000,10.0,66.0,0 days 00:01:17.697000,kph,211.93,2018,11
55,12,12,0.0,8,67,Finished,sainz,55,SAI,http://en.wikipedia.org/wiki/Carlos_Sainz_Jr.,Carlos,Sainz,1994-09-01,Spanish,renault,https://en.wikipedia.org/wiki/Renault_in_Formula_One,Renault,French,5592914.0,0 days 00:00:43.069000,7.0,63.0,0 days 00:01:17.430000,kph,212.661,2018,11
2,13,13,0.0,19,67,Finished,vandoorne,2,VAN,http://en.wikipedia.org/wiki/Stoffel_Vandoorne,Stoffel,Vandoorne,1992-03-26,Belgian,mclaren,https://en.wikipedia.org/wiki/McLaren,McLaren,British,5596462.0,0 days 00:00:46.617000,8.0,67.0,0 days 00:01:17.537000,kph,212.368,2018,11
10,14,14,0.0,16,66,+1 Lap,gasly,10,GAS,http://en.wikipedia.org/wiki/Pierre_Gasly,Pierre,Gasly,1996-02-07,French,toro_rosso,https://en.wikipedia.org/wiki/Scuderia_Toro_Rosso,Toro Rosso,Italian,,,13.0,66.0,0 days 00:01:17.762000,kph,211.753,2018,11
16,15,15,0.0,9,66,+1 Lap,leclerc,16,LEC,http://en.wikipedia.org/wiki/Charles_Leclerc,Charles,Leclerc,1997-10-16,Monegasque,sauber,https://en.wikipedia.org/wiki/Sauber_Motorsport,Sauber,Swiss,,,14.0,64.0,0 days 00:01:17.852000,kph,211.509,2018,11
14,16,16,0.0,11,65,Retired,alonso,14,ALO,http://en.wikipedia.org/wiki/Fernando_Alonso,Fernando,Alonso,1981-07-29,Spanish,mclaren,https://en.wikipedia.org/wiki/McLaren,McLaren,British,,,11.0,60.0,0 days 00:01:17.741000,kph,211.811,2018,11
18,17,R,0.0,18,53,Engine,stroll,18,STR,http://en.wikipedia.org/wiki/Lance_Stroll,Lance,Stroll,1998-10-29,Canadian,williams,https://en.wikipedia.org/wiki/Williams_Racing,Williams,British,,,19.0,35.0,0 days 00:01:18.861000,kph,208.802,2018,11
5,18,R,0.0,1,51,Accident,vettel,5,VET,http://en.wikipedia.org/wiki/Sebastian_Vettel,Sebastian,Vettel,1987-07-03,German,ferrari,https://en.wikipedia.org/wiki/Scuderia_Ferrari,Ferrari,Italian,,,6.0,39.0,0 days 00:01:17.290000,kph,213.046,2018,11
35,19,R,0.0,12,51,Engine,sirotkin,35,SIR,http://en.wikipedia.org/wiki/Sergey_Sirotkin_(racing_driver),Sergey,Sirotkin,1995-08-27,Russian,williams,https://en.wikipedia.org/wiki/Williams_Racing,Williams,British,,,20.0,36.0,0 days 00:01:18.934000,kph,208.609,2018,11
3,20,R,0.0,20,27,Engine,ricciardo,3,RIC,http://en.wikipedia.org/wiki/Daniel_Ricciardo,Daniel,Ricciardo,1989-07-01,Australian,red_bull,https://en.wikipedia.org/wiki/Red_Bull_Racing,Red Bull,Austrian,,,18.0,22.0,0 days 00:01:18.262000,kph,210.4,2018,11
44,1,1,25.0,1,70,Finished,hamilton,44,HAM,http://en.wikipedia.org/wiki/Lewis_Hamilton,Lewis,Hamilton,1985-01-07,British,mercedes,https://en.wikipedia.org/wiki/Mercedes-Benz_in_Formula_One,Mercedes,German,5836427.0,0 days 01:37:16.427000,4.0,63.0,0 days 00:01:21.107000,kph,194.454,2018,12
5,2,2,18.0,4,70,Finished,vettel,5,VET,http://en.wikipedia.org/wiki/Sebastian_Vettel,Sebastian,Vettel,1987-07-03,German,ferrari,https://en.wikipedia.org/wiki/Scuderia_Ferrari,Ferrari,Italian,5853550.0,0 days 00:00:17.123000,2.0,70.0,0 days 00:01:20.056000,kph,197.007,2018,12
7,3,3,15.0,3,70,Finished,raikkonen,7,RAI,http://en.wikipedia.org/wiki/Kimi_R%C3%A4ikk%C3%B6nen,Kimi,Räikkönen,1979-10-17,Finnish,ferrari,https://en.wikipedia.org/wiki/Scuderia_Ferrari,Ferrari,Italian,5856528.0,0 days 00:00:20.101000,3.0,55.0,0 days 00:01:20.292000,kph,196.428,2018,12
3,4,4,12.0,12,70,Finished,ricciardo,3,RIC,http://en.wikipedia.org/wiki/Daniel_Ricciardo,Daniel,Ricciardo,1989-07-01,Australian,red_bull,https://en.wikipedia.org/wiki/Red_Bull_Racing,Red Bull,Austrian,5882846.0,0 days 00:00:46.419000,1.0,46.0,0 days 00:01:20.012000,kph,197.115,2018,12
77,5,5,10.0,2,70,Finished,bottas,77,BOT,http://en.wikipedia.org/wiki/Valtteri_Bottas,Valtteri,Bottas,1989-08-28,Finnish,mercedes,https://en.wikipedia.org/wiki/Mercedes-Benz_in_Formula_One,Mercedes,German,5886427.0,0 days 00:00:50,8.0,39.0,0 days 00:01:21.736000,kph,192.957,2018,12
10,6,6,8.0,6,70,Finished,gasly,10,GAS,http://en.wikipedia.org/wiki/Pierre_Gasly,Pierre,Gasly,1996-02-07,French,toro_rosso,https://en.wikipedia.org/wiki/Scuderia_Toro_Rosso,Toro Rosso,Italian,5909700.0,0 days 00:01:13.273000,7.0,64.0,0 days 00:01:21.685000,kph,193.078,2018,12
20,7,7,6.0,9,69,+1 Lap,kevin_magnussen,20,MAG,http://en.wikipedia.org/wiki/Kevin_Magnussen,Kevin,Magnussen,1992-10-05,Danish,haas,https://en.wikipedia.org/wiki/Haas_F1_Team,Haas F1 Team,American,,,6.0,60.0,0 days 00:01:21.302000,kph,193.987,2018,12
14,8,8,4.0,11,69,+1 Lap,alonso,14,ALO,http://en.wikipedia.org/wiki/Fernando_Alonso,Fernando,Alonso,1981-07-29,Spanish,mclaren,https://en.wikipedia.org/wiki/McLaren,McLaren,British,,,9.0,68.0,0 days 00:01:22.090000,kph,192.125,2018,12
55,9,9,2.0,5,69,+1 Lap,sainz,55,SAI,http://en.wikipedia.org/wiki/Carlos_Sainz_Jr.,Carlos,Sainz,1994-09-01,Spanish,renault,https://en.wikipedia.org/wiki/Renault_in_Formula_One,Renault,French,,,13.0,58.0,0 days 00:01:22.774000,kph,190.538,2018,12
8,10,10,1.0,10,69,+1 Lap,grosjean,8,GRO,http://en.wikipedia.org/wiki/Romain_Grosjean,Romain,Grosjean,1986-04-17,French,haas,https://en.wikipedia.org/wiki/Haas_F1_Team,Haas F1 Team,American,,,10.0,58.0,0 days 00:01:22.606000,kph,190.925,2018,12
28,11,11,0.0,8,69,+1 Lap,brendon_hartley,28,HAR,http://en.wikipedia.org/wiki/Brendon_Hartley,Brendon,Hartley,1989-11-10,New Zealander,toro_rosso,https://en.wikipedia.org/wiki/Scuderia_Toro_Rosso,Toro Rosso,Italian,,,11.0,62.0,0 days 00:01:22.612000,kph,190.911,2018,12
27,12,12,0.0,13,69,+1 Lap,hulkenberg,27,HUL,http://en.wikipedia.org/wiki/Nico_H%C3%BClkenberg,Nico,Hülkenberg,1987-08-19,German,renault,https://en.wikipedia.org/wiki/Renault_in_Formula_One,Renault,French,,,5.0,69.0,0 days 00:01:21.261000,kph,194.085,2018,12
31,13,13,0.0,18,69,+1 Lap,ocon,31,OCO,http://en.wikipedia.org/wiki/Esteban_Ocon,Esteban,Ocon,1996-09-17,French,force_india,https://en.wikipedia.org/wiki/Racing_Point_Force_India,Force India,Indian,,,14.0,63.0,0 days 00:01:22.876000,kph,190.303,2018,12
11,14,14,0.0,19,69,+1 Lap,perez,11,PER,http://en.wikipedia.org/wiki/Sergio_P%C3%A9rez,Sergio,Pérez,1990-01-26,Mexican,force_india,https://en.wikipedia.org/wiki/Racing_Point_Force_India,Force India,Indian,,,16.0,56.0,0 days 00:01:23.263000,kph,189.419,2018,12
9,15,15,0.0,14,68,+2 Laps,ericsson,9,ERI,http://en.wikipedia.org/wiki/Marcus_Ericsson,Marcus,Ericsson,1990-09-02,Swedish,sauber,https://en.wikipedia.org/wiki/Sauber_Motorsport,Sauber,Swiss,,,17.0,53.0,0 days 00:01:23.671000,kph,188.495,2018,12
35,16,16,0.0,20,68,+2 Laps,sirotkin,35,SIR,http://en.wikipedia.org/wiki/Sergey_Sirotkin_(racing_driver),Sergey,Sirotkin,1995-08-27,Russian,williams,https://en.wikipedia.org/wiki/Williams_Racing,Williams,British,,,18.0,53.0,0 days 00:01:23.708000,kph,188.412,2018,12
18,17,17,0.0,15,68,+2 Laps,stroll,18,STR,http://en.wikipedia.org/wiki/Lance_Stroll,Lance,Stroll,1998-10-29,Canadian,williams,https://en.wikipedia.org/wiki/Williams_Racing,Williams,British,,,12.0,51.0,0 days 00:01:22.660000,kph,190.8,2018,12
2,18,R,0.0,16,49,Gearbox,vandoorne,2,VAN,http://en.wikipedia.org/wiki/Stoffel_Vandoorne,Stoffel,Vandoorne,1992-03-26,Belgian,mclaren,https://en.wikipedia.org/wiki/McLaren,McLaren,British,,,15.0,46.0,0 days 00:01:23.077000,kph,189.843,2018,12
33,19,R,0.0,7,5,Power loss,max_verstappen,3,VER,http://en.wikipedia.org/wiki/Max_Verstappen,Max,Verstappen,1997-09-30,Dutch,red_bull,https://en.wikipedia.org/wiki/Red_Bull_Racing,Red Bull,Austrian,,,19.0,5.0,0 days 00:01:23.985000,kph,187.79,2018,12
16,20,R,0.0,17,0,Suspension,leclerc,16,LEC,http://en.wikipedia.org/wiki/Charles_Leclerc,Charles,Leclerc,1997-10-16,Monegasque,sauber,https://en.wikipedia.org/wiki/Sauber_Motorsport,Sauber,Swiss,,,,,,,,2018,12
5,1,1,25.0,2,44,Finished,vettel,5,VET,http://en.wikipedia.org/wiki/Sebastian_Vettel,Sebastian,Vettel,1987-07-03,German,ferrari,https://en.wikipedia.org/wiki/Scuderia_Ferrari,Ferrari,Italian,5014476.0,0 days 01:23:34.476000,2.0,25.0,0 days 00:01:46.644000,kph,236.435,2018,13
44,2,2,18.0,1,44,Finished,hamilton,44,HAM,http://en.wikipedia.org/wiki/Lewis_Hamilton,Lewis,Hamilton,1985-01-07,British,mercedes,https://en.wikipedia.org/wiki/Mercedes-Benz_in_Formula_One,Mercedes,German,5025537.0,0 days 00:00:11.061000,3.0,23.0,0 days 00:01:46.721000,kph,236.264,2018,13
33,3,3,15.0,7,44,Finished,max_verstappen,3,VER,http://en.wikipedia.org/wiki/Max_Verstappen,Max,Verstappen,1997-09-30,Dutch,red_bull,https://en.wikipedia.org/wiki/Red_Bull_Racing,Red Bull,Austrian,5045848.0,0 days 00:00:31.372000,4.0,36.0,0 days 00:01:46.946000,kph,235.767,2018,13
77,4,4,12.0,19,44,Finished,bottas,77,BOT,http://en.wikipedia.org/wiki/Valtteri_Bottas,Valtteri,Bottas,1989-08-28,Finnish,mercedes,https://en.wikipedia.org/wiki/Mercedes-Benz_in_Formula_One,Mercedes,German,5078081.0,0 days 00:01:03.605000,1.0,32.0,0 days 00:01:46.286000,kph,237.231,2018,13
11,5,5,10.0,4,44,Finished,perez,11,PER,http://en.wikipedia.org/wiki/Sergio_P%C3%A9rez,Sergio,Pérez,1990-01-26,Mexican,force_india,https://en.wikipedia.org/wiki/Racing_Point_Force_India,Force India,Indian,5085499.0,0 days 00:01:11.023000,7.0,38.0,0 days 00:01:48.080000,kph,233.293,2018,13
31,6,6,8.0,3,44,Finished,ocon,31,OCO,http://en.wikipedia.org/wiki/Esteban_Ocon,Esteban,Ocon,1996-09-17,French,force_india,https://en.wikipedia.org/wiki/Racing_Point_Force_India,Force India,Indian,5093996.0,0 days 00:01:19.520000,6.0,35.0,0 days 00:01:48.078000,kph,233.298,2018,13
8,7,7,6.0,5,44,Finished,grosjean,8,GRO,http://en.wikipedia.org/wiki/Romain_Grosjean,Romain,Grosjean,1986-04-17,French,haas,https://en.wikipedia.org/wiki/Haas_F1_Team,Haas F1 Team,American,5100429.0,0 days 00:01:25.953000,8.0,35.0,0 days 00:01:48.283000,kph,232.856,2018,13
20,8,8,4.0,9,44,Finished,kevin_magnussen,20,MAG,http://en.wikipedia.org/wiki/Kevin_Magnussen,Kevin,Magnussen,1992-10-05,Danish,haas,https://en.wikipedia.org/wiki/Haas_F1_Team,Haas F1 Team,American,5102115.0,0 days 00:01:27.639000,5.0,36.0,0 days 00:01:47.937000,kph,233.602,2018,13
10,9,9,2.0,10,44,Finished,gasly,10,GAS,http://en.wikipedia.org/wiki/Pierre_Gasly,Pierre,Gasly,1996-02-07,French,toro_rosso,https://en.wikipedia.org/wiki/Scuderia_Toro_Rosso,Toro Rosso,Italian,5120368.0,0 days 00:01:45.892000,9.0,36.0,0 days 00:01:48.588000,kph,232.202,2018,13
9,10,10,1.0,13,43,+1 Lap,ericsson,9,ERI,http://en.wikipedia.org/wiki/Marcus_Ericsson,Marcus,Ericsson,1990-09-02,Swedish,sauber,https://en.wikipedia.org/wiki/Sauber_Motorsport,Sauber,Swiss,,,11.0,35.0,0 days 00:01:48.694000,kph,231.976,2018,13
55,11,11,0.0,14,43,+1 Lap,sainz,55,SAI,http://en.wikipedia.org/wiki/Carlos_Sainz_Jr.,Carlos,Sainz,1994-09-01,Spanish,renault,https://en.wikipedia.org/wiki/Renault_in_Formula_One,Renault,French,,,10.0,32.0,0 days 00:01:48.670000,kph,232.027,2018,13
35,12,12,0.0,16,43,+1 Lap,sirotkin,35,SIR,http://en.wikipedia.org/wiki/Sergey_Sirotkin_(racing_driver),Sergey,Sirotkin,1995-08-27,Russian,williams,https://en.wikipedia.org/wiki/Williams_Racing,Williams,British,,,14.0,42.0,0 days 00:01:49.113000,kph,231.085,2018,13
18,13,13,0.0,17,43,+1 Lap,stroll,18,STR,http://en.wikipedia.org/wiki/Lance_Stroll,Lance,Stroll,1998-10-29,Canadian,williams,https://en.wikipedia.org/wiki/Williams_Racing,Williams,British,,,16.0,39.0,0 days 00:01:49.287000,kph,230.717,2018,13
28,14,14,0.0,11,43,+1 Lap,brendon_hartley,28,HAR,http://en.wikipedia.org/wiki/Brendon_Hartley,Brendon,Hartley,1989-11-10,New Zealander,toro_rosso,https://en.wikipedia.org/wiki/Scuderia_Toro_Rosso,Toro Rosso,Italian,,,12.0,33.0,0 days 00:01:48.756000,kph,231.843,2018,13
2,15,15,0.0,18,43,+1 Lap,vandoorne,2,VAN,http://en.wikipedia.org/wiki/Stoffel_Vandoorne,Stoffel,Vandoorne,1992-03-26,Belgian,mclaren,https://en.wikipedia.org/wiki/McLaren,McLaren,British,,,13.0,38.0,0 days 00:01:48.956000,kph,231.418,2018,13
3,16,R,0.0,8,28,Retired,ricciardo,3,RIC,http://en.wikipedia.org/wiki/Daniel_Ricciardo,Daniel,Ricciardo,1989-07-01,Australian,red_bull,https://en.wikipedia.org/wiki/Red_Bull_Racing,Red Bull,Austrian,,,15.0,27.0,0 days 00:01:49.242000,kph,230.812,2018,13
7,17,R,0.0,6,8,Brakes,raikkonen,7,RAI,http://en.wikipedia.org/wiki/Kimi_R%C3%A4ikk%C3%B6nen,Kimi,Räikkönen,1979-10-17,Finnish,ferrari,https://en.wikipedia.org/wiki/Scuderia_Ferrari,Ferrari,Italian,,,17.0,6.0,0 days 00:01:54.320000,kph,220.559,2018,13
16,18,R,0.0,12,0,Accident,leclerc,16,LEC,http://en.wikipedia.org/wiki/Charles_Leclerc,Charles,Leclerc,1997-10-16,Monegasque,sauber,https://en.wikipedia.org/wiki/Sauber_Motorsport,Sauber,Swiss,,,,,,,,2018,13
14,19,R,0.0,15,0,Accident,alonso,14,ALO,http://en.wikipedia.org/wiki/Fernando_Alonso,Fernando,Alonso,1981-07-29,Spanish,mclaren,https://en.wikipedia.org/wiki/McLaren,McLaren,British,,,,,,,,2018,13
27,20,R,0.0,20,0,Accident,hulkenberg,27,HUL,http://en.wikipedia.org/wiki/Nico_H%C3%BClkenberg,Nico,Hülkenberg,1987-08-19,German,renault,https://en.wikipedia.org/wiki/Renault_in_Formula_One,Renault,French,,,,,,,,2018,13
44,1,1,25.0,3,53,Finished,hamilton,44,HAM,http://en.wikipedia.org/wiki/Lewis_Hamilton,Lewis,Hamilton,1985-01-07,British,mercedes,https://en.wikipedia.org/wiki/Mercedes-Benz_in_Formula_One,Mercedes,German,4614484.0,0 days 01:16:54.484000,1.0,30.0,0 days 00:01:22.497000,kph,252.794,2018,14
7,2,2,18.0,1,53,Finished,raikkonen,7,RAI,http://en.wikipedia.org/wiki/Kimi_R%C3%A4ikk%C3%B6nen,Kimi,Räikkönen,1979-10-17,Finnish,ferrari,https://en.wikipedia.org/wiki/Scuderia_Ferrari,Ferrari,Italian,4623189.0,0 days 00:00:08.705000,4.0,28.0,0 days 00:01:23.515000,kph,249.713,2018,14
77,3,3,15.0,4,53,Finished,bottas,77,BOT,http://en.wikipedia.org/wiki/Valtteri_Bottas,Valtteri,Bottas,1989-08-28,Finnish,mercedes,https://en.wikipedia.org/wiki/Mercedes-Benz_in_Formula_One,Mercedes,German,4628550.0,0 days 00:00:14.066000,3.0,39.0,0 days 00:01:22.907000,kph,251.544,2018,14
5,4,4,12.0,2,53,Finished,vettel,5,VET,http://en.wikipedia.org/wiki/Sebastian_Vettel,Sebastian,Vettel,1987-07-03,German,ferrari,https://en.wikipedia.org/wiki/Scuderia_Ferrari,Ferrari,Italian,4630635.0,0 days 00:00:16.151000,2.0,51.0,0 days 00:01:22.505000,kph,252.77,2018,14
33,5,5,10.0,5,53,Finished,max_verstappen,3,VER,http://en.wikipedia.org/wiki/Max_Verstappen,Max,Verstappen,1997-09-30,Dutch,red_bull,https://en.wikipedia.org/wiki/Red_Bull_Racing,Red Bull,Austrian,4632692.0,0 days 00:00:18.208000,6.0,41.0,0 days 00:01:23.609000,kph,249.432,2018,14
31,6,6,8.0,8,53,Finished,ocon,31,OCO,http://en.wikipedia.org/wiki/Esteban_Ocon,Esteban,Ocon,1996-09-17,French,force_india,https://en.wikipedia.org/wiki/Racing_Point_Force_India,Force India,Indian,4672245.0,0 days 00:00:57.761000,12.0,48.0,0 days 00:01:24.243000,kph,247.555,2018,14
11,7,7,6.0,14,53,Finished,perez,11,PER,http://en.wikipedia.org/wiki/Sergio_P%C3%A9rez,Sergio,Pérez,1990-01-26,Mexican,force_india,https://en.wikipedia.org/wiki/Racing_Point_Force_India,Force India,Indian,4673162.0,0 days 00:00:58.678000,11.0,44.0,0 days 00:01:24.179000,kph,247.743,2018,14
55,8,8,4.0,7,53,Finished,sainz,55,SAI,http://en.wikipedia.org/wiki/Carlos_Sainz_Jr.,Carlos,Sainz,1994-09-01,Spanish,renault,https://en.wikipedia.org/wiki/Renault_in_Formula_One,Renault,French,4692624.0,0 days 00:01:18.140000,5.0,43.0,0 days 00:01:23.529000,kph,249.671,2018,14
18,9,9,2.0,10,52,+1 Lap,stroll,18,STR,http://en.wikipedia.org/wiki/Lance_Stroll,Lance,Stroll,1998-10-29,Canadian,williams,https://en.wikipedia.org/wiki/Williams_Racing,Williams,British,,,9.0,52.0,0 days 00:01:24.056000,kph,248.106,2018,14
35,10,10,1.0,12,52,+1 Lap,sirotkin,35,SIR,http://en.wikipedia.org/wiki/Sergey_Sirotkin_(racing_driver),Sergey,Sirotkin,1995-08-27,Russian,williams,https://en.wikipedia.org/wiki/Williams_Racing,Williams,British,,,14.0,39.0,0 days 00:01:24.580000,kph,246.568,2018,14
16,11,11,0.0,15,52,+1 Lap,leclerc,16,LEC,http://en.wikipedia.org/wiki/Charles_Leclerc,Charles,Leclerc,1997-10-16,Monegasque,sauber,https://en.wikipedia.org/wiki/Sauber_Motorsport,Sauber,Swiss,,,8.0,52.0,0 days 00:01:23.768000,kph,248.959,2018,14
2,12,12,0.0,17,52,+1 Lap,vandoorne,2,VAN,http://en.wikipedia.org/wiki/Stoffel_Vandoorne,Stoffel,Vandoorne,1992-03-26,Belgian,mclaren,https://en.wikipedia.org/wiki/McLaren,McLaren,British,,,13.0,52.0,0 days 00:01:24.504000,kph,246.79,2018,14
27,13,13,0.0,20,52,+1 Lap,hulkenberg,27,HUL,http://en.wikipedia.org/wiki/Nico_H%C3%BClkenberg,Nico,Hülkenberg,1987-08-19,German,renault,https://en.wikipedia.org/wiki/Renault_in_Formula_One,Renault,French,,,16.0,47.0,0 days 00:01:24.772000,kph,246.01,2018,14
10,14,14,0.0,9,52,+1 Lap,gasly,10,GAS,http://en.wikipedia.org/wiki/Pierre_Gasly,Pierre,Gasly,1996-02-07,French,toro_rosso,https://en.wikipedia.org/wiki/Scuderia_Toro_Rosso,Toro Rosso,Italian,,,10.0,47.0,0 days 00:01:24.059000,kph,248.097,2018,14
9,15,15,0.0,18,52,+1 Lap,ericsson,9,ERI,http://en.wikipedia.org/wiki/Marcus_Ericsson,Marcus,Ericsson,1990-09-02,Swedish,sauber,https://en.wikipedia.org/wiki/Sauber_Motorsport,Sauber,Swiss,,,15.0,46.0,0 days 00:01:24.767000,kph,246.024,2018,14
20,16,16,0.0,11,52,+1 Lap,kevin_magnussen,20,MAG,http://en.wikipedia.org/wiki/Kevin_Magnussen,Kevin,Magnussen,1992-10-05,Danish,haas,https://en.wikipedia.org/wiki/Haas_F1_Team,Haas F1 Team,American,,,7.0,44.0,0 days 00:01:23.768000,kph,248.959,2018,14
3,17,R,0.0,19,23,Engine,ricciardo,3,RIC,http://en.wikipedia.org/wiki/Daniel_Ricciardo,Daniel,Ricciardo,1989-07-01,Australian,red_bull,https://en.wikipedia.org/wiki/Red_Bull_Racing,Red Bull,Austrian,,,18.0,46.0,0 days 00:01:25.692000,kph,243.369,2018,14
14,18,R,0.0,13,9,Engine,alonso,14,ALO,http://en.wikipedia.org/wiki/Fernando_Alonso,Fernando,Alonso,1981-07-29,Spanish,mclaren,https://en.wikipedia.org/wiki/McLaren,McLaren,British,,,17.0,18.0,0 days 00:01:25.229000,kph,244.691,2018,14
28,19,R,0.0,16,0,Brakes,brendon_hartley,28,HAR,http://en.wikipedia.org/wiki/Brendon_Hartley,Brendon,Hartley,1989-11-10,New Zealander,toro_rosso,https://en.wikipedia.org/wiki/Scuderia_Toro_Rosso,Toro Rosso,Italian,,,19.0,6.0,0 days 00:01:27.009000,kph,239.685,2018,14
8,20,D,0.0,6,53,Disqualified,grosjean,8,GRO,http://en.wikipedia.org/wiki/Romain_Grosjean,Romain,Grosjean,1986-04-17,French,haas,https://en.wikipedia.org/wiki/Haas_F1_Team,Haas F1 Team,American,,,,,,,,2018,14
44,1,1,25.0,1,61,Finished,hamilton,44,HAM,http://en.wikipedia.org/wiki/Lewis_Hamilton,Lewis,Hamilton,1985-01-07,British,mercedes,https://en.wikipedia.org/wiki/Mercedes-Benz_in_Formula_One,Mercedes,German,6671611.0,0 days 01:51:11.611000,2.0,56.0,0 days 00:01:42.913000,kph,177.108,2018,15
33,2,2,18.0,2,61,Finished,max_verstappen,3,VER,http://en.wikipedia.org/wiki/Max_Verstappen,Max,Verstappen,1997-09-30,Dutch,red_bull,https://en.wikipedia.org/wiki/Red_Bull_Racing,Red Bull,Austrian,6680572.0,0 days 00:00:08.961000,5.0,54.0,0 days 00:01:43.345000,kph,176.368,2018,15
5,3,3,15.0,3,61,Finished,vettel,5,VET,http://en.wikipedia.org/wiki/Sebastian_Vettel,Sebastian,Vettel,1987-07-03,German,ferrari,https://en.wikipedia.org/wiki/Scuderia_Ferrari,Ferrari,Italian,6711595.0,0 days 00:00:39.984000,6.0,48.0,0 days 00:01:44.669000,kph,174.137,2018,15
77,4,4,12.0,4,61,Finished,bottas,77,BOT,http://en.wikipedia.org/wiki/Valtteri_Bottas,Valtteri,Bottas,1989-08-28,Finnish,mercedes,https://en.wikipedia.org/wiki/Mercedes-Benz_in_Formula_One,Mercedes,German,6723541.0,0 days 00:00:51.930000,8.0,42.0,0 days 00:01:44.720000,kph,174.052,2018,15
7,5,5,10.0,5,61,Finished,raikkonen,7,RAI,http://en.wikipedia.org/wiki/Kimi_R%C3%A4ikk%C3%B6nen,Kimi,Räikkönen,1979-10-17,Finnish,ferrari,https://en.wikipedia.org/wiki/Scuderia_Ferrari,Ferrari,Italian,6724612.0,0 days 00:00:53.001000,7.0,46.0,0 days 00:01:44.715000,kph,174.061,2018,15
3,6,6,8.0,6,61,Finished,ricciardo,3,RIC,http://en.wikipedia.org/wiki/Daniel_Ricciardo,Daniel,Ricciardo,1989-07-01,Australian,red_bull,https://en.wikipedia.org/wiki/Red_Bull_Racing,Red Bull,Austrian,6725593.0,0 days 00:00:53.982000,3.0,59.0,0 days 00:01:43.120000,kph,176.753,2018,15
14,7,7,6.0,11,61,Finished,alonso,14,ALO,http://en.wikipedia.org/wiki/Fernando_Alonso,Fernando,Alonso,1981-07-29,Spanish,mclaren,https://en.wikipedia.org/wiki/McLaren,McLaren,British,6774612.0,0 days 00:01:43.001000,4.0,57.0,0 days 00:01:43.164000,kph,176.677,2018,15
55,8,8,4.0,12,60,+1 Lap,sainz,55,SAI,http://en.wikipedia.org/wiki/Carlos_Sainz_Jr.,Carlos,Sainz,1994-09-01,Spanish,renault,https://en.wikipedia.org/wiki/Renault_in_Formula_One,Renault,French,,,12.0,50.0,0 days 00:01:45.211000,kph,173.24,2018,15
16,9,9,2.0,13,60,+1 Lap,leclerc,16,LEC,http://en.wikipedia.org/wiki/Charles_Leclerc,Charles,Leclerc,1997-10-16,Monegasque,sauber,https://en.wikipedia.org/wiki/Sauber_Motorsport,Sauber,Swiss,,,11.0,57.0,0 days 00:01:45.203000,kph,173.253,2018,15
27,10,10,1.0,10,60,+1 Lap,hulkenberg,27,HUL,http://en.wikipedia.org/wiki/Nico_H%C3%BClkenberg,Nico,Hülkenberg,1987-08-19,German,renault,https://en.wikipedia.org/wiki/Renault_in_Formula_One,Renault,French,,,19.0,53.0,0 days 00:01:46.093000,kph,171.8,2018,15
9,11,11,0.0,14,60,+1 Lap,ericsson,9,ERI,http://en.wikipedia.org/wiki/Marcus_Ericsson,Marcus,Ericsson,1990-09-02,Swedish,sauber,https://en.wikipedia.org/wiki/Sauber_Motorsport,Sauber,Swiss,,,10.0,50.0,0 days 00:01:45.169000,kph,173.309,2018,15
2,12,12,0.0,18,60,+1 Lap,vandoorne,2,VAN,http://en.wikipedia.org/wiki/Stoffel_Vandoorne,Stoffel,Vandoorne,1992-03-26,Belgian,mclaren,https://en.wikipedia.org/wiki/McLaren,McLaren,British,,,14.0,50.0,0 days 00:01:45.555000,kph,172.675,2018,15
10,13,13,0.0,15,60,+1 Lap,gasly,10,GAS,http://en.wikipedia.org/wiki/Pierre_Gasly,Pierre,Gasly,1996-02-07,French,toro_rosso,https://en.wikipedia.org/wiki/Scuderia_Toro_Rosso,Toro Rosso,Italian,,,18.0,56.0,0 days 00:01:46.063000,kph,171.848,2018,15
18,14,14,0.0,20,60,+1 Lap,stroll,18,STR,http://en.wikipedia.org/wiki/Lance_Stroll,Lance,Stroll,1998-10-29,Canadian,williams,https://en.wikipedia.org/wiki/Williams_Racing,Williams,British,,,17.0,53.0,0 days 00:01:46.033000,kph,171.897,2018,15
8,15,15,0.0,8,60,+1 Lap,grosjean,8,GRO,http://en.wikipedia.org/wiki/Romain_Grosjean,Romain,Grosjean,1986-04-17,French,haas,https://en.wikipedia.org/wiki/Haas_F1_Team,Haas F1 Team,American,,,16.0,57.0,0 days 00:01:45.904000,kph,172.106,2018,15
11,16,16,0.0,7,60,+1 Lap,perez,11,PER,http://en.wikipedia.org/wiki/Sergio_P%C3%A9rez,Sergio,Pérez,1990-01-26,Mexican,force_india,https://en.wikipedia.org/wiki/Racing_Point_Force_India,Force India,Indian,,,13.0,48.0,0 days 00:01:45.389000,kph,172.947,2018,15
28,17,17,0.0,17,60,+1 Lap,brendon_hartley,28,HAR,http://en.wikipedia.org/wiki/Brendon_Hartley,Brendon,Hartley,1989-11-10,New Zealander,toro_rosso,https://en.wikipedia.org/wiki/Scuderia_Toro_Rosso,Toro Rosso,Italian,,,9.0,38.0,0 days 00:01:44.889000,kph,173.772,2018,15
20,18,18,0.0,16,59,+2 Laps,kevin_magnussen,20,MAG,http://en.wikipedia.org/wiki/Kevin_Magnussen,Kevin,Magnussen,1992-10-05,Danish,haas,https://en.wikipedia.org/wiki/Haas_F1_Team,Haas F1 Team,American,,,1.0,50.0,0 days 00:01:41.905000,kph,178.86,2018,15
35,19,19,0.0,19,59,+2 Laps,sirotkin,35,SIR,http://en.wikipedia.org/wiki/Sergey_Sirotkin_(racing_driver),Sergey,Sirotkin,1995-08-27,Russian,williams,https://en.wikipedia.org/wiki/Williams_Racing,Williams,British,,,15.0,48.0,0 days 00:01:45.902000,kph,172.11,2018,15
31,20,R,0.0,9,0,Collision,ocon,31,OCO,http://en.wikipedia.org/wiki/Esteban_Ocon,Esteban,Ocon,1996-09-17,French,force_india,https://en.wikipedia.org/wiki/Racing_Point_Force_India,Force India,Indian,,,,,,,,2018,15
44,1,1,25.0,2,53,Finished,hamilton,44,HAM,http://en.wikipedia.org/wiki/Lewis_Hamilton,Lewis,Hamilton,1985-01-07,British,mercedes,https://en.wikipedia.org/wiki/Mercedes-Benz_in_Formula_One,Mercedes,German,5245181.0,0 days 01:27:25.181000,2.0,50.0,0 days 00:01:35.916000,kph,219.492,2018,16
77,2,2,18.0,1,53,Finished,bottas,77,BOT,http://en.wikipedia.org/wiki/Valtteri_Bottas,Valtteri,Bottas,1989-08-28,Finnish,mercedes,https://en.wikipedia.org/wiki/Mercedes-Benz_in_Formula_One,Mercedes,German,5247726.0,0 days 00:00:02.545000,1.0,50.0,0 days 00:01:35.861000,kph,219.617,2018,16
5,3,3,15.0,3,53,Finished,vettel,5,VET,http://en.wikipedia.org/wiki/Sebastian_Vettel,Sebastian,Vettel,1987-07-03,German,ferrari,https://en.wikipedia.org/wiki/Scuderia_Ferrari,Ferrari,Italian,5252668.0,0 days 00:00:07.487000,3.0,50.0,0 days 00:01:35.990000,kph,219.322,2018,16
7,4,4,12.0,4,53,Finished,raikkonen,7,RAI,http://en.wikipedia.org/wiki/Kimi_R%C3%A4ikk%C3%B6nen,Kimi,Räikkönen,1979-10-17,Finnish,ferrari,https://en.wikipedia.org/wiki/Scuderia_Ferrari,Ferrari,Italian,5261724.0,0 days 00:00:16.543000,6.0,47.0,0 days 00:01:36.611000,kph,217.913,2018,16
33,5,5,10.0,19,53,Finished,max_verstappen,3,VER,http://en.wikipedia.org/wiki/Max_Verstappen,Max,Verstappen,1997-09-30,Dutch,red_bull,https://en.wikipedia.org/wiki/Red_Bull_Racing,Red Bull,Austrian,5276197.0,0 days 00:00:31.016000,4.0,45.0,0 days 00:01:36.283000,kph,218.655,2018,16
3,6,6,8.0,18,53,Finished,ricciardo,3,RIC,http://en.wikipedia.org/wiki/Daniel_Ricciardo,Daniel,Ricciardo,1989-07-01,Australian,red_bull,https://en.wikipedia.org/wiki/Red_Bull_Racing,Red Bull,Austrian,5325632.0,0 days 00:01:20.451000,5.0,41.0,0 days 00:01:36.345000,kph,218.514,2018,16
16,7,7,6.0,7,53,Finished,leclerc,16,LEC,http://en.wikipedia.org/wiki/Charles_Leclerc,Charles,Leclerc,1997-10-16,Monegasque,sauber,https://en.wikipedia.org/wiki/Sauber_Motorsport,Sauber,Swiss,5343571.0,0 days 00:01:38.390000,9.0,52.0,0 days 00:01:38.107000,kph,214.59,2018,16
20,8,8,4.0,5,52,+1 Lap,kevin_magnussen,20,MAG,http://en.wikipedia.org/wiki/Kevin_Magnussen,Kevin,Magnussen,1992-10-05,Danish,haas,https://en.wikipedia.org/wiki/Haas_F1_Team,Haas F1 Team,American,,,8.0,52.0,0 days 00:01:38.015000,kph,214.791,2018,16
31,9,9,2.0,6,52,+1 Lap,ocon,31,OCO,http://en.wikipedia.org/wiki/Esteban_Ocon,Esteban,Ocon,1996-09-17,French,force_india,https://en.wikipedia.org/wiki/Racing_Point_Force_India,Force India,Indian,,,12.0,52.0,0 days 00:01:38.366000,kph,214.025,2018,16
11,10,10,1.0,8,52,+1 Lap,perez,11,PER,http://en.wikipedia.org/wiki/Sergio_P%C3%A9rez,Sergio,Pérez,1990-01-26,Mexican,force_india,https://en.wikipedia.org/wiki/Racing_Point_Force_India,Force India,Indian,,,11.0,47.0,0 days 00:01:38.300000,kph,214.168,2018,16
8,11,11,0.0,9,52,+1 Lap,grosjean,8,GRO,http://en.wikipedia.org/wiki/Romain_Grosjean,Romain,Grosjean,1986-04-17,French,haas,https://en.wikipedia.org/wiki/Haas_F1_Team,Haas F1 Team,American,,,10.0,46.0,0 days 00:01:38.244000,kph,214.29,2018,16
27,12,12,0.0,12,52,+1 Lap,hulkenberg,27,HUL,http://en.wikipedia.org/wiki/Nico_H%C3%BClkenberg,Nico,Hülkenberg,1987-08-19,German,renault,https://en.wikipedia.org/wiki/Renault_in_Formula_One,Renault,French,,,13.0,52.0,0 days 00:01:39.108000,kph,212.422,2018,16
9,13,13,0.0,10,52,+1 Lap,ericsson,9,ERI,http://en.wikipedia.org/wiki/Marcus_Ericsson,Marcus,Ericsson,1990-09-02,Swedish,sauber,https://en.wikipedia.org/wiki/Sauber_Motorsport,Sauber,Swiss,,,7.0,39.0,0 days 00:01:37.931000,kph,214.975,2018,16
14,14,14,0.0,16,52,+1 Lap,alonso,14,ALO,http://en.wikipedia.org/wiki/Fernando_Alonso,Fernando,Alonso,1981-07-29,Spanish,mclaren,https://en.wikipedia.org/wiki/McLaren,McLaren,British,,,15.0,44.0,0 days 00:01:39.590000,kph,211.394,2018,16
18,15,15,0.0,14,52,+1 Lap,stroll,18,STR,http://en.wikipedia.org/wiki/Lance_Stroll,Lance,Stroll,1998-10-29,Canadian,williams,https://en.wikipedia.org/wiki/Williams_Racing,Williams,British,,,14.0,44.0,0 days 00:01:39.435000,kph,211.724,2018,16
2,16,16,0.0,15,51,+2 Laps,vandoorne,2,VAN,http://en.wikipedia.org/wiki/Stoffel_Vandoorne,Stoffel,Vandoorne,1992-03-26,Belgian,mclaren,https://en.wikipedia.org/wiki/McLaren,McLaren,British,,,18.0,41.0,0 days 00:01:39.922000,kph,210.692,2018,16
55,17,17,0.0,11,51,+2 Laps,sainz,55,SAI,http://en.wikipedia.org/wiki/Carlos_Sainz_Jr.,Carlos,Sainz,1994-09-01,Spanish,renault,https://en.wikipedia.org/wiki/Renault_in_Formula_One,Renault,French,,,16.0,35.0,0 days 00:01:39.731000,kph,211.095,2018,16
35,18,18,0.0,13,51,+2 Laps,sirotkin,35,SIR,http://en.wikipedia.org/wiki/Sergey_Sirotkin_(racing_driver),Sergey,Sirotkin,1995-08-27,Russian,williams,https://en.wikipedia.org/wiki/Williams_Racing,Williams,British,,,17.0,43.0,0 days 00:01:39.838000,kph,210.869,2018,16
10,19,R,0.0,17,4,Brakes,gasly,10,GAS,http://en.wikipedia.org/wiki/Pierre_Gasly,Pierre,Gasly,1996-02-07,French,toro_rosso,https://en.wikipedia.org/wiki/Scuderia_Toro_Rosso,Toro Rosso,Italian,,,19.0,3.0,0 days 00:01:44.071000,kph,202.292,2018,16
28,20,R,0.0,20,4,Brakes,brendon_hartley,28,HAR,http://en.wikipedia.org/wiki/Brendon_Hartley,Brendon,Hartley,1989-11-10,New Zealander,toro_rosso,https://en.wikipedia.org/wiki/Scuderia_Toro_Rosso,Toro Rosso,Italian,,,20.0,2.0,0 days 00:01:45.852000,kph,198.889,2018,16
44,1,1,25.0,1,53,Finished,hamilton,44,HAM,http://en.wikipedia.org/wiki/Lewis_Hamilton,Lewis,Hamilton,1985-01-07,British,mercedes,https://en.wikipedia.org/wiki/Mercedes-Benz_in_Formula_One,Mercedes,German,5237062.0,0 days 01:27:17.062000,2.0,51.0,0 days 00:01:32.785000,kph,225.307,2018,17
77,2,2,18.0,2,53,Finished,bottas,77,BOT,http://en.wikipedia.org/wiki/Valtteri_Bottas,Valtteri,Bottas,1989-08-28,Finnish,mercedes,https://en.wikipedia.org/wiki/Mercedes-Benz_in_Formula_One,Mercedes,German,5249981.0,0 days 00:00:12.919000,3.0,46.0,0 days 00:01:33.110000,kph,224.521,2018,17
33,3,3,15.0,3,53,Finished,max_verstappen,3,VER,http://en.wikipedia.org/wiki/Max_Verstappen,Max,Verstappen,1997-09-30,Dutch,red_bull,https://en.wikipedia.org/wiki/Red_Bull_Racing,Red Bull,Austrian,5251357.0,0 days 00:00:14.295000,6.0,50.0,0 days 00:01:33.367000,kph,223.903,2018,17
3,4,4,12.0,15,53,Finished,ricciardo,3,RIC,http://en.wikipedia.org/wiki/Daniel_Ricciardo,Daniel,Ricciardo,1989-07-01,Australian,red_bull,https://en.wikipedia.org/wiki/Red_Bull_Racing,Red Bull,Austrian,5256557.0,0 days 00:00:19.495000,4.0,50.0,0 days 00:01:33.187000,kph,224.336,2018,17
7,5,5,10.0,4,53,Finished,raikkonen,7,RAI,http://en.wikipedia.org/wiki/Kimi_R%C3%A4ikk%C3%B6nen,Kimi,Räikkönen,1979-10-17,Finnish,ferrari,https://en.wikipedia.org/wiki/Scuderia_Ferrari,Ferrari,Italian,5288060.0,0 days 00:00:50.998000,12.0,28.0,0 days 00:01:34.223000,kph,221.869,2018,17
5,6,6,8.0,8,53,Finished,vettel,5,VET,http://en.wikipedia.org/wiki/Sebastian_Vettel,Sebastian,Vettel,1987-07-03,German,ferrari,https://en.wikipedia.org/wiki/Scuderia_Ferrari,Ferrari,Italian,5306935.0,0 days 00:01:09.873000,1.0,53.0,0 days 00:01:32.318000,kph,226.447,2018,17
11,7,7,6.0,9,53,Finished,perez,11,PER,http://en.wikipedia.org/wiki/Sergio_P%C3%A9rez,Sergio,Pérez,1990-01-26,Mexican,force_india,https://en.wikipedia.org/wiki/Racing_Point_Force_India,Force India,Indian,5316441.0,0 days 00:01:19.379000,9.0,43.0,0 days 00:01:34.073000,kph,222.223,2018,17
8,8,8,4.0,5,53,Finished,grosjean,8,GRO,http://en.wikipedia.org/wiki/Romain_Grosjean,Romain,Grosjean,1986-04-17,French,haas,https://en.wikipedia.org/wiki/Haas_F1_Team,Haas F1 Team,American,5324260.0,0 days 00:01:27.198000,15.0,47.0,0 days 00:01:34.786000,kph,220.551,2018,17
31,9,9,2.0,11,53,Finished,ocon,31,OCO,http://en.wikipedia.org/wiki/Esteban_Ocon,Esteban,Ocon,1996-09-17,French,force_india,https://en.wikipedia.org/wiki/Racing_Point_Force_India,Force India,Indian,5325117.0,0 days 00:01:28.055000,14.0,50.0,0 days 00:01:34.670000,kph,220.821,2018,17
55,10,10,1.0,13,52,+1 Lap,sainz,55,SAI,http://en.wikipedia.org/wiki/Carlos_Sainz_Jr.,Carlos,Sainz,1994-09-01,Spanish,renault,https://en.wikipedia.org/wiki/Renault_in_Formula_One,Renault,French,,,11.0,50.0,0 days 00:01:34.197000,kph,221.93,2018,17
10,11,11,0.0,7,52,+1 Lap,gasly,10,GAS,http://en.wikipedia.org/wiki/Pierre_Gasly,Pierre,Gasly,1996-02-07,French,toro_rosso,https://en.wikipedia.org/wiki/Scuderia_Toro_Rosso,Toro Rosso,Italian,,,10.0,35.0,0 days 00:01:34.133000,kph,222.081,2018,17
9,12,12,0.0,20,52,+1 Lap,ericsson,9,ERI,http://en.wikipedia.org/wiki/Marcus_Ericsson,Marcus,Ericsson,1990-09-02,Swedish,sauber,https://en.wikipedia.org/wiki/Sauber_Motorsport,Sauber,Swiss,,,19.0,8.0,0 days 00:01:36.294000,kph,217.097,2018,17
28,13,13,0.0,6,52,+1 Lap,brendon_hartley,28,HAR,http://en.wikipedia.org/wiki/Brendon_Hartley,Brendon,Hartley,1989-11-10,New Zealander,toro_rosso,https://en.wikipedia.org/wiki/Scuderia_Toro_Rosso,Toro Rosso,Italian,,,16.0,30.0,0 days 00:01:34.857000,kph,220.386,2018,17
14,14,14,0.0,18,52,+1 Lap,alonso,14,ALO,http://en.wikipedia.org/wiki/Fernando_Alonso,Fernando,Alonso,1981-07-29,Spanish,mclaren,https://en.wikipedia.org/wiki/McLaren,McLaren,British,,,7.0,28.0,0 days 00:01:33.943000,kph,222.53,2018,17
2,15,15,0.0,19,52,+1 Lap,vandoorne,2,VAN,http://en.wikipedia.org/wiki/Stoffel_Vandoorne,Stoffel,Vandoorne,1992-03-26,Belgian,mclaren,https://en.wikipedia.org/wiki/McLaren,McLaren,British,,,18.0,25.0,0 days 00:01:35.023000,kph,220.001,2018,17
35,16,16,0.0,17,52,+1 Lap,sirotkin,35,SIR,http://en.wikipedia.org/wiki/Sergey_Sirotkin_(racing_driver),Sergey,Sirotkin,1995-08-27,Russian,williams,https://en.wikipedia.org/wiki/Williams_Racing,Williams,British,,,8.0,41.0,0 days 00:01:33.985000,kph,222.431,2018,17
18,17,17,0.0,14,52,+1 Lap,stroll,18,STR,http://en.wikipedia.org/wiki/Lance_Stroll,Lance,Stroll,1998-10-29,Canadian,williams,https://en.wikipedia.org/wiki/Williams_Racing,Williams,British,,,5.0,41.0,0 days 00:01:33.354000,kph,223.934,2018,17
16,18,R,0.0,10,38,Mechanical,leclerc,16,LEC,http://en.wikipedia.org/wiki/Charles_Leclerc,Charles,Leclerc,1997-10-16,Monegasque,sauber,https://en.wikipedia.org/wiki/Sauber_Motorsport,Sauber,Swiss,,,13.0,37.0,0 days 00:01:34.515000,kph,221.183,2018,17
27,19,R,0.0,16,37,Engine,hulkenberg,27,HUL,http://en.wikipedia.org/wiki/Nico_H%C3%BClkenberg,Nico,Hülkenberg,1987-08-19,German,renault,https://en.wikipedia.org/wiki/Renault_in_Formula_One,Renault,French,,,17.0,32.0,0 days 00:01:34.934000,kph,220.207,2018,17
20,20,R,0.0,12,8,Collision damage,kevin_magnussen,20,MAG,http://en.wikipedia.org/wiki/Kevin_Magnussen,Kevin,Magnussen,1992-10-05,Danish,haas,https://en.wikipedia.org/wiki/Haas_F1_Team,Haas F1 Team,American,,,20.0,6.0,0 days 00:01:39.908000,kph,209.244,2018,17
7,1,1,25.0,2,56,Finished,raikkonen,7,RAI,http://en.wikipedia.org/wiki/Kimi_R%C3%A4ikk%C3%B6nen,Kimi,Räikkönen,1979-10-17,Finnish,ferrari,https://en.wikipedia.org/wiki/Scuderia_Ferrari,Ferrari,Italian,5658643.0,0 days 01:34:18.643000,5.0,45.0,0 days 00:01:38.482000,kph,201.527,2018,18
33,2,2,18.0,18,56,Finished,max_verstappen,3,VER,http://en.wikipedia.org/wiki/Max_Verstappen,Max,Verstappen,1997-09-30,Dutch,red_bull,https://en.wikipedia.org/wiki/Red_Bull_Racing,Red Bull,Austrian,5659924.0,0 days 00:00:01.281000,2.0,45.0,0 days 00:01:38.246000,kph,202.011,2018,18
44,3,3,15.0,1,56,Finished,hamilton,44,HAM,http://en.wikipedia.org/wiki/Lewis_Hamilton,Lewis,Hamilton,1985-01-07,British,mercedes,https://en.wikipedia.org/wiki/Mercedes-Benz_in_Formula_One,Mercedes,German,5660985.0,0 days 00:00:02.342000,1.0,40.0,0 days 00:01:37.392000,kph,203.782,2018,18
5,4,4,12.0,5,56,Finished,vettel,5,VET,http://en.wikipedia.org/wiki/Sebastian_Vettel,Sebastian,Vettel,1987-07-03,German,ferrari,https://en.wikipedia.org/wiki/Scuderia_Ferrari,Ferrari,Italian,5676865.0,0 days 00:00:18.222000,3.0,41.0,0 days 00:01:38.280000,kph,201.941,2018,18
77,5,5,10.0,3,56,Finished,bottas,77,BOT,http://en.wikipedia.org/wiki/Valtteri_Bottas,Valtteri,Bottas,1989-08-28,Finnish,mercedes,https://en.wikipedia.org/wiki/Mercedes-Benz_in_Formula_One,Mercedes,German,5683387.0,0 days 00:00:24.744000,4.0,46.0,0 days 00:01:38.470000,kph,201.551,2018,18
27,6,6,8.0,7,56,Finished,hulkenberg,27,HUL,http://en.wikipedia.org/wiki/Nico_H%C3%BClkenberg,Nico,Hülkenberg,1987-08-19,German,renault,https://en.wikipedia.org/wiki/Renault_in_Formula_One,Renault,French,5745853.0,0 days 00:01:27.210000,8.0,51.0,0 days 00:01:39.548000,kph,199.369,2018,18
55,7,7,6.0,11,56,Finished,sainz,55,SAI,http://en.wikipedia.org/wiki/Carlos_Sainz_Jr.,Carlos,Sainz,1994-09-01,Spanish,renault,https://en.wikipedia.org/wiki/Renault_in_Formula_One,Renault,French,5753637.0,0 days 00:01:34.994000,11.0,45.0,0 days 00:01:39.858000,kph,198.75,2018,18
11,8,8,4.0,10,56,Finished,perez,11,PER,http://en.wikipedia.org/wiki/Sergio_P%C3%A9rez,Sergio,Pérez,1990-01-26,Mexican,force_india,https://en.wikipedia.org/wiki/Racing_Point_Force_India,Force India,Indian,5759723.0,0 days 00:01:41.080000,13.0,45.0,0 days 00:01:39.992000,kph,198.483,2018,18
28,9,9,2.0,20,55,+1 Lap,brendon_hartley,28,HAR,http://en.wikipedia.org/wiki/Brendon_Hartley,Brendon,Hartley,1989-11-10,New Zealander,toro_rosso,https://en.wikipedia.org/wiki/Scuderia_Toro_Rosso,Toro Rosso,Italian,,,6.0,32.0,0 days 00:01:38.963000,kph,200.547,2018,18
9,10,10,1.0,16,55,+1 Lap,ericsson,9,ERI,http://en.wikipedia.org/wiki/Marcus_Ericsson,Marcus,Ericsson,1990-09-02,Swedish,sauber,https://en.wikipedia.org/wiki/Sauber_Motorsport,Sauber,Swiss,,,9.0,36.0,0 days 00:01:39.569000,kph,199.327,2018,18
2,11,11,0.0,17,55,+1 Lap,vandoorne,2,VAN,http://en.wikipedia.org/wiki/Stoffel_Vandoorne,Stoffel,Vandoorne,1992-03-26,Belgian,mclaren,https://en.wikipedia.org/wiki/McLaren,McLaren,British,,,12.0,52.0,0 days 00:01:39.915000,kph,198.636,2018,18
10,12,12,0.0,19,55,+1 Lap,gasly,10,GAS,http://en.wikipedia.org/wiki/Pierre_Gasly,Pierre,Gasly,1996-02-07,French,toro_rosso,https://en.wikipedia.org/wiki/Scuderia_Toro_Rosso,Toro Rosso,Italian,,,14.0,33.0,0 days 00:01:40.098000,kph,198.273,2018,18
35,13,13,0.0,14,55,+1 Lap,sirotkin,35,SIR,http://en.wikipedia.org/wiki/Sergey_Sirotkin_(racing_driver),Sergey,Sirotkin,1995-08-27,Russian,williams,https://en.wikipedia.org/wiki/Williams_Racing,Williams,British,,,7.0,42.0,0 days 00:01:39.240000,kph,199.987,2018,18
18,14,14,0.0,15,54,+2 Laps,stroll,18,STR,http://en.wikipedia.org/wiki/Lance_Stroll,Lance,Stroll,1998-10-29,Canadian,williams,https://en.wikipedia.org/wiki/Williams_Racing,Williams,British,,,10.0,38.0,0 days 00:01:39.646000,kph,199.173,2018,18
16,15,R,0.0,9,31,Collision damage,leclerc,16,LEC,http://en.wikipedia.org/wiki/Charles_Leclerc,Charles,Leclerc,1997-10-16,Monegasque,sauber,https://en.wikipedia.org/wiki/Sauber_Motorsport,Sauber,Swiss,,,16.0,12.0,0 days 00:01:40.522000,kph,197.437,2018,18
3,16,R,0.0,4,8,Battery,ricciardo,3,RIC,http://en.wikipedia.org/wiki/Daniel_Ricciardo,Daniel,Ricciardo,1989-07-01,Australian,red_bull,https://en.wikipedia.org/wiki/Red_Bull_Racing,Red Bull,Austrian,,,15.0,49.0,0 days 00:01:40.433000,kph,197.612,2018,18
8,17,R,0.0,8,2,Collision damage,grosjean,8,GRO,http://en.wikipedia.org/wiki/Romain_Grosjean,Romain,Grosjean,1986-04-17,French,haas,https://en.wikipedia.org/wiki/Haas_F1_Team,Haas F1 Team,American,,,18.0,12.0,0 days 00:01:41.982000,kph,194.61,2018,18
14,18,R,0.0,13,1,Collision,alonso,14,ALO,http://en.wikipedia.org/wiki/Fernando_Alonso,Fernando,Alonso,1981-07-29,Spanish,mclaren,https://en.wikipedia.org/wiki/McLaren,McLaren,British,,,17.0,5.0,0 days 00:01:40.933000,kph,196.633,2018,18
31,19,D,0.0,6,56,Disqualified,ocon,31,OCO,http://en.wikipedia.org/wiki/Esteban_Ocon,Esteban,Ocon,1996-09-17,French,force_india,https://en.wikipedia.org/wiki/Racing_Point_Force_India,Force India,Indian,,,,,,,,2018,18
20,20,D,0.0,12,56,Disqualified,kevin_magnussen,20,MAG,http://en.wikipedia.org/wiki/Kevin_Magnussen,Kevin,Magnussen,1992-10-05,Danish,haas,https://en.wikipedia.org/wiki/Haas_F1_Team,Haas F1 Team,American,,,,,,,,2018,18
33,1,1,25.0,2,71,Finished,max_verstappen,3,VER,http://en.wikipedia.org/wiki/Max_Verstappen,Max,Verstappen,1997-09-30,Dutch,red_bull,https://en.wikipedia.org/wiki/Red_Bull_Racing,Red Bull,Austrian,5908851.0,0 days 01:38:28.851000,2.0,66.0,0 days 00:01:19.186000,kph,195.67,2018,19
5,2,2,18.0,4,71,Finished,vettel,5,VET,http://en.wikipedia.org/wiki/Sebastian_Vettel,Sebastian,Vettel,1987-07-03,German,ferrari,https://en.wikipedia.org/wiki/Scuderia_Ferrari,Ferrari,Italian,5926167.0,0 days 00:00:17.316000,4.0,49.0,0 days 00:01:19.522000,kph,194.844,2018,19
7,3,3,15.0,6,71,Finished,raikkonen,7,RAI,http://en.wikipedia.org/wiki/Kimi_R%C3%A4ikk%C3%B6nen,Kimi,Räikkönen,1979-10-17,Finnish,ferrari,https://en.wikipedia.org/wiki/Scuderia_Ferrari,Ferrari,Italian,5958765.0,0 days 00:00:49.914000,5.0,19.0,0 days 00:01:20.334000,kph,192.874,2018,19
44,4,4,12.0,3,71,Finished,hamilton,44,HAM,http://en.wikipedia.org/wiki/Lewis_Hamilton,Lewis,Hamilton,1985-01-07,British,mercedes,https://en.wikipedia.org/wiki/Mercedes-Benz_in_Formula_One,Mercedes,German,5987589.0,0 days 00:01:18.738000,8.0,49.0,0 days 00:01:20.728000,kph,191.933,2018,19
77,5,5,10.0,5,70,+1 Lap,bottas,77,BOT,http://en.wikipedia.org/wiki/Valtteri_Bottas,Valtteri,Bottas,1989-08-28,Finnish,mercedes,https://en.wikipedia.org/wiki/Mercedes-Benz_in_Formula_One,Mercedes,German,,,1.0,65.0,0 days 00:01:18.741000,kph,196.776,2018,19
27,6,6,8.0,7,69,+2 Laps,hulkenberg,27,HUL,http://en.wikipedia.org/wiki/Nico_H%C3%BClkenberg,Nico,Hülkenberg,1987-08-19,German,renault,https://en.wikipedia.org/wiki/Renault_in_Formula_One,Renault,French,,,7.0,67.0,0 days 00:01:20.637000,kph,192.15,2018,19
16,7,7,6.0,9,69,+2 Laps,leclerc,16,LEC,http://en.wikipedia.org/wiki/Charles_Leclerc,Charles,Leclerc,1997-10-16,Monegasque,sauber,https://en.wikipedia.org/wiki/Sauber_Motorsport,Sauber,Swiss,,,6.0,67.0,0 days 00:01:20.537000,kph,192.388,2018,19
2,8,8,4.0,15,69,+2 Laps,vandoorne,2,VAN,http://en.wikipedia.org/wiki/Stoffel_Vandoorne,Stoffel,Vandoorne,1992-03-26,Belgian,mclaren,https://en.wikipedia.org/wiki/McLaren,McLaren,British,,,11.0,14.0,0 days 00:01:21.921000,kph,189.138,2018,19
9,9,9,2.0,10,69,+2 Laps,ericsson,9,ERI,http://en.wikipedia.org/wiki/Marcus_Ericsson,Marcus,Ericsson,1990-09-02,Swedish,sauber,https://en.wikipedia.org/wiki/Sauber_Motorsport,Sauber,Swiss,,,14.0,18.0,0 days 00:01:22.440000,kph,187.947,2018,19
10,10,10,1.0,20,69,+2 Laps,gasly,10,GAS,http://en.wikipedia.org/wiki/Pierre_Gasly,Pierre,Gasly,1996-02-07,French,toro_rosso,https://en.wikipedia.org/wiki/Scuderia_Toro_Rosso,Toro Rosso,Italian,,,17.0,69.0,0 days 00:01:22.755000,kph,187.232,2018,19
31,11,11,0.0,11,69,+2 Laps,ocon,31,OCO,http://en.wikipedia.org/wiki/Esteban_Ocon,Esteban,Ocon,1996-09-17,French,force_india,https://en.wikipedia.org/wiki/Racing_Point_Force_India,Force India,Indian,,,15.0,6.0,0 days 00:01:22.629000,kph,187.517,2018,19
18,12,12,0.0,17,69,+2 Laps,stroll,18,STR,http://en.wikipedia.org/wiki/Lance_Stroll,Lance,Stroll,1998-10-29,Canadian,williams,https://en.wikipedia.org/wiki/Williams_Racing,Williams,British,,,18.0,27.0,0 days 00:01:22.983000,kph,186.717,2018,19
35,13,13,0.0,19,69,+2 Laps,sirotkin,35,SIR,http://en.wikipedia.org/wiki/Sergey_Sirotkin_(racing_driver),Sergey,Sirotkin,1995-08-27,Russian,williams,https://en.wikipedia.org/wiki/Williams_Racing,Williams,British,,,16.0,66.0,0 days 00:01:22.640000,kph,187.492,2018,19
28,14,14,0.0,14,69,+2 Laps,brendon_hartley,28,HAR,http://en.wikipedia.org/wiki/Brendon_Hartley,Brendon,Hartley,1989-11-10,New Zealander,toro_rosso,https://en.wikipedia.org/wiki/Scuderia_Toro_Rosso,Toro Rosso,Italian,,,13.0,26.0,0 days 00:01:22.438000,kph,187.952,2018,19
20,15,15,0.0,16,69,+2 Laps,kevin_magnussen,20,MAG,http://en.wikipedia.org/wiki/Kevin_Magnussen,Kevin,Magnussen,1992-10-05,Danish,haas,https://en.wikipedia.org/wiki/Haas_F1_Team,Haas F1 Team,American,,,10.0,45.0,0 days 00:01:21.874000,kph,189.246,2018,19
8,16,16,0.0,18,68,+3 Laps,grosjean,8,GRO,http://en.wikipedia.org/wiki/Romain_Grosjean,Romain,Grosjean,1986-04-17,French,haas,https://en.wikipedia.org/wiki/Haas_F1_Team,Haas F1 Team,American,,,9.0,46.0,0 days 00:01:21.370000,kph,190.419,2018,19
3,17,R,0.0,1,61,Engine,ricciardo,3,RIC,http://en.wikipedia.org/wiki/Daniel_Ricciardo,Daniel,Ricciardo,1989-07-01,Australian,red_bull,https://en.wikipedia.org/wiki/Red_Bull_Racing,Red Bull,Austrian,,,3.0,57.0,0 days 00:01:19.462000,kph,194.991,2018,19
11,18,R,0.0,13,38,Brakes,perez,11,PER,http://en.wikipedia.org/wiki/Sergio_P%C3%A9rez,Sergio,Pérez,1990-01-26,Mexican,force_india,https://en.wikipedia.org/wiki/Racing_Point_Force_India,Force India,Indian,,,19.0,6.0,0 days 00:01:23.545000,kph,185.461,2018,19
55,19,R,0.0,8,28,Suspension,sainz,55,SAI,http://en.wikipedia.org/wiki/Carlos_Sainz_Jr.,Carlos,Sainz,1994-09-01,Spanish,renault,https://en.wikipedia.org/wiki/Renault_in_Formula_One,Renault,French,,,12.0,6.0,0 days 00:01:22.386000,kph,188.07,2018,19
14,20,R,0.0,12,3,Engine,alonso,14,ALO,http://en.wikipedia.org/wiki/Fernando_Alonso,Fernando,Alonso,1981-07-29,Spanish,mclaren,https://en.wikipedia.org/wiki/McLaren,McLaren,British,,,20.0,3.0,0 days 00:01:24.197000,kph,184.025,2018,19
44,1,1,25.0,1,71,Finished,hamilton,44,HAM,http://en.wikipedia.org/wiki/Lewis_Hamilton,Lewis,Hamilton,1985-01-07,British,mercedes,https://en.wikipedia.org/wiki/Mercedes-Benz_in_Formula_One,Mercedes,German,5229066.0,0 days 01:27:09.066000,7.0,70.0,0 days 00:01:11.795000,kph,216.065,2018,20
33,2,2,18.0,5,71,Finished,max_verstappen,3,VER,http://en.wikipedia.org/wiki/Max_Verstappen,Max,Verstappen,1997-09-30,Dutch,red_bull,https://en.wikipedia.org/wiki/Red_Bull_Racing,Red Bull,Austrian,5230535.0,0 days 00:00:01.469000,4.0,61.0,0 days 00:01:11.578000,kph,216.72,2018,20
7,3,3,15.0,4,71,Finished,raikkonen,7,RAI,http://en.wikipedia.org/wiki/Kimi_R%C3%A4ikk%C3%B6nen,Kimi,Räikkönen,1979-10-17,Finnish,ferrari,https://en.wikipedia.org/wiki/Scuderia_Ferrari,Ferrari,Italian,5233830.0,0 days 00:00:04.764000,6.0,64.0,0 days 00:01:11.769000,kph,216.143,2018,20
3,4,4,12.0,11,71,Finished,ricciardo,3,RIC,http://en.wikipedia.org/wiki/Daniel_Ricciardo,Daniel,Ricciardo,1989-07-01,Australian,red_bull,https://en.wikipedia.org/wiki/Red_Bull_Racing,Red Bull,Austrian,5234259.0,0 days 00:00:05.193000,3.0,62.0,0 days 00:01:11.343000,kph,217.434,2018,20
77,5,5,10.0,3,71,Finished,bottas,77,BOT,http://en.wikipedia.org/wiki/Valtteri_Bottas,Valtteri,Bottas,1989-08-28,Finnish,mercedes,https://en.wikipedia.org/wiki/Mercedes-Benz_in_Formula_One,Mercedes,German,5252009.0,0 days 00:00:22.943000,1.0,65.0,0 days 00:01:10.540000,kph,219.909,2018,20
5,6,6,8.0,2,71,Finished,vettel,5,VET,http://en.wikipedia.org/wiki/Sebastian_Vettel,Sebastian,Vettel,1987-07-03,German,ferrari,https://en.wikipedia.org/wiki/Scuderia_Ferrari,Ferrari,Italian,5256063.0,0 days 00:00:26.997000,2.0,71.0,0 days 00:01:10.831000,kph,219.005,2018,20
16,7,7,6.0,7,71,Finished,leclerc,16,LEC,http://en.wikipedia.org/wiki/Charles_Leclerc,Charles,Leclerc,1997-10-16,Monegasque,sauber,https://en.wikipedia.org/wiki/Sauber_Motorsport,Sauber,Swiss,5273265.0,0 days 00:00:44.199000,8.0,70.0,0 days 00:01:12.082000,kph,215.204,2018,20
8,8,8,4.0,8,71,Finished,grosjean,8,GRO,http://en.wikipedia.org/wiki/Romain_Grosjean,Romain,Grosjean,1986-04-17,French,haas,https://en.wikipedia.org/wiki/Haas_F1_Team,Haas F1 Team,American,5280296.0,0 days 00:00:51.230000,12.0,71.0,0 days 00:01:12.362000,kph,214.372,2018,20
20,9,9,2.0,10,71,Finished,kevin_magnussen,20,MAG,http://en.wikipedia.org/wiki/Kevin_Magnussen,Kevin,Magnussen,1992-10-05,Danish,haas,https://en.wikipedia.org/wiki/Haas_F1_Team,Haas F1 Team,American,5281923.0,0 days 00:00:52.857000,10.0,67.0,0 days 00:01:12.206000,kph,214.835,2018,20
11,10,10,1.0,12,70,+1 Lap,perez,11,PER,http://en.wikipedia.org/wiki/Sergio_P%C3%A9rez,Sergio,Pérez,1990-01-26,Mexican,force_india,https://en.wikipedia.org/wiki/Racing_Point_Force_India,Force India,Indian,,,13.0,58.0,0 days 00:01:12.472000,kph,214.046,2018,20
28,11,11,0.0,16,70,+1 Lap,brendon_hartley,28,HAR,http://en.wikipedia.org/wiki/Brendon_Hartley,Brendon,Hartley,1989-11-10,New Zealander,toro_rosso,https://en.wikipedia.org/wiki/Scuderia_Toro_Rosso,Toro Rosso,Italian,,,15.0,53.0,0 days 00:01:12.949000,kph,212.647,2018,20
55,12,12,0.0,15,70,+1 Lap,sainz,55,SAI,http://en.wikipedia.org/wiki/Carlos_Sainz_Jr.,Carlos,Sainz,1994-09-01,Spanish,renault,https://en.wikipedia.org/wiki/Renault_in_Formula_One,Renault,French,,,9.0,50.0,0 days 00:01:12.169000,kph,214.945,2018,20
10,13,13,0.0,9,70,+1 Lap,gasly,10,GAS,http://en.wikipedia.org/wiki/Pierre_Gasly,Pierre,Gasly,1996-02-07,French,toro_rosso,https://en.wikipedia.org/wiki/Scuderia_Toro_Rosso,Toro Rosso,Italian,,,17.0,55.0,0 days 00:01:13.822000,kph,210.132,2018,20
2,14,14,0.0,20,70,+1 Lap,vandoorne,2,VAN,http://en.wikipedia.org/wiki/Stoffel_Vandoorne,Stoffel,Vandoorne,1992-03-26,Belgian,mclaren,https://en.wikipedia.org/wiki/McLaren,McLaren,British,,,16.0,68.0,0 days 00:01:12.968000,kph,212.591,2018,20
31,15,15,0.0,18,70,+1 Lap,ocon,31,OCO,http://en.wikipedia.org/wiki/Esteban_Ocon,Esteban,Ocon,1996-09-17,French,force_india,https://en.wikipedia.org/wiki/Racing_Point_Force_India,Force India,Indian,,,11.0,70.0,0 days 00:01:12.352000,kph,214.401,2018,20
35,16,16,0.0,14,69,+2 Laps,sirotkin,35,SIR,http://en.wikipedia.org/wiki/Sergey_Sirotkin_(racing_driver),Sergey,Sirotkin,1995-08-27,Russian,williams,https://en.wikipedia.org/wiki/Williams_Racing,Williams,British,,,19.0,52.0,0 days 00:01:14.262000,kph,208.887,2018,20
14,17,17,0.0,17,69,+2 Laps,alonso,14,ALO,http://en.wikipedia.org/wiki/Fernando_Alonso,Fernando,Alonso,1981-07-29,Spanish,mclaren,https://en.wikipedia.org/wiki/McLaren,McLaren,British,,,14.0,57.0,0 days 00:01:12.643000,kph,213.542,2018,20
18,18,18,0.0,19,69,+2 Laps,stroll,18,STR,http://en.wikipedia.org/wiki/Lance_Stroll,Lance,Stroll,1998-10-29,Canadian,williams,https://en.wikipedia.org/wiki/Williams_Racing,Williams,British,,,5.0,68.0,0 days 00:01:11.751000,kph,216.197,2018,20
27,19,R,0.0,13,32,Overheating,hulkenberg,27,HUL,http://en.wikipedia.org/wiki/Nico_H%C3%BClkenberg,Nico,Hülkenberg,1987-08-19,German,renault,https://en.wikipedia.org/wiki/Renault_in_Formula_One,Renault,French,,,18.0,30.0,0 days 00:01:14.029000,kph,209.544,2018,20
9,20,R,0.0,6,20,Collision,ericsson,9,ERI,http://en.wikipedia.org/wiki/Marcus_Ericsson,Marcus,Ericsson,1990-09-02,Swedish,sauber,https://en.wikipedia.org/wiki/Sauber_Motorsport,Sauber,Swiss,,,20.0,3.0,0 days 00:01:15.281000,kph,206.059,2018,20
44,1,1,25.0,1,55,Finished,hamilton,44,HAM,http://en.wikipedia.org/wiki/Lewis_Hamilton,Lewis,Hamilton,1985-01-07,British,mercedes,https://en.wikipedia.org/wiki/Mercedes-Benz_in_Formula_One,Mercedes,German,5980382.0,0 days 01:39:40.382000,5.0,53.0,0 days 00:01:41.357000,kph,197.267,2018,21
5,2,2,18.0,3,55,Finished,vettel,5,VET,http://en.wikipedia.org/wiki/Sebastian_Vettel,Sebastian,Vettel,1987-07-03,German,ferrari,https://en.wikipedia.org/wiki/Scuderia_Ferrari,Ferrari,Italian,5982963.0,0 days 00:00:02.581000,1.0,54.0,0 days 00:01:40.867000,kph,198.225,2018,21
33,3,3,15.0,6,55,Finished,max_verstappen,3,VER,http://en.wikipedia.org/wiki/Max_Verstappen,Max,Verstappen,1997-09-30,Dutch,red_bull,https://en.wikipedia.org/wiki/Red_Bull_Racing,Red Bull,Austrian,5993088.0,0 days 00:00:12.706000,6.0,51.0,0 days 00:01:41.909000,kph,196.198,2018,21
3,4,4,12.0,5,55,Finished,ricciardo,3,RIC,http://en.wikipedia.org/wiki/Daniel_Ricciardo,Daniel,Ricciardo,1989-07-01,Australian,red_bull,https://en.wikipedia.org/wiki/Red_Bull_Racing,Red Bull,Austrian,5995761.0,0 days 00:00:15.379000,3.0,35.0,0 days 00:01:41.249000,kph,197.477,2018,21
77,5,5,10.0,2,55,Finished,bottas,77,BOT,http://en.wikipedia.org/wiki/Valtteri_Bottas,Valtteri,Bottas,1989-08-28,Finnish,mercedes,https://en.wikipedia.org/wiki/Mercedes-Benz_in_Formula_One,Mercedes,German,6028339.0,0 days 00:00:47.957000,2.0,42.0,0 days 00:01:40.953000,kph,198.056,2018,21
55,6,6,8.0,11,55,Finished,sainz,55,SAI,http://en.wikipedia.org/wiki/Carlos_Sainz_Jr.,Carlos,Sainz,1994-09-01,Spanish,renault,https://en.wikipedia.org/wiki/Renault_in_Formula_One,Renault,French,6052930.0,0 days 00:01:12.548000,4.0,54.0,0 days 00:01:41.351000,kph,197.278,2018,21
16,7,7,6.0,8,55,Finished,leclerc,16,LEC,http://en.wikipedia.org/wiki/Charles_Leclerc,Charles,Leclerc,1997-10-16,Monegasque,sauber,https://en.wikipedia.org/wiki/Sauber_Motorsport,Sauber,Swiss,6071171.0,0 days 00:01:30.789000,10.0,54.0,0 days 00:01:42.876000,kph,194.354,2018,21
11,8,8,4.0,14,55,Finished,perez,11,PER,http://en.wikipedia.org/wiki/Sergio_P%C3%A9rez,Sergio,Pérez,1990-01-26,Mexican,force_india,https://en.wikipedia.org/wiki/Racing_Point_Force_India,Force India,Indian,6071657.0,0 days 00:01:31.275000,8.0,53.0,0 days 00:01:42.816000,kph,194.467,2018,21
8,9,9,2.0,7,54,+1 Lap,grosjean,8,GRO,http://en.wikipedia.org/wiki/Romain_Grosjean,Romain,Grosjean,1986-04-17,French,haas,https://en.wikipedia.org/wiki/Haas_F1_Team,Haas F1 Team,American,,,11.0,54.0,0 days 00:01:43.195000,kph,193.753,2018,21
20,10,10,1.0,13,54,+1 Lap,kevin_magnussen,20,MAG,http://en.wikipedia.org/wiki/Kevin_Magnussen,Kevin,Magnussen,1992-10-05,Danish,haas,https://en.wikipedia.org/wiki/Haas_F1_Team,Haas F1 Team,American,,,9.0,53.0,0 days 00:01:42.822000,kph,194.456,2018,21
14,11,11,0.0,15,54,+1 Lap,alonso,14,ALO,http://en.wikipedia.org/wiki/Fernando_Alonso,Fernando,Alonso,1981-07-29,Spanish,mclaren,https://en.wikipedia.org/wiki/McLaren,McLaren,British,,,7.0,53.0,0 days 00:01:42.393000,kph,195.271,2018,21
28,12,12,0.0,16,54,+1 Lap,brendon_hartley,28,HAR,http://en.wikipedia.org/wiki/Brendon_Hartley,Brendon,Hartley,1989-11-10,New Zealander,toro_rosso,https://en.wikipedia.org/wiki/Scuderia_Toro_Rosso,Toro Rosso,Italian,,,17.0,53.0,0 days 00:01:44.174000,kph,191.932,2018,21
18,13,13,0.0,20,54,+1 Lap,stroll,18,STR,http://en.wikipedia.org/wiki/Lance_Stroll,Lance,Stroll,1998-10-29,Canadian,williams,https://en.wikipedia.org/wiki/Williams_Racing,Williams,British,,,16.0,53.0,0 days 00:01:44.033000,kph,192.192,2018,21
2,14,14,0.0,18,54,+1 Lap,vandoorne,2,VAN,http://en.wikipedia.org/wiki/Stoffel_Vandoorne,Stoffel,Vandoorne,1992-03-26,Belgian,mclaren,https://en.wikipedia.org/wiki/McLaren,McLaren,British,,,12.0,53.0,0 days 00:01:43.249000,kph,193.652,2018,21
35,15,15,0.0,19,54,+1 Lap,sirotkin,35,SIR,http://en.wikipedia.org/wiki/Sergey_Sirotkin_(racing_driver),Sergey,Sirotkin,1995-08-27,Russian,williams,https://en.wikipedia.org/wiki/Williams_Racing,Williams,British,,,14.0,54.0,0 days 00:01:43.831000,kph,192.566,2018,21
10,16,R,0.0,17,46,Engine,gasly,10,GAS,http://en.wikipedia.org/wiki/Pierre_Gasly,Pierre,Gasly,1996-02-07,French,toro_rosso,https://en.wikipedia.org/wiki/Scuderia_Toro_Rosso,Toro Rosso,Italian,,,15.0,42.0,0 days 00:01:43.988000,kph,192.276,2018,21
31,17,R,0.0,9,44,Engine,ocon,31,OCO,http://en.wikipedia.org/wiki/Esteban_Ocon,Esteban,Ocon,1996-09-17,French,force_india,https://en.wikipedia.org/wiki/Racing_Point_Force_India,Force India,Indian,,,13.0,41.0,0 days 00:01:43.591000,kph,193.012,2018,21
9,18,R,0.0,12,24,Power loss,ericsson,9,ERI,http://en.wikipedia.org/wiki/Marcus_Ericsson,Marcus,Ericsson,1990-09-02,Swedish,sauber,https://en.wikipedia.org/wiki/Sauber_Motorsport,Sauber,Swiss,,,19.0,22.0,0 days 00:01:46.077000,kph,188.489,2018,21
7,19,R,0.0,4,6,Power loss,raikkonen,7,RAI,http://en.wikipedia.org/wiki/Kimi_R%C3%A4ikk%C3%B6nen,Kimi,Räikkönen,1979-10-17,Finnish,ferrari,https://en.wikipedia.org/wiki/Scuderia_Ferrari,Ferrari,Italian,,,18.0,5.0,0 days 00:01:45.198000,kph,190.064,2018,21
27,20,R,0.0,10,0,Collision,hulkenberg,27,HUL,http://en.wikipedia.org/wiki/Nico_H%C3%BClkenberg,Nico,Hülkenberg,1987-08-19,German,renault,https://en.wikipedia.org/wiki/Renault_in_Formula_One,Renault,French,,,,,,,,2018,21
77,1,1,26.0,2,58,Finished,bottas,77,BOT,http://en.wikipedia.org/wiki/Valtteri_Bottas,Valtteri,Bottas,1989-08-28,Finnish,mercedes,https://en.wikipedia.org/wiki/Mercedes-Benz_in_Formula_One,Mercedes,German,5127325.0,0 days 01:25:27.325000,1.0,57.0,0 days 00:01:25.580000,kph,223.075,2019,1
44,2,2,18.0,1,58,Finished,hamilton,44,HAM,http://en.wikipedia.org/wiki/Lewis_Hamilton,Lewis,Hamilton,1985-01-07,British,mercedes,https://en.wikipedia.org/wiki/Mercedes-Benz_in_Formula_One,Mercedes,German,5148211.0,0 days 00:00:20.886000,2.0,57.0,0 days 00:01:26.057000,kph,221.839,2019,1
33,3,3,15.0,4,58,Finished,max_verstappen,3,VER,http://en.wikipedia.org/wiki/Max_Verstappen,Max,Verstappen,1997-09-30,Dutch,red_bull,https://en.wikipedia.org/wiki/Red_Bull_Racing,Red Bull,Austrian,5149845.0,0 days 00:00:22.520000,3.0,57.0,0 days 00:01:26.256000,kph,221.327,2019,1
5,4,4,12.0,3,58,Finished,vettel,5,VET,http://en.wikipedia.org/wiki/Sebastian_Vettel,Sebastian,Vettel,1987-07-03,German,ferrari,https://en.wikipedia.org/wiki/Scuderia_Ferrari,Ferrari,Italian,5184434.0,0 days 00:00:57.109000,8.0,16.0,0 days 00:01:27.954000,kph,217.054,2019,1
16,5,5,10.0,5,58,Finished,leclerc,16,LEC,http://en.wikipedia.org/wiki/Charles_Leclerc,Charles,Leclerc,1997-10-16,Monegasque,ferrari,https://en.wikipedia.org/wiki/Scuderia_Ferrari,Ferrari,Italian,5185528.0,0 days 00:00:58.203000,4.0,58.0,0 days 00:01:26.926000,kph,219.621,2019,1
20,6,6,8.0,7,58,Finished,kevin_magnussen,20,MAG,http://en.wikipedia.org/wiki/Kevin_Magnussen,Kevin,Magnussen,1992-10-05,Danish,haas,https://en.wikipedia.org/wiki/Haas_F1_Team,Haas F1 Team,American,5214481.0,0 days 00:01:27.156000,9.0,56.0,0 days 00:01:28.182000,kph,216.493,2019,1
27,7,7,6.0,11,57,+1 Lap,hulkenberg,27,HUL,http://en.wikipedia.org/wiki/Nico_H%C3%BClkenberg,Nico,Hülkenberg,1987-08-19,German,renault,https://en.wikipedia.org/wiki/Renault_in_Formula_One,Renault,French,,,12.0,52.0,0 days 00:01:28.444000,kph,215.851,2019,1
7,8,8,4.0,9,57,+1 Lap,raikkonen,7,RAI,http://en.wikipedia.org/wiki/Kimi_R%C3%A4ikk%C3%B6nen,Kimi,Räikkönen,1979-10-17,Finnish,alfa,https://en.wikipedia.org/wiki/Alfa_Romeo_in_Formula_One,Alfa Romeo,Swiss,,,11.0,52.0,0 days 00:01:28.270000,kph,216.277,2019,1
18,9,9,2.0,16,57,+1 Lap,stroll,18,STR,http://en.wikipedia.org/wiki/Lance_Stroll,Lance,Stroll,1998-10-29,Canadian,racing_point,https://en.wikipedia.org/wiki/Racing_Point_F1_Team,Racing Point,British,,,7.0,29.0,0 days 00:01:27.568000,kph,218.011,2019,1
26,10,10,1.0,15,57,+1 Lap,kvyat,26,KVY,http://en.wikipedia.org/wiki/Daniil_Kvyat,Daniil,Kvyat,1994-04-26,Russian,toro_rosso,https://en.wikipedia.org/wiki/Scuderia_Toro_Rosso,Toro Rosso,Italian,,,6.0,39.0,0 days 00:01:27.448000,kph,218.31,2019,1
10,11,11,0.0,17,57,+1 Lap,gasly,10,GAS,http://en.wikipedia.org/wiki/Pierre_Gasly,Pierre,Gasly,1996-02-07,French,red_bull,https://en.wikipedia.org/wiki/Red_Bull_Racing,Red Bull,Austrian,,,5.0,39.0,0 days 00:01:27.229000,kph,218.858,2019,1
4,12,12,0.0,8,57,+1 Lap,norris,1,NOR,http://en.wikipedia.org/wiki/Lando_Norris,Lando,Norris,1999-11-13,British,mclaren,https://en.wikipedia.org/wiki/McLaren,McLaren,British,,,16.0,17.0,0 days 00:01:28.555000,kph,215.581,2019,1
11,13,13,0.0,10,57,+1 Lap,perez,11,PER,http://en.wikipedia.org/wiki/Sergio_P%C3%A9rez,Sergio,Pérez,1990-01-26,Mexican,racing_point,https://en.wikipedia.org/wiki/Racing_Point_F1_Team,Racing Point,British,,,15.0,41.0,0 days 00:01:28.485000,kph,215.751,2019,1
23,14,14,0.0,13,57,+1 Lap,albon,23,ALB,http://en.wikipedia.org/wiki/Alexander_Albon,Alexander,Albon,1996-03-23,Thai,toro_rosso,https://en.wikipedia.org/wiki/Scuderia_Toro_Rosso,Toro Rosso,Italian,,,10.0,43.0,0 days 00:01:28.188000,kph,216.478,2019,1
99,15,15,0.0,14,57,+1 Lap,giovinazzi,99,GIO,http://en.wikipedia.org/wiki/Antonio_Giovinazzi,Antonio,Giovinazzi,1993-12-14,Italian,alfa,https://en.wikipedia.org/wiki/Alfa_Romeo_in_Formula_One,Alfa Romeo,Swiss,,,14.0,29.0,0 days 00:01:28.479000,kph,215.766,2019,1
63,16,16,0.0,19,56,+2 Laps,russell,63,RUS,http://en.wikipedia.org/wiki/George_Russell_(racing_driver),George,Russell,1998-02-15,British,williams,https://en.wikipedia.org/wiki/Williams_Racing,Williams,British,,,17.0,55.0,0 days 00:01:28.713000,kph,215.197,2019,1
88,17,17,0.0,20,55,+3 Laps,kubica,88,KUB,http://en.wikipedia.org/wiki/Robert_Kubica,Robert,Kubica,1984-12-07,Polish,williams,https://en.wikipedia.org/wiki/Williams_Racing,Williams,British,,,18.0,30.0,0 days 00:01:29.284000,kph,213.821,2019,1
8,18,R,0.0,6,29,Wheel,grosjean,8,GRO,http://en.wikipedia.org/wiki/Romain_Grosjean,Romain,Grosjean,1986-04-17,French,haas,https://en.wikipedia.org/wiki/Haas_F1_Team,Haas F1 Team,American,,,13.0,17.0,0 days 00:01:28.462000,kph,215.807,2019,1
3,19,R,0.0,12,28,Damage,ricciardo,3,RIC,http://en.wikipedia.org/wiki/Daniel_Ricciardo,Daniel,Ricciardo,1989-07-01,Australian,renault,https://en.wikipedia.org/wiki/Renault_in_Formula_One,Renault,French,,,19.0,18.0,0 days 00:01:29.848000,kph,212.478,2019,1
55,20,R,0.0,18,9,Engine,sainz,55,SAI,http://en.wikipedia.org/wiki/Carlos_Sainz_Jr.,Carlos,Sainz,1994-09-01,Spanish,mclaren,https://en.wikipedia.org/wiki/McLaren,McLaren,British,,,20.0,9.0,0 days 00:01:30.899000,kph,210.022,2019,1
44,1,1,25.0,3,57,Finished,hamilton,44,HAM,http://en.wikipedia.org/wiki/Lewis_Hamilton,Lewis,Hamilton,1985-01-07,British,mercedes,https://en.wikipedia.org/wiki/Mercedes-Benz_in_Formula_One,Mercedes,German,5661295.0,0 days 01:34:21.295000,2.0,36.0,0 days 00:01:33.528000,kph,208.314,2019,2
77,2,2,18.0,4,57,Finished,bottas,77,BOT,http://en.wikipedia.org/wiki/Valtteri_Bottas,Valtteri,Bottas,1989-08-28,Finnish,mercedes,https://en.wikipedia.org/wiki/Mercedes-Benz_in_Formula_One,Mercedes,German,5664275.0,0 days 00:00:02.980000,3.0,42.0,0 days 00:01:34.209000,kph,206.808,2019,2
16,3,3,16.0,1,57,Finished,leclerc,16,LEC,http://en.wikipedia.org/wiki/Charles_Leclerc,Charles,Leclerc,1997-10-16,Monegasque,ferrari,https://en.wikipedia.org/wiki/Scuderia_Ferrari,Ferrari,Italian,5667426.0,0 days 00:00:06.131000,1.0,38.0,0 days 00:01:33.411000,kph,208.575,2019,2
33,4,4,12.0,5,57,Finished,max_verstappen,3,VER,http://en.wikipedia.org/wiki/Max_Verstappen,Max,Verstappen,1997-09-30,Dutch,red_bull,https://en.wikipedia.org/wiki/Red_Bull_Racing,Red Bull,Austrian,5667703.0,0 days 00:00:06.408000,9.0,47.0,0 days 00:01:35.311000,kph,204.417,2019,2
5,5,5,10.0,2,57,Finished,vettel,5,VET,http://en.wikipedia.org/wiki/Sebastian_Vettel,Sebastian,Vettel,1987-07-03,German,ferrari,https://en.wikipedia.org/wiki/Scuderia_Ferrari,Ferrari,Italian,5697363.0,0 days 00:00:36.068000,4.0,43.0,0 days 00:01:34.895000,kph,205.313,2019,2
4,6,6,8.0,9,57,Finished,norris,1,NOR,http://en.wikipedia.org/wiki/Lando_Norris,Lando,Norris,1999-11-13,British,mclaren,https://en.wikipedia.org/wiki/McLaren,McLaren,British,5707049.0,0 days 00:00:45.754000,12.0,14.0,0 days 00:01:35.777000,kph,203.422,2019,2
7,7,7,6.0,8,57,Finished,raikkonen,7,RAI,http://en.wikipedia.org/wiki/Kimi_R%C3%A4ikk%C3%B6nen,Kimi,Räikkönen,1979-10-17,Finnish,alfa,https://en.wikipedia.org/wiki/Alfa_Romeo_in_Formula_One,Alfa Romeo,Swiss,5708765.0,0 days 00:00:47.470000,11.0,45.0,0 days 00:01:35.589000,kph,203.822,2019,2
10,8,8,4.0,13,57,Finished,gasly,10,GAS,http://en.wikipedia.org/wiki/Pierre_Gasly,Pierre,Gasly,1996-02-07,French,red_bull,https://en.wikipedia.org/wiki/Red_Bull_Racing,Red Bull,Austrian,5719389.0,0 days 00:00:58.094000,8.0,42.0,0 days 00:01:35.291000,kph,204.46,2019,2
23,9,9,2.0,12,57,Finished,albon,23,ALB,http://en.wikipedia.org/wiki/Alexander_Albon,Alexander,Albon,1996-03-23,Thai,toro_rosso,https://en.wikipedia.org/wiki/Scuderia_Toro_Rosso,Toro Rosso,Italian,5723992.0,0 days 00:01:02.697000,16.0,39.0,0 days 00:01:36.752000,kph,201.372,2019,2
11,10,10,1.0,14,57,Finished,perez,11,PER,http://en.wikipedia.org/wiki/Sergio_P%C3%A9rez,Sergio,Pérez,1990-01-26,Mexican,racing_point,https://en.wikipedia.org/wiki/Racing_Point_F1_Team,Racing Point,British,5724991.0,0 days 00:01:03.696000,14.0,51.0,0 days 00:01:36.330000,kph,202.254,2019,2
99,11,11,0.0,16,57,Finished,giovinazzi,99,GIO,http://en.wikipedia.org/wiki/Antonio_Giovinazzi,Antonio,Giovinazzi,1993-12-14,Italian,alfa,https://en.wikipedia.org/wiki/Alfa_Romeo_in_Formula_One,Alfa Romeo,Swiss,5725894.0,0 days 00:01:04.599000,7.0,42.0,0 days 00:01:35.237000,kph,204.575,2019,2
26,12,12,0.0,15,56,+1 Lap,kvyat,26,KVY,http://en.wikipedia.org/wiki/Daniil_Kvyat,Daniil,Kvyat,1994-04-26,Russian,toro_rosso,https://en.wikipedia.org/wiki/Scuderia_Toro_Rosso,Toro Rosso,Italian,,,5.0,40.0,0 days 00:01:34.934000,kph,205.228,2019,2
20,13,13,0.0,6,56,+1 Lap,kevin_magnussen,20,MAG,http://en.wikipedia.org/wiki/Kevin_Magnussen,Kevin,Magnussen,1992-10-05,Danish,haas,https://en.wikipedia.org/wiki/Haas_F1_Team,Haas F1 Team,American,,,13.0,41.0,0 days 00:01:35.892000,kph,203.178,2019,2
18,14,14,0.0,18,56,+1 Lap,stroll,18,STR,http://en.wikipedia.org/wiki/Lance_Stroll,Lance,Stroll,1998-10-29,Canadian,racing_point,https://en.wikipedia.org/wiki/Racing_Point_F1_Team,Racing Point,British,,,17.0,31.0,0 days 00:01:37.037000,kph,200.781,2019,2
63,15,15,0.0,19,56,+1 Lap,russell,63,RUS,http://en.wikipedia.org/wiki/George_Russell_(racing_driver),George,Russell,1998-02-15,British,williams,https://en.wikipedia.org/wiki/Williams_Racing,Williams,British,,,19.0,14.0,0 days 00:01:37.313000,kph,200.211,2019,2
88,16,16,0.0,20,55,+2 Laps,kubica,88,KUB,http://en.wikipedia.org/wiki/Robert_Kubica,Robert,Kubica,1984-12-07,Polish,williams,https://en.wikipedia.org/wiki/Williams_Racing,Williams,British,,,20.0,13.0,0 days 00:01:37.903000,kph,199.005,2019,2
27,17,R,0.0,17,53,Engine,hulkenberg,27,HUL,http://en.wikipedia.org/wiki/Nico_H%C3%BClkenberg,Nico,Hülkenberg,1987-08-19,German,renault,https://en.wikipedia.org/wiki/Renault_in_Formula_One,Renault,French,,,6.0,14.0,0 days 00:01:35.215000,kph,204.623,2019,2
3,18,R,0.0,10,53,Out of fuel,ricciardo,3,RIC,http://en.wikipedia.org/wiki/Daniel_Ricciardo,Daniel,Ricciardo,1989-07-01,Australian,renault,https://en.wikipedia.org/wiki/Renault_in_Formula_One,Renault,French,,,15.0,42.0,0 days 00:01:36.697000,kph,201.487,2019,2
55,19,R,0.0,7,53,Collision damage,sainz,55,SAI,http://en.wikipedia.org/wiki/Carlos_Sainz_Jr.,Carlos,Sainz,1994-09-01,Spanish,mclaren,https://en.wikipedia.org/wiki/McLaren,McLaren,British,,,10.0,42.0,0 days 00:01:35.586000,kph,203.829,2019,2
8,20,R,0.0,11,16,Retired,grosjean,8,GRO,http://en.wikipedia.org/wiki/Romain_Grosjean,Romain,Grosjean,1986-04-17,French,haas,https://en.wikipedia.org/wiki/Haas_F1_Team,Haas F1 Team,American,,,18.0,3.0,0 days 00:01:37.262000,kph,200.316,2019,2
44,1,1,25.0,2,56,Finished,hamilton,44,HAM,http://en.wikipedia.org/wiki/Lewis_Hamilton,Lewis,Hamilton,1985-01-07,British,mercedes,https://en.wikipedia.org/wiki/Mercedes-Benz_in_Formula_One,Mercedes,German,5526350.0,0 days 01:32:06.350000,5.0,47.0,0 days 00:01:35.892000,kph,204.642,2019,3
77,2,2,18.0,1,56,Finished,bottas,77,BOT,http://en.wikipedia.org/wiki/Valtteri_Bottas,Valtteri,Bottas,1989-08-28,Finnish,mercedes,https://en.wikipedia.org/wiki/Mercedes-Benz_in_Formula_One,Mercedes,German,5532902.0,0 days 00:00:06.552000,4.0,38.0,0 days 00:01:34.872000,kph,206.842,2019,3
5,3,3,15.0,3,56,Finished,vettel,5,VET,http://en.wikipedia.org/wiki/Sebastian_Vettel,Sebastian,Vettel,1987-07-03,German,ferrari,https://en.wikipedia.org/wiki/Scuderia_Ferrari,Ferrari,Italian,5540124.0,0 days 00:00:13.774000,2.0,37.0,0 days 00:01:34.836000,kph,206.921,2019,3
33,4,4,12.0,5,56,Finished,max_verstappen,3,VER,http://en.wikipedia.org/wiki/Max_Verstappen,Max,Verstappen,1997-09-30,Dutch,red_bull,https://en.wikipedia.org/wiki/Red_Bull_Racing,Red Bull,Austrian,5553977.0,0 days 00:00:27.627000,6.0,45.0,0 days 00:01:36.143000,kph,204.108,2019,3
16,5,5,10.0,4,56,Finished,leclerc,16,LEC,http://en.wikipedia.org/wiki/Charles_Leclerc,Charles,Leclerc,1997-10-16,Monegasque,ferrari,https://en.wikipedia.org/wiki/Scuderia_Ferrari,Ferrari,Italian,5557626.0,0 days 00:00:31.276000,3.0,45.0,0 days 00:01:34.860000,kph,206.869,2019,3
10,6,6,9.0,6,56,Finished,gasly,10,GAS,http://en.wikipedia.org/wiki/Pierre_Gasly,Pierre,Gasly,1996-02-07,French,red_bull,https://en.wikipedia.org/wiki/Red_Bull_Racing,Red Bull,Austrian,5615657.0,0 days 00:01:29.307000,1.0,55.0,0 days 00:01:34.742000,kph,207.126,2019,3
3,7,7,6.0,7,55,+1 Lap,ricciardo,3,RIC,http://en.wikipedia.org/wiki/Daniel_Ricciardo,Daniel,Ricciardo,1989-07-01,Australian,renault,https://en.wikipedia.org/wiki/Renault_in_Formula_One,Renault,French,,,16.0,38.0,0 days 00:01:38.632000,kph,198.957,2019,3
11,8,8,4.0,12,55,+1 Lap,perez,11,PER,http://en.wikipedia.org/wiki/Sergio_P%C3%A9rez,Sergio,Pérez,1990-01-26,Mexican,racing_point,https://en.wikipedia.org/wiki/Racing_Point_F1_Team,Racing Point,British,,,17.0,37.0,0 days 00:01:38.702000,kph,198.816,2019,3
7,9,9,2.0,13,55,+1 Lap,raikkonen,7,RAI,http://en.wikipedia.org/wiki/Kimi_R%C3%A4ikk%C3%B6nen,Kimi,Räikkönen,1979-10-17,Finnish,alfa,https://en.wikipedia.org/wiki/Alfa_Romeo_in_Formula_One,Alfa Romeo,Swiss,,,12.0,27.0,0 days 00:01:37.812000,kph,200.625,2019,3
23,10,10,1.0,0,55,+1 Lap,albon,23,ALB,http://en.wikipedia.org/wiki/Alexander_Albon,Alexander,Albon,1996-03-23,Thai,toro_rosso,https://en.wikipedia.org/wiki/Scuderia_Toro_Rosso,Toro Rosso,Italian,,,18.0,22.0,0 days 00:01:38.901000,kph,198.416,2019,3
8,11,11,0.0,10,55,+1 Lap,grosjean,8,GRO,http://en.wikipedia.org/wiki/Romain_Grosjean,Romain,Grosjean,1986-04-17,French,haas,https://en.wikipedia.org/wiki/Haas_F1_Team,Haas F1 Team,American,,,8.0,37.0,0 days 00:01:36.873000,kph,202.57,2019,3
18,12,12,0.0,16,55,+1 Lap,stroll,18,STR,http://en.wikipedia.org/wiki/Lance_Stroll,Lance,Stroll,1998-10-29,Canadian,racing_point,https://en.wikipedia.org/wiki/Racing_Point_F1_Team,Racing Point,British,,,7.0,46.0,0 days 00:01:36.678000,kph,202.978,2019,3
20,13,13,0.0,9,55,+1 Lap,kevin_magnussen,20,MAG,http://en.wikipedia.org/wiki/Kevin_Magnussen,Kevin,Magnussen,1992-10-05,Danish,haas,https://en.wikipedia.org/wiki/Haas_F1_Team,Haas F1 Team,American,,,10.0,35.0,0 days 00:01:37.471000,kph,201.327,2019,3
55,14,14,0.0,14,55,+1 Lap,sainz,55,SAI,http://en.wikipedia.org/wiki/Carlos_Sainz_Jr.,Carlos,Sainz,1994-09-01,Spanish,mclaren,https://en.wikipedia.org/wiki/McLaren,McLaren,British,,,11.0,44.0,0 days 00:01:37.502000,kph,201.263,2019,3
99,15,15,0.0,19,55,+1 Lap,giovinazzi,99,GIO,http://en.wikipedia.org/wiki/Antonio_Giovinazzi,Antonio,Giovinazzi,1993-12-14,Italian,alfa,https://en.wikipedia.org/wiki/Alfa_Romeo_in_Formula_One,Alfa Romeo,Swiss,,,14.0,32.0,0 days 00:01:38.048000,kph,200.142,2019,3
63,16,16,0.0,17,54,+2 Laps,russell,63,RUS,http://en.wikipedia.org/wiki/George_Russell_(racing_driver),George,Russell,1998-02-15,British,williams,https://en.wikipedia.org/wiki/Williams_Racing,Williams,British,,,9.0,51.0,0 days 00:01:37.283000,kph,201.716,2019,3
88,17,17,0.0,18,54,+2 Laps,kubica,88,KUB,http://en.wikipedia.org/wiki/Robert_Kubica,Robert,Kubica,1984-12-07,Polish,williams,https://en.wikipedia.org/wiki/Williams_Racing,Williams,British,,,20.0,28.0,0 days 00:01:39.772000,kph,196.684,2019,3
4,18,18,0.0,15,50,Collision,norris,1,NOR,http://en.wikipedia.org/wiki/Lando_Norris,Lando,Norris,1999-11-13,British,mclaren,https://en.wikipedia.org/wiki/McLaren,McLaren,British,,,15.0,37.0,0 days 00:01:38.346000,kph,199.536,2019,3
26,19,R,0.0,11,41,Collision,kvyat,26,KVY,http://en.wikipedia.org/wiki/Daniil_Kvyat,Daniil,Kvyat,1994-04-26,Russian,toro_rosso,https://en.wikipedia.org/wiki/Scuderia_Toro_Rosso,Toro Rosso,Italian,,,13.0,27.0,0 days 00:01:37.975000,kph,200.291,2019,3
27,20,R,0.0,8,16,Power Unit,hulkenberg,27,HUL,http://en.wikipedia.org/wiki/Nico_H%C3%BClkenberg,Nico,Hülkenberg,1987-08-19,German,renault,https://en.wikipedia.org/wiki/Renault_in_Formula_One,Renault,French,,,19.0,14.0,0 days 00:01:39.677000,kph,196.871,2019,3
77,1,1,25.0,1,51,Finished,bottas,77,BOT,http://en.wikipedia.org/wiki/Valtteri_Bottas,Valtteri,Bottas,1989-08-28,Finnish,mercedes,https://en.wikipedia.org/wiki/Mercedes-Benz_in_Formula_One,Mercedes,German,5512942.0,0 days 01:31:52.942000,2.0,50.0,0 days 00:01:44.024000,kph,207.748,2019,4
44,2,2,18.0,2,51,Finished,hamilton,44,HAM,http://en.wikipedia.org/wiki/Lewis_Hamilton,Lewis,Hamilton,1985-01-07,British,mercedes,https://en.wikipedia.org/wiki/Mercedes-Benz_in_Formula_One,Mercedes,German,5514466.0,0 days 00:00:01.524000,3.0,48.0,0 days 00:01:44.166000,kph,207.465,2019,4
5,3,3,15.0,3,51,Finished,vettel,5,VET,http://en.wikipedia.org/wiki/Sebastian_Vettel,Sebastian,Vettel,1987-07-03,German,ferrari,https://en.wikipedia.org/wiki/Scuderia_Ferrari,Ferrari,Italian,5524681.0,0 days 00:00:11.739000,4.0,46.0,0 days 00:01:44.629000,kph,206.546,2019,4
33,4,4,12.0,4,51,Finished,max_verstappen,3,VER,http://en.wikipedia.org/wiki/Max_Verstappen,Max,Verstappen,1997-09-30,Dutch,red_bull,https://en.wikipedia.org/wiki/Red_Bull_Racing,Red Bull,Austrian,5530435.0,0 days 00:00:17.493000,5.0,39.0,0 days 00:01:44.794000,kph,206.221,2019,4
16,5,5,11.0,8,51,Finished,leclerc,16,LEC,http://en.wikipedia.org/wiki/Charles_Leclerc,Charles,Leclerc,1997-10-16,Monegasque,ferrari,https://en.wikipedia.org/wiki/Scuderia_Ferrari,Ferrari,Italian,5582049.0,0 days 00:01:09.107000,1.0,50.0,0 days 00:01:43.009000,kph,209.795,2019,4
11,6,6,8.0,5,51,Finished,perez,11,PER,http://en.wikipedia.org/wiki/Sergio_P%C3%A9rez,Sergio,Pérez,1990-01-26,Mexican,racing_point,https://en.wikipedia.org/wiki/Racing_Point_F1_Team,Racing Point,British,5589358.0,0 days 00:01:16.416000,7.0,49.0,0 days 00:01:45.524000,kph,204.795,2019,4
55,7,7,6.0,9,51,Finished,sainz,55,SAI,http://en.wikipedia.org/wiki/Carlos_Sainz_Jr.,Carlos,Sainz,1994-09-01,Spanish,mclaren,https://en.wikipedia.org/wiki/McLaren,McLaren,British,5596768.0,0 days 00:01:23.826000,10.0,43.0,0 days 00:01:45.807000,kph,204.247,2019,4
4,8,8,4.0,7,51,Finished,norris,1,NOR,http://en.wikipedia.org/wiki/Lando_Norris,Lando,Norris,1999-11-13,British,mclaren,https://en.wikipedia.org/wiki/McLaren,McLaren,British,5613210.0,0 days 00:01:40.268000,6.0,43.0,0 days 00:01:45.394000,kph,205.047,2019,4
18,9,9,2.0,13,51,Finished,stroll,18,STR,http://en.wikipedia.org/wiki/Lance_Stroll,Lance,Stroll,1998-10-29,Canadian,racing_point,https://en.wikipedia.org/wiki/Racing_Point_F1_Team,Racing Point,British,5616758.0,0 days 00:01:43.816000,12.0,38.0,0 days 00:01:46.009000,kph,203.858,2019,4
7,10,10,1.0,0,50,+1 Lap,raikkonen,7,RAI,http://en.wikipedia.org/wiki/Kimi_R%C3%A4ikk%C3%B6nen,Kimi,Räikkönen,1979-10-17,Finnish,alfa,https://en.wikipedia.org/wiki/Alfa_Romeo_in_Formula_One,Alfa Romeo,Swiss,,,13.0,48.0,0 days 00:01:46.479000,kph,202.958,2019,4
23,11,11,0.0,11,50,+1 Lap,albon,23,ALB,http://en.wikipedia.org/wiki/Alexander_Albon,Alexander,Albon,1996-03-23,Thai,toro_rosso,https://en.wikipedia.org/wiki/Scuderia_Toro_Rosso,Toro Rosso,Italian,,,9.0,49.0,0 days 00:01:45.754000,kph,204.349,2019,4
99,12,12,0.0,17,50,+1 Lap,giovinazzi,99,GIO,http://en.wikipedia.org/wiki/Antonio_Giovinazzi,Antonio,Giovinazzi,1993-12-14,Italian,alfa,https://en.wikipedia.org/wiki/Alfa_Romeo_in_Formula_One,Alfa Romeo,Swiss,,,11.0,45.0,0 days 00:01:45.969000,kph,203.935,2019,4
20,13,13,0.0,12,50,+1 Lap,kevin_magnussen,20,MAG,http://en.wikipedia.org/wiki/Kevin_Magnussen,Kevin,Magnussen,1992-10-05,Danish,haas,https://en.wikipedia.org/wiki/Haas_F1_Team,Haas F1 Team,American,,,14.0,42.0,0 days 00:01:46.682000,kph,202.572,2019,4
27,14,14,0.0,15,50,+1 Lap,hulkenberg,27,HUL,http://en.wikipedia.org/wiki/Nico_H%C3%BClkenberg,Nico,Hülkenberg,1987-08-19,German,renault,https://en.wikipedia.org/wiki/Renault_in_Formula_One,Renault,French,,,17.0,43.0,0 days 00:01:47.407000,kph,201.204,2019,4
63,15,15,0.0,16,49,+2 Laps,russell,63,RUS,http://en.wikipedia.org/wiki/George_Russell_(racing_driver),George,Russell,1998-02-15,British,williams,https://en.wikipedia.org/wiki/Williams_Racing,Williams,British,,,16.0,42.0,0 days 00:01:47.251000,kph,201.497,2019,4
88,16,16,0.0,0,49,+2 Laps,kubica,88,KUB,http://en.wikipedia.org/wiki/Robert_Kubica,Robert,Kubica,1984-12-07,Polish,williams,https://en.wikipedia.org/wiki/Williams_Racing,Williams,British,,,19.0,45.0,0 days 00:01:47.709000,kph,200.64,2019,4
10,17,R,0.0,0,38,Transmission,gasly,10,GAS,http://en.wikipedia.org/wiki/Pierre_Gasly,Pierre,Gasly,1996-02-07,French,red_bull,https://en.wikipedia.org/wiki/Red_Bull_Racing,Red Bull,Austrian,,,8.0,34.0,0 days 00:01:45.712000,kph,204.43,2019,4
8,18,R,0.0,14,38,Brakes,grosjean,8,GRO,http://en.wikipedia.org/wiki/Romain_Grosjean,Romain,Grosjean,1986-04-17,French,haas,https://en.wikipedia.org/wiki/Haas_F1_Team,Haas F1 Team,American,,,20.0,33.0,0 days 00:01:48.517000,kph,199.146,2019,4
26,19,R,0.0,6,33,Collision,kvyat,26,KVY,http://en.wikipedia.org/wiki/Daniil_Kvyat,Daniil,Kvyat,1994-04-26,Russian,toro_rosso,https://en.wikipedia.org/wiki/Scuderia_Toro_Rosso,Toro Rosso,Italian,,,18.0,28.0,0 days 00:01:47.681000,kph,200.692,2019,4
3,20,R,0.0,10,31,Collision,ricciardo,3,RIC,http://en.wikipedia.org/wiki/Daniel_Ricciardo,Daniel,Ricciardo,1989-07-01,Australian,renault,https://en.wikipedia.org/wiki/Renault_in_Formula_One,Renault,French,,,15.0,29.0,0 days 00:01:46.767000,kph,202.41,2019,4
44,1,1,26.0,2,66,Finished,hamilton,44,HAM,http://en.wikipedia.org/wiki/Lewis_Hamilton,Lewis,Hamilton,1985-01-07,British,mercedes,https://en.wikipedia.org/wiki/Mercedes-Benz_in_Formula_One,Mercedes,German,5750443.0,0 days 01:35:50.443000,1.0,54.0,0 days 00:01:18.492000,kph,213.499,2019,5
77,2,2,18.0,1,66,Finished,bottas,77,BOT,http://en.wikipedia.org/wiki/Valtteri_Bottas,Valtteri,Bottas,1989-08-28,Finnish,mercedes,https://en.wikipedia.org/wiki/Mercedes-Benz_in_Formula_One,Mercedes,German,5754517.0,0 days 00:00:04.074000,2.0,55.0,0 days 00:01:18.737000,kph,212.835,2019,5
33,3,3,15.0,4,66,Finished,max_verstappen,3,VER,http://en.wikipedia.org/wiki/Max_Verstappen,Max,Verstappen,1997-09-30,Dutch,red_bull,https://en.wikipedia.org/wiki/Red_Bull_Racing,Red Bull,Austrian,5758122.0,0 days 00:00:07.679000,3.0,57.0,0 days 00:01:19.769000,kph,210.081,2019,5
5,4,4,12.0,3,66,Finished,vettel,5,VET,http://en.wikipedia.org/wiki/Sebastian_Vettel,Sebastian,Vettel,1987-07-03,German,ferrari,https://en.wikipedia.org/wiki/Scuderia_Ferrari,Ferrari,Italian,5759610.0,0 days 00:00:09.167000,4.0,64.0,0 days 00:01:19.820000,kph,209.947,2019,5
16,5,5,10.0,5,66,Finished,leclerc,16,LEC,http://en.wikipedia.org/wiki/Charles_Leclerc,Charles,Leclerc,1997-10-16,Monegasque,ferrari,https://en.wikipedia.org/wiki/Scuderia_Ferrari,Ferrari,Italian,5763804.0,0 days 00:00:13.361000,5.0,57.0,0 days 00:01:20.002000,kph,209.469,2019,5
10,6,6,8.0,6,66,Finished,gasly,10,GAS,http://en.wikipedia.org/wiki/Pierre_Gasly,Pierre,Gasly,1996-02-07,French,red_bull,https://en.wikipedia.org/wiki/Red_Bull_Racing,Red Bull,Austrian,5770019.0,0 days 00:00:19.576000,6.0,57.0,0 days 00:01:20.536000,kph,208.08,2019,5
20,7,7,6.0,8,66,Finished,kevin_magnussen,20,MAG,http://en.wikipedia.org/wiki/Kevin_Magnussen,Kevin,Magnussen,1992-10-05,Danish,haas,https://en.wikipedia.org/wiki/Haas_F1_Team,Haas F1 Team,American,5778602.0,0 days 00:00:28.159000,9.0,66.0,0 days 00:01:20.770000,kph,207.478,2019,5
55,8,8,4.0,12,66,Finished,sainz,55,SAI,http://en.wikipedia.org/wiki/Carlos_Sainz_Jr.,Carlos,Sainz,1994-09-01,Spanish,mclaren,https://en.wikipedia.org/wiki/McLaren,McLaren,British,5782785.0,0 days 00:00:32.342000,10.0,59.0,0 days 00:01:20.859000,kph,207.249,2019,5
26,9,9,2.0,9,66,Finished,kvyat,26,KVY,http://en.wikipedia.org/wiki/Daniil_Kvyat,Daniil,Kvyat,1994-04-26,Russian,toro_rosso,https://en.wikipedia.org/wiki/Scuderia_Toro_Rosso,Toro Rosso,Italian,5783499.0,0 days 00:00:33.056000,8.0,64.0,0 days 00:01:20.726000,kph,207.591,2019,5
8,10,10,1.0,7,66,Finished,grosjean,8,GRO,http://en.wikipedia.org/wiki/Romain_Grosjean,Romain,Grosjean,1986-04-17,French,haas,https://en.wikipedia.org/wiki/Haas_F1_Team,Haas F1 Team,American,5785084.0,0 days 00:00:34.641000,12.0,64.0,0 days 00:01:21.057000,kph,206.743,2019,5
23,11,11,0.0,11,66,Finished,albon,23,ALB,http://en.wikipedia.org/wiki/Alexander_Albon,Alexander,Albon,1996-03-23,Thai,toro_rosso,https://en.wikipedia.org/wiki/Scuderia_Toro_Rosso,Toro Rosso,Italian,5785888.0,0 days 00:00:35.445000,11.0,65.0,0 days 00:01:21.028000,kph,206.817,2019,5
3,12,12,0.0,13,66,Finished,ricciardo,3,RIC,http://en.wikipedia.org/wiki/Daniel_Ricciardo,Daniel,Ricciardo,1989-07-01,Australian,renault,https://en.wikipedia.org/wiki/Renault_in_Formula_One,Renault,French,5787201.0,0 days 00:00:36.758000,7.0,56.0,0 days 00:01:20.615000,kph,207.876,2019,5
27,13,13,0.0,0,66,Finished,hulkenberg,27,HUL,http://en.wikipedia.org/wiki/Nico_H%C3%BClkenberg,Nico,Hülkenberg,1987-08-19,German,renault,https://en.wikipedia.org/wiki/Renault_in_Formula_One,Renault,French,5789684.0,0 days 00:00:39.241000,13.0,65.0,0 days 00:01:21.282000,kph,206.171,2019,5
7,14,14,0.0,14,66,Finished,raikkonen,7,RAI,http://en.wikipedia.org/wiki/Kimi_R%C3%A4ikk%C3%B6nen,Kimi,Räikkönen,1979-10-17,Finnish,alfa,https://en.wikipedia.org/wiki/Alfa_Romeo_in_Formula_One,Alfa Romeo,Swiss,5792246.0,0 days 00:00:41.803000,14.0,66.0,0 days 00:01:21.382000,kph,205.917,2019,5
11,15,15,0.0,15,66,Finished,perez,11,PER,http://en.wikipedia.org/wiki/Sergio_P%C3%A9rez,Sergio,Pérez,1990-01-26,Mexican,racing_point,https://en.wikipedia.org/wiki/Racing_Point_F1_Team,Racing Point,British,5797320.0,0 days 00:00:46.877000,16.0,65.0,0 days 00:01:21.859000,kph,204.717,2019,5
99,16,16,0.0,18,66,Finished,giovinazzi,99,GIO,http://en.wikipedia.org/wiki/Antonio_Giovinazzi,Antonio,Giovinazzi,1993-12-14,Italian,alfa,https://en.wikipedia.org/wiki/Alfa_Romeo_in_Formula_One,Alfa Romeo,Swiss,5798134.0,0 days 00:00:47.691000,15.0,64.0,0 days 00:01:21.833000,kph,204.782,2019,5
63,17,17,0.0,19,65,+1 Lap,russell,63,RUS,http://en.wikipedia.org/wiki/George_Russell_(racing_driver),George,Russell,1998-02-15,British,williams,https://en.wikipedia.org/wiki/Williams_Racing,Williams,British,,,17.0,64.0,0 days 00:01:22.382000,kph,203.418,2019,5
88,18,18,0.0,17,65,+1 Lap,kubica,88,KUB,http://en.wikipedia.org/wiki/Robert_Kubica,Robert,Kubica,1984-12-07,Polish,williams,https://en.wikipedia.org/wiki/Williams_Racing,Williams,British,,,19.0,65.0,0 days 00:01:23.202000,kph,201.413,2019,5
18,19,R,0.0,16,44,Collision,stroll,18,STR,http://en.wikipedia.org/wiki/Lance_Stroll,Lance,Stroll,1998-10-29,Canadian,racing_point,https://en.wikipedia.org/wiki/Racing_Point_F1_Team,Racing Point,British,,,20.0,28.0,0 days 00:01:23.226000,kph,201.355,2019,5
4,20,R,0.0,10,44,Collision,norris,1,NOR,http://en.wikipedia.org/wiki/Lando_Norris,Lando,Norris,1999-11-13,British,mclaren,https://en.wikipedia.org/wiki/McLaren,McLaren,British,,,18.0,28.0,0 days 00:01:22.561000,kph,202.977,2019,5
44,1,1,25.0,1,78,Finished,hamilton,44,HAM,http://en.wikipedia.org/wiki/Lewis_Hamilton,Lewis,Hamilton,1985-01-07,British,mercedes,https://en.wikipedia.org/wiki/Mercedes-Benz_in_Formula_One,Mercedes,German,6208437.0,0 days 01:43:28.437000,6.0,9.0,0 days 00:01:16.167000,kph,157.721,2019,6
5,2,2,18.0,4,78,Finished,vettel,5,VET,http://en.wikipedia.org/wiki/Sebastian_Vettel,Sebastian,Vettel,1987-07-03,German,ferrari,https://en.wikipedia.org/wiki/Scuderia_Ferrari,Ferrari,Italian,6211039.0,0 days 00:00:02.602000,9.0,9.0,0 days 00:01:16.277000,kph,157.494,2019,6
77,3,3,15.0,2,78,Finished,bottas,77,BOT,http://en.wikipedia.org/wiki/Valtteri_Bottas,Valtteri,Bottas,1989-08-28,Finnish,mercedes,https://en.wikipedia.org/wiki/Mercedes-Benz_in_Formula_One,Mercedes,German,6211599.0,0 days 00:00:03.162000,2.0,65.0,0 days 00:01:15.163000,kph,159.828,2019,6
33,4,4,12.0,3,78,Finished,max_verstappen,3,VER,http://en.wikipedia.org/wiki/Max_Verstappen,Max,Verstappen,1997-09-30,Dutch,red_bull,https://en.wikipedia.org/wiki/Red_Bull_Racing,Red Bull,Austrian,6213974.0,0 days 00:00:05.537000,7.0,9.0,0 days 00:01:16.229000,kph,157.593,2019,6
10,5,5,11.0,8,78,Finished,gasly,10,GAS,http://en.wikipedia.org/wiki/Pierre_Gasly,Pierre,Gasly,1996-02-07,French,red_bull,https://en.wikipedia.org/wiki/Red_Bull_Racing,Red Bull,Austrian,6218383.0,0 days 00:00:09.946000,1.0,72.0,0 days 00:01:14.279000,kph,161.73,2019,6
55,6,6,8.0,9,78,Finished,sainz,55,SAI,http://en.wikipedia.org/wiki/Carlos_Sainz_Jr.,Carlos,Sainz,1994-09-01,Spanish,mclaren,https://en.wikipedia.org/wiki/McLaren,McLaren,British,6261891.0,0 days 00:00:53.454000,5.0,32.0,0 days 00:01:15.891000,kph,158.295,2019,6
26,7,7,6.0,7,78,Finished,kvyat,26,KVY,http://en.wikipedia.org/wiki/Daniil_Kvyat,Daniil,Kvyat,1994-04-26,Russian,toro_rosso,https://en.wikipedia.org/wiki/Scuderia_Toro_Rosso,Toro Rosso,Italian,6263011.0,0 days 00:00:54.574000,10.0,31.0,0 days 00:01:16.288000,kph,157.471,2019,6
23,8,8,4.0,10,78,Finished,albon,23,ALB,http://en.wikipedia.org/wiki/Alexander_Albon,Alexander,Albon,1996-03-23,Thai,toro_rosso,https://en.wikipedia.org/wiki/Scuderia_Toro_Rosso,Toro Rosso,Italian,6263637.0,0 days 00:00:55.200000,3.0,43.0,0 days 00:01:15.607000,kph,158.89,2019,6
3,9,9,2.0,6,78,Finished,ricciardo,3,RIC,http://en.wikipedia.org/wiki/Daniel_Ricciardo,Daniel,Ricciardo,1989-07-01,Australian,renault,https://en.wikipedia.org/wiki/Renault_in_Formula_One,Renault,French,6269331.0,0 days 00:01:00.894000,4.0,78.0,0 days 00:01:15.697000,kph,158.701,2019,6
8,10,10,1.0,13,78,Finished,grosjean,8,GRO,http://en.wikipedia.org/wiki/Romain_Grosjean,Romain,Grosjean,1986-04-17,French,haas,https://en.wikipedia.org/wiki/Haas_F1_Team,Haas F1 Team,American,6269471.0,0 days 00:01:01.034000,16.0,41.0,0 days 00:01:16.746000,kph,156.531,2019,6
4,11,11,0.0,12,78,Finished,norris,1,NOR,http://en.wikipedia.org/wiki/Lando_Norris,Lando,Norris,1999-11-13,British,mclaren,https://en.wikipedia.org/wiki/McLaren,McLaren,British,6275238.0,0 days 00:01:06.801000,13.0,61.0,0 days 00:01:16.413000,kph,157.214,2019,6
11,12,12,0.0,16,77,+1 Lap,perez,11,PER,http://en.wikipedia.org/wiki/Sergio_P%C3%A9rez,Sergio,Pérez,1990-01-26,Mexican,racing_point,https://en.wikipedia.org/wiki/Racing_Point_F1_Team,Racing Point,British,,,15.0,67.0,0 days 00:01:16.613000,kph,156.803,2019,6
27,13,13,0.0,11,77,+1 Lap,hulkenberg,27,HUL,http://en.wikipedia.org/wiki/Nico_H%C3%BClkenberg,Nico,Hülkenberg,1987-08-19,German,renault,https://en.wikipedia.org/wiki/Renault_in_Formula_One,Renault,French,,,8.0,65.0,0 days 00:01:16.276000,kph,157.496,2019,6
20,14,14,0.0,5,77,+1 Lap,kevin_magnussen,20,MAG,http://en.wikipedia.org/wiki/Kevin_Magnussen,Kevin,Magnussen,1992-10-05,Danish,haas,https://en.wikipedia.org/wiki/Haas_F1_Team,Haas F1 Team,American,,,17.0,61.0,0 days 00:01:16.992000,kph,156.031,2019,6
63,15,15,0.0,19,77,+1 Lap,russell,63,RUS,http://en.wikipedia.org/wiki/George_Russell_(racing_driver),George,Russell,1998-02-15,British,williams,https://en.wikipedia.org/wiki/Williams_Racing,Williams,British,,,18.0,76.0,0 days 00:01:17.038000,kph,155.938,2019,6
18,16,16,0.0,17,77,+1 Lap,stroll,18,STR,http://en.wikipedia.org/wiki/Lance_Stroll,Lance,Stroll,1998-10-29,Canadian,racing_point,https://en.wikipedia.org/wiki/Racing_Point_F1_Team,Racing Point,British,,,12.0,45.0,0 days 00:01:16.379000,kph,157.284,2019,6
7,17,17,0.0,14,77,+1 Lap,raikkonen,7,RAI,http://en.wikipedia.org/wiki/Kimi_R%C3%A4ikk%C3%B6nen,Kimi,Räikkönen,1979-10-17,Finnish,alfa,https://en.wikipedia.org/wiki/Alfa_Romeo_in_Formula_One,Alfa Romeo,Swiss,,,14.0,50.0,0 days 00:01:16.436000,kph,157.166,2019,6
88,18,18,0.0,20,77,+1 Lap,kubica,88,KUB,http://en.wikipedia.org/wiki/Robert_Kubica,Robert,Kubica,1984-12-07,Polish,williams,https://en.wikipedia.org/wiki/Williams_Racing,Williams,British,,,19.0,32.0,0 days 00:01:17.388000,kph,155.233,2019,6
99,19,19,0.0,18,76,+2 Laps,giovinazzi,99,GIO,http://en.wikipedia.org/wiki/Antonio_Giovinazzi,Antonio,Giovinazzi,1993-12-14,Italian,alfa,https://en.wikipedia.org/wiki/Alfa_Romeo_in_Formula_One,Alfa Romeo,Swiss,,,11.0,46.0,0 days 00:01:16.299000,kph,157.448,2019,6
16,20,R,0.0,15,16,Collision,leclerc,16,LEC,http://en.wikipedia.org/wiki/Charles_Leclerc,Charles,Leclerc,1997-10-16,Monegasque,ferrari,https://en.wikipedia.org/wiki/Scuderia_Ferrari,Ferrari,Italian,,,20.0,6.0,0 days 00:01:19.151000,kph,151.775,2019,6
44,1,1,25.0,2,70,Finished,hamilton,44,HAM,http://en.wikipedia.org/wiki/Lewis_Hamilton,Lewis,Hamilton,1985-01-07,British,mercedes,https://en.wikipedia.org/wiki/Mercedes-Benz_in_Formula_One,Mercedes,German,5347084.0,0 days 01:29:07.084000,4.0,62.0,0 days 00:01:14.813000,kph,209.851,2019,7
5,2,2,18.0,1,70,Finished,vettel,5,VET,http://en.wikipedia.org/wiki/Sebastian_Vettel,Sebastian,Vettel,1987-07-03,German,ferrari,https://en.wikipedia.org/wiki/Scuderia_Ferrari,Ferrari,Italian,5350742.0,0 days 00:00:03.658000,5.0,57.0,0 days 00:01:14.875000,kph,209.677,2019,7
16,3,3,15.0,3,70,Finished,leclerc,16,LEC,http://en.wikipedia.org/wiki/Charles_Leclerc,Charles,Leclerc,1997-10-16,Monegasque,ferrari,https://en.wikipedia.org/wiki/Scuderia_Ferrari,Ferrari,Italian,5351780.0,0 days 00:00:04.696000,2.0,63.0,0 days 00:01:14.356000,kph,211.14,2019,7
77,4,4,13.0,6,70,Finished,bottas,77,BOT,http://en.wikipedia.org/wiki/Valtteri_Bottas,Valtteri,Bottas,1989-08-28,Finnish,mercedes,https://en.wikipedia.org/wiki/Mercedes-Benz_in_Formula_One,Mercedes,German,5398127.0,0 days 00:00:51.043000,1.0,69.0,0 days 00:01:13.078000,kph,214.833,2019,7
33,5,5,10.0,9,70,Finished,max_verstappen,3,VER,http://en.wikipedia.org/wiki/Max_Verstappen,Max,Verstappen,1997-09-30,Dutch,red_bull,https://en.wikipedia.org/wiki/Red_Bull_Racing,Red Bull,Austrian,5404739.0,0 days 00:00:57.655000,3.0,67.0,0 days 00:01:14.767000,kph,209.98,2019,7
3,6,6,8.0,4,69,+1 Lap,ricciardo,3,RIC,http://en.wikipedia.org/wiki/Daniel_Ricciardo,Daniel,Ricciardo,1989-07-01,Australian,renault,https://en.wikipedia.org/wiki/Renault_in_Formula_One,Renault,French,,,9.0,55.0,0 days 00:01:16.075000,kph,206.37,2019,7
27,7,7,6.0,7,69,+1 Lap,hulkenberg,27,HUL,http://en.wikipedia.org/wiki/Nico_H%C3%BClkenberg,Nico,Hülkenberg,1987-08-19,German,renault,https://en.wikipedia.org/wiki/Renault_in_Formula_One,Renault,French,,,7.0,57.0,0 days 00:01:15.995000,kph,206.587,2019,7
10,8,8,4.0,5,69,+1 Lap,gasly,10,GAS,http://en.wikipedia.org/wiki/Pierre_Gasly,Pierre,Gasly,1996-02-07,French,red_bull,https://en.wikipedia.org/wiki/Red_Bull_Racing,Red Bull,Austrian,,,10.0,51.0,0 days 00:01:16.157000,kph,206.147,2019,7
18,9,9,2.0,17,69,+1 Lap,stroll,18,STR,http://en.wikipedia.org/wiki/Lance_Stroll,Lance,Stroll,1998-10-29,Canadian,racing_point,https://en.wikipedia.org/wiki/Racing_Point_F1_Team,Racing Point,British,,,8.0,47.0,0 days 00:01:16.043000,kph,206.456,2019,7
26,10,10,1.0,10,69,+1 Lap,kvyat,26,KVY,http://en.wikipedia.org/wiki/Daniil_Kvyat,Daniil,Kvyat,1994-04-26,Russian,toro_rosso,https://en.wikipedia.org/wiki/Scuderia_Toro_Rosso,Toro Rosso,Italian,,,11.0,44.0,0 days 00:01:16.198000,kph,206.036,2019,7
55,11,11,0.0,11,69,+1 Lap,sainz,55,SAI,http://en.wikipedia.org/wiki/Carlos_Sainz_Jr.,Carlos,Sainz,1994-09-01,Spanish,mclaren,https://en.wikipedia.org/wiki/McLaren,McLaren,British,,,15.0,37.0,0 days 00:01:16.471000,kph,205.301,2019,7
11,12,12,0.0,15,69,+1 Lap,perez,11,PER,http://en.wikipedia.org/wiki/Sergio_P%C3%A9rez,Sergio,Pérez,1990-01-26,Mexican,racing_point,https://en.wikipedia.org/wiki/Racing_Point_F1_Team,Racing Point,British,,,13.0,61.0,0 days 00:01:16.314000,kph,205.723,2019,7
99,13,13,0.0,12,69,+1 Lap,giovinazzi,99,GIO,http://en.wikipedia.org/wiki/Antonio_Giovinazzi,Antonio,Giovinazzi,1993-12-14,Italian,alfa,https://en.wikipedia.org/wiki/Alfa_Romeo_in_Formula_One,Alfa Romeo,Swiss,,,14.0,69.0,0 days 00:01:16.365000,kph,205.586,2019,7
8,14,14,0.0,14,69,+1 Lap,grosjean,8,GRO,http://en.wikipedia.org/wiki/Romain_Grosjean,Romain,Grosjean,1986-04-17,French,haas,https://en.wikipedia.org/wiki/Haas_F1_Team,Haas F1 Team,American,,,12.0,60.0,0 days 00:01:16.245000,kph,205.909,2019,7
7,15,15,0.0,16,69,+1 Lap,raikkonen,7,RAI,http://en.wikipedia.org/wiki/Kimi_R%C3%A4ikk%C3%B6nen,Kimi,Räikkönen,1979-10-17,Finnish,alfa,https://en.wikipedia.org/wiki/Alfa_Romeo_in_Formula_One,Alfa Romeo,Swiss,,,6.0,60.0,0 days 00:01:15.442000,kph,208.101,2019,7
63,16,16,0.0,18,68,+2 Laps,russell,63,RUS,http://en.wikipedia.org/wiki/George_Russell_(racing_driver),George,Russell,1998-02-15,British,williams,https://en.wikipedia.org/wiki/Williams_Racing,Williams,British,,,17.0,58.0,0 days 00:01:17.241000,kph,203.254,2019,7
20,17,17,0.0,0,68,+2 Laps,kevin_magnussen,20,MAG,http://en.wikipedia.org/wiki/Kevin_Magnussen,Kevin,Magnussen,1992-10-05,Danish,haas,https://en.wikipedia.org/wiki/Haas_F1_Team,Haas F1 Team,American,,,19.0,41.0,0 days 00:01:17.309000,kph,203.075,2019,7
88,18,18,0.0,19,67,+3 Laps,kubica,88,KUB,http://en.wikipedia.org/wiki/Robert_Kubica,Robert,Kubica,1984-12-07,Polish,williams,https://en.wikipedia.org/wiki/Williams_Racing,Williams,British,,,18.0,64.0,0 days 00:01:17.285000,kph,203.139,2019,7
23,19,R,0.0,13,59,Collision damage,albon,23,ALB,http://en.wikipedia.org/wiki/Alexander_Albon,Alexander,Albon,1996-03-23,Thai,toro_rosso,https://en.wikipedia.org/wiki/Scuderia_Toro_Rosso,Toro Rosso,Italian,,,16.0,47.0,0 days 00:01:17.151000,kph,203.491,2019,7
4,20,R,0.0,8,8,Suspension,norris,1,NOR,http://en.wikipedia.org/wiki/Lando_Norris,Lando,Norris,1999-11-13,British,mclaren,https://en.wikipedia.org/wiki/McLaren,McLaren,British,,,20.0,4.0,0 days 00:01:18.023000,kph,201.217,2019,7
44,1,1,25.0,1,53,Finished,hamilton,44,HAM,http://en.wikipedia.org/wiki/Lewis_Hamilton,Lewis,Hamilton,1985-01-07,British,mercedes,https://en.wikipedia.org/wiki/Mercedes-Benz_in_Formula_One,Mercedes,German,5071198.0,0 days 01:24:31.198000,2.0,53.0,0 days 00:01:32.764000,kph,226.717,2019,8
77,2,2,18.0,2,53,Finished,bottas,77,BOT,http://en.wikipedia.org/wiki/Valtteri_Bottas,Valtteri,Bottas,1989-08-28,Finnish,mercedes,https://en.wikipedia.org/wiki/Mercedes-Benz_in_Formula_One,Mercedes,German,5089254.0,0 days 00:00:18.056000,3.0,43.0,0 days 00:01:33.586000,kph,224.725,2019,8
16,3,3,15.0,3,53,Finished,leclerc,16,LEC,http://en.wikipedia.org/wiki/Charles_Leclerc,Charles,Leclerc,1997-10-16,Monegasque,ferrari,https://en.wikipedia.org/wiki/Scuderia_Ferrari,Ferrari,Italian,5090183.0,0 days 00:00:18.985000,4.0,40.0,0 days 00:01:33.828000,kph,224.146,2019,8
33,4,4,12.0,4,53,Finished,max_verstappen,3,VER,http://en.wikipedia.org/wiki/Max_Verstappen,Max,Verstappen,1997-09-30,Dutch,red_bull,https://en.wikipedia.org/wiki/Red_Bull_Racing,Red Bull,Austrian,5106103.0,0 days 00:00:34.905000,5.0,38.0,0 days 00:01:34.162000,kph,223.351,2019,8
5,5,5,11.0,7,53,Finished,vettel,5,VET,http://en.wikipedia.org/wiki/Sebastian_Vettel,Sebastian,Vettel,1987-07-03,German,ferrari,https://en.wikipedia.org/wiki/Scuderia_Ferrari,Ferrari,Italian,5133994.0,0 days 00:01:02.796000,1.0,53.0,0 days 00:01:32.740000,kph,226.775,2019,8
55,6,6,8.0,6,53,Finished,sainz,55,SAI,http://en.wikipedia.org/wiki/Carlos_Sainz_Jr.,Carlos,Sainz,1994-09-01,Spanish,mclaren,https://en.wikipedia.org/wiki/McLaren,McLaren,British,5166660.0,0 days 00:01:35.462000,6.0,52.0,0 days 00:01:34.561000,kph,222.408,2019,8
7,7,7,6.0,12,52,+1 Lap,raikkonen,7,RAI,http://en.wikipedia.org/wiki/Kimi_R%C3%A4ikk%C3%B6nen,Kimi,Räikkönen,1979-10-17,Finnish,alfa,https://en.wikipedia.org/wiki/Alfa_Romeo_in_Formula_One,Alfa Romeo,Swiss,,,8.0,47.0,0 days 00:01:34.873000,kph,221.677,2019,8
27,8,8,4.0,13,52,+1 Lap,hulkenberg,27,HUL,http://en.wikipedia.org/wiki/Nico_H%C3%BClkenberg,Nico,Hülkenberg,1987-08-19,German,renault,https://en.wikipedia.org/wiki/Renault_in_Formula_One,Renault,French,,,10.0,46.0,0 days 00:01:34.950000,kph,221.497,2019,8
4,9,9,2.0,5,52,+1 Lap,norris,1,NOR,http://en.wikipedia.org/wiki/Lando_Norris,Lando,Norris,1999-11-13,British,mclaren,https://en.wikipedia.org/wiki/McLaren,McLaren,British,,,7.0,45.0,0 days 00:01:34.754000,kph,221.955,2019,8
10,10,10,1.0,9,52,+1 Lap,gasly,10,GAS,http://en.wikipedia.org/wiki/Pierre_Gasly,Pierre,Gasly,1996-02-07,French,red_bull,https://en.wikipedia.org/wiki/Red_Bull_Racing,Red Bull,Austrian,,,15.0,47.0,0 days 00:01:35.197000,kph,220.922,2019,8
3,11,11,0.0,8,52,+1 Lap,ricciardo,3,RIC,http://en.wikipedia.org/wiki/Daniel_Ricciardo,Daniel,Ricciardo,1989-07-01,Australian,renault,https://en.wikipedia.org/wiki/Renault_in_Formula_One,Renault,French,,,14.0,42.0,0 days 00:01:35.150000,kph,221.032,2019,8
11,12,12,0.0,14,52,+1 Lap,perez,11,PER,http://en.wikipedia.org/wiki/Sergio_P%C3%A9rez,Sergio,Pérez,1990-01-26,Mexican,racing_point,https://en.wikipedia.org/wiki/Racing_Point_F1_Team,Racing Point,British,,,11.0,42.0,0 days 00:01:35.014000,kph,221.348,2019,8
18,13,13,0.0,17,52,+1 Lap,stroll,18,STR,http://en.wikipedia.org/wiki/Lance_Stroll,Lance,Stroll,1998-10-29,Canadian,racing_point,https://en.wikipedia.org/wiki/Racing_Point_F1_Team,Racing Point,British,,,9.0,44.0,0 days 00:01:34.924000,kph,221.558,2019,8
26,14,14,0.0,19,52,+1 Lap,kvyat,26,KVY,http://en.wikipedia.org/wiki/Daniil_Kvyat,Daniil,Kvyat,1994-04-26,Russian,toro_rosso,https://en.wikipedia.org/wiki/Scuderia_Toro_Rosso,Toro Rosso,Italian,,,16.0,43.0,0 days 00:01:35.225000,kph,220.857,2019,8
23,15,15,0.0,11,52,+1 Lap,albon,23,ALB,http://en.wikipedia.org/wiki/Alexander_Albon,Alexander,Albon,1996-03-23,Thai,toro_rosso,https://en.wikipedia.org/wiki/Scuderia_Toro_Rosso,Toro Rosso,Italian,,,12.0,51.0,0 days 00:01:35.029000,kph,221.313,2019,8
99,16,16,0.0,10,52,+1 Lap,giovinazzi,99,GIO,http://en.wikipedia.org/wiki/Antonio_Giovinazzi,Antonio,Giovinazzi,1993-12-14,Italian,alfa,https://en.wikipedia.org/wiki/Alfa_Romeo_in_Formula_One,Alfa Romeo,Swiss,,,13.0,50.0,0 days 00:01:35.115000,kph,221.113,2019,8
20,17,17,0.0,15,52,+1 Lap,kevin_magnussen,20,MAG,http://en.wikipedia.org/wiki/Kevin_Magnussen,Kevin,Magnussen,1992-10-05,Danish,haas,https://en.wikipedia.org/wiki/Haas_F1_Team,Haas F1 Team,American,,,18.0,50.0,0 days 00:01:35.692000,kph,219.78,2019,8
88,18,18,0.0,18,51,+2 Laps,kubica,88,KUB,http://en.wikipedia.org/wiki/Robert_Kubica,Robert,Kubica,1984-12-07,Polish,williams,https://en.wikipedia.org/wiki/Williams_Racing,Williams,British,,,20.0,50.0,0 days 00:01:36.608000,kph,217.696,2019,8
63,19,19,0.0,20,51,+2 Laps,russell,63,RUS,http://en.wikipedia.org/wiki/George_Russell_(racing_driver),George,Russell,1998-02-15,British,williams,https://en.wikipedia.org/wiki/Williams_Racing,Williams,British,,,19.0,51.0,0 days 00:01:35.830000,kph,219.463,2019,8
8,20,20,0.0,16,44,Retired,grosjean,8,GRO,http://en.wikipedia.org/wiki/Romain_Grosjean,Romain,Grosjean,1986-04-17,French,haas,https://en.wikipedia.org/wiki/Haas_F1_Team,Haas F1 Team,American,,,17.0,42.0,0 days 00:01:35.691000,kph,219.782,2019,8
33,1,1,26.0,2,71,Finished,max_verstappen,3,VER,http://en.wikipedia.org/wiki/Max_Verstappen,Max,Verstappen,1997-09-30,Dutch,red_bull,https://en.wikipedia.org/wiki/Red_Bull_Racing,Red Bull,Austrian,4921822.0,0 days 01:22:01.822000,1.0,60.0,0 days 00:01:07.475000,kph,230.378,2019,9
16,2,2,18.0,1,71,Finished,leclerc,16,LEC,http://en.wikipedia.org/wiki/Charles_Leclerc,Charles,Leclerc,1997-10-16,Monegasque,ferrari,https://en.wikipedia.org/wiki/Scuderia_Ferrari,Ferrari,Italian,4924546.0,0 days 00:00:02.724000,3.0,58.0,0 days 00:01:07.994000,kph,228.62,2019,9
77,3,3,15.0,3,71,Finished,bottas,77,BOT,http://en.wikipedia.org/wiki/Valtteri_Bottas,Valtteri,Bottas,1989-08-28,Finnish,mercedes,https://en.wikipedia.org/wiki/Mercedes-Benz_in_Formula_One,Mercedes,German,4940782.0,0 days 00:00:18.960000,7.0,53.0,0 days 00:01:08.565000,kph,226.716,2019,9
5,4,4,12.0,9,71,Finished,vettel,5,VET,http://en.wikipedia.org/wiki/Sebastian_Vettel,Sebastian,Vettel,1987-07-03,German,ferrari,https://en.wikipedia.org/wiki/Scuderia_Ferrari,Ferrari,Italian,4941432.0,0 days 00:00:19.610000,2.0,62.0,0 days 00:01:07.676000,kph,229.694,2019,9
44,5,5,10.0,4,71,Finished,hamilton,44,HAM,http://en.wikipedia.org/wiki/Lewis_Hamilton,Lewis,Hamilton,1985-01-07,British,mercedes,https://en.wikipedia.org/wiki/Mercedes-Benz_in_Formula_One,Mercedes,German,4944627.0,0 days 00:00:22.805000,5.0,69.0,0 days 00:01:08.050000,kph,228.432,2019,9
4,6,6,8.0,5,70,+1 Lap,norris,1,NOR,http://en.wikipedia.org/wiki/Lando_Norris,Lando,Norris,1999-11-13,British,mclaren,https://en.wikipedia.org/wiki/McLaren,McLaren,British,,,8.0,69.0,0 days 00:01:08.699000,kph,226.274,2019,9
10,7,7,6.0,8,70,+1 Lap,gasly,10,GAS,http://en.wikipedia.org/wiki/Pierre_Gasly,Pierre,Gasly,1996-02-07,French,red_bull,https://en.wikipedia.org/wiki/Red_Bull_Racing,Red Bull,Austrian,,,9.0,63.0,0 days 00:01:08.790000,kph,225.974,2019,9
55,8,8,4.0,19,70,+1 Lap,sainz,55,SAI,http://en.wikipedia.org/wiki/Carlos_Sainz_Jr.,Carlos,Sainz,1994-09-01,Spanish,mclaren,https://en.wikipedia.org/wiki/McLaren,McLaren,British,,,6.0,53.0,0 days 00:01:08.117000,kph,228.207,2019,9
7,9,9,2.0,6,70,+1 Lap,raikkonen,7,RAI,http://en.wikipedia.org/wiki/Kimi_R%C3%A4ikk%C3%B6nen,Kimi,Räikkönen,1979-10-17,Finnish,alfa,https://en.wikipedia.org/wiki/Alfa_Romeo_in_Formula_One,Alfa Romeo,Swiss,,,15.0,57.0,0 days 00:01:09.126000,kph,224.876,2019,9
99,10,10,1.0,7,70,+1 Lap,giovinazzi,99,GIO,http://en.wikipedia.org/wiki/Antonio_Giovinazzi,Antonio,Giovinazzi,1993-12-14,Italian,alfa,https://en.wikipedia.org/wiki/Alfa_Romeo_in_Formula_One,Alfa Romeo,Swiss,,,13.0,57.0,0 days 00:01:09.051000,kph,225.12,2019,9
11,11,11,0.0,13,70,+1 Lap,perez,11,PER,http://en.wikipedia.org/wiki/Sergio_P%C3%A9rez,Sergio,Pérez,1990-01-26,Mexican,racing_point,https://en.wikipedia.org/wiki/Racing_Point_F1_Team,Racing Point,British,,,14.0,67.0,0 days 00:01:09.061000,kph,225.087,2019,9
3,12,12,0.0,12,70,+1 Lap,ricciardo,3,RIC,http://en.wikipedia.org/wiki/Daniel_Ricciardo,Daniel,Ricciardo,1989-07-01,Australian,renault,https://en.wikipedia.org/wiki/Renault_in_Formula_One,Renault,French,,,4.0,65.0,0 days 00:01:08.019000,kph,228.536,2019,9
27,13,13,0.0,15,70,+1 Lap,hulkenberg,27,HUL,http://en.wikipedia.org/wiki/Nico_H%C3%BClkenberg,Nico,Hülkenberg,1987-08-19,German,renault,https://en.wikipedia.org/wiki/Renault_in_Formula_One,Renault,French,,,16.0,59.0,0 days 00:01:09.248000,kph,224.48,2019,9
18,14,14,0.0,14,70,+1 Lap,stroll,18,STR,http://en.wikipedia.org/wiki/Lance_Stroll,Lance,Stroll,1998-10-29,Canadian,racing_point,https://en.wikipedia.org/wiki/Racing_Point_F1_Team,Racing Point,British,,,17.0,57.0,0 days 00:01:09.288000,kph,224.35,2019,9
23,15,15,0.0,18,70,+1 Lap,albon,23,ALB,http://en.wikipedia.org/wiki/Alexander_Albon,Alexander,Albon,1996-03-23,Thai,toro_rosso,https://en.wikipedia.org/wiki/Scuderia_Toro_Rosso,Toro Rosso,Italian,,,11.0,59.0,0 days 00:01:08.946000,kph,225.463,2019,9
8,16,16,0.0,11,70,+1 Lap,grosjean,8,GRO,http://en.wikipedia.org/wiki/Romain_Grosjean,Romain,Grosjean,1986-04-17,French,haas,https://en.wikipedia.org/wiki/Haas_F1_Team,Haas F1 Team,American,,,12.0,56.0,0 days 00:01:08.987000,kph,225.329,2019,9
26,17,17,0.0,16,70,+1 Lap,kvyat,26,KVY,http://en.wikipedia.org/wiki/Daniil_Kvyat,Daniil,Kvyat,1994-04-26,Russian,toro_rosso,https://en.wikipedia.org/wiki/Scuderia_Toro_Rosso,Toro Rosso,Italian,,,18.0,58.0,0 days 00:01:09.498000,kph,223.672,2019,9
63,18,18,0.0,0,69,+2 Laps,russell,63,RUS,http://en.wikipedia.org/wiki/George_Russell_(racing_driver),George,Russell,1998-02-15,British,williams,https://en.wikipedia.org/wiki/Williams_Racing,Williams,British,,,19.0,52.0,0 days 00:01:09.926000,kph,222.303,2019,9
20,19,19,0.0,10,69,+2 Laps,kevin_magnussen,20,MAG,http://en.wikipedia.org/wiki/Kevin_Magnussen,Kevin,Magnussen,1992-10-05,Danish,haas,https://en.wikipedia.org/wiki/Haas_F1_Team,Haas F1 Team,American,,,10.0,69.0,0 days 00:01:08.903000,kph,225.604,2019,9
88,20,20,0.0,17,68,+3 Laps,kubica,88,KUB,http://en.wikipedia.org/wiki/Robert_Kubica,Robert,Kubica,1984-12-07,Polish,williams,https://en.wikipedia.org/wiki/Williams_Racing,Williams,British,,,20.0,55.0,0 days 00:01:10.964000,kph,219.051,2019,9
44,1,1,26.0,2,52,Finished,hamilton,44,HAM,http://en.wikipedia.org/wiki/Lewis_Hamilton,Lewis,Hamilton,1985-01-07,British,mercedes,https://en.wikipedia.org/wiki/Mercedes-Benz_in_Formula_One,Mercedes,German,4868452.0,0 days 01:21:08.452000,1.0,52.0,0 days 00:01:27.369000,kph,242.735,2019,10
77,2,2,18.0,1,52,Finished,bottas,77,BOT,http://en.wikipedia.org/wiki/Valtteri_Bottas,Valtteri,Bottas,1989-08-28,Finnish,mercedes,https://en.wikipedia.org/wiki/Mercedes-Benz_in_Formula_One,Mercedes,German,4893380.0,0 days 00:00:24.928000,2.0,47.0,0 days 00:01:27.406000,kph,242.633,2019,10
16,3,3,15.0,3,52,Finished,leclerc,16,LEC,http://en.wikipedia.org/wiki/Charles_Leclerc,Charles,Leclerc,1997-10-16,Monegasque,ferrari,https://en.wikipedia.org/wiki/Scuderia_Ferrari,Ferrari,Italian,4898569.0,0 days 00:00:30.117000,5.0,47.0,0 days 00:01:29.313000,kph,237.452,2019,10
10,4,4,12.0,5,52,Finished,gasly,10,GAS,http://en.wikipedia.org/wiki/Pierre_Gasly,Pierre,Gasly,1996-02-07,French,red_bull,https://en.wikipedia.org/wiki/Red_Bull_Racing,Red Bull,Austrian,4903144.0,0 days 00:00:34.692000,8.0,48.0,0 days 00:01:29.544000,kph,236.839,2019,10
33,5,5,10.0,4,52,Finished,max_verstappen,3,VER,http://en.wikipedia.org/wiki/Max_Verstappen,Max,Verstappen,1997-09-30,Dutch,red_bull,https://en.wikipedia.org/wiki/Red_Bull_Racing,Red Bull,Austrian,4907910.0,0 days 00:00:39.458000,4.0,45.0,0 days 00:01:29.272000,kph,237.561,2019,10
55,6,6,8.0,13,52,Finished,sainz,55,SAI,http://en.wikipedia.org/wiki/Carlos_Sainz_Jr.,Carlos,Sainz,1994-09-01,Spanish,mclaren,https://en.wikipedia.org/wiki/McLaren,McLaren,British,4922091.0,0 days 00:00:53.639000,11.0,50.0,0 days 00:01:29.757000,kph,236.277,2019,10
3,7,7,6.0,7,52,Finished,ricciardo,3,RIC,http://en.wikipedia.org/wiki/Daniel_Ricciardo,Daniel,Ricciardo,1989-07-01,Australian,renault,https://en.wikipedia.org/wiki/Renault_in_Formula_One,Renault,French,4922853.0,0 days 00:00:54.401000,9.0,50.0,0 days 00:01:29.624000,kph,236.628,2019,10
7,8,8,4.0,12,52,Finished,raikkonen,7,RAI,http://en.wikipedia.org/wiki/Kimi_R%C3%A4ikk%C3%B6nen,Kimi,Räikkönen,1979-10-17,Finnish,alfa,https://en.wikipedia.org/wiki/Alfa_Romeo_in_Formula_One,Alfa Romeo,Swiss,4933992.0,0 days 00:01:05.540000,14.0,51.0,0 days 00:01:30.034000,kph,235.551,2019,10
26,9,9,2.0,17,52,Finished,kvyat,26,KVY,http://en.wikipedia.org/wiki/Daniil_Kvyat,Daniil,Kvyat,1994-04-26,Russian,toro_rosso,https://en.wikipedia.org/wiki/Scuderia_Toro_Rosso,Toro Rosso,Italian,4935172.0,0 days 00:01:06.720000,12.0,51.0,0 days 00:01:29.910000,kph,235.875,2019,10
27,10,10,1.0,10,52,Finished,hulkenberg,27,HUL,http://en.wikipedia.org/wiki/Nico_H%C3%BClkenberg,Nico,Hülkenberg,1987-08-19,German,renault,https://en.wikipedia.org/wiki/Renault_in_Formula_One,Renault,French,4941185.0,0 days 00:01:12.733000,13.0,51.0,0 days 00:01:29.949000,kph,235.773,2019,10
4,11,11,0.0,8,52,Finished,norris,1,NOR,http://en.wikipedia.org/wiki/Lando_Norris,Lando,Norris,1999-11-13,British,mclaren,https://en.wikipedia.org/wiki/McLaren,McLaren,British,4942733.0,0 days 00:01:14.281000,10.0,50.0,0 days 00:01:29.636000,kph,236.596,2019,10
23,12,12,0.0,9,52,Finished,albon,23,ALB,http://en.wikipedia.org/wiki/Alexander_Albon,Alexander,Albon,1996-03-23,Thai,toro_rosso,https://en.wikipedia.org/wiki/Scuderia_Toro_Rosso,Toro Rosso,Italian,4944069.0,0 days 00:01:15.617000,15.0,46.0,0 days 00:01:30.872000,kph,233.378,2019,10
18,13,13,0.0,18,52,Finished,stroll,18,STR,http://en.wikipedia.org/wiki/Lance_Stroll,Lance,Stroll,1998-10-29,Canadian,racing_point,https://en.wikipedia.org/wiki/Racing_Point_F1_Team,Racing Point,British,4949538.0,0 days 00:01:21.086000,6.0,49.0,0 days 00:01:29.390000,kph,237.248,2019,10
63,14,14,0.0,19,51,+1 Lap,russell,63,RUS,http://en.wikipedia.org/wiki/George_Russell_(racing_driver),George,Russell,1998-02-15,British,williams,https://en.wikipedia.org/wiki/Williams_Racing,Williams,British,,,16.0,50.0,0 days 00:01:31.013000,kph,233.017,2019,10
88,15,15,0.0,20,51,+1 Lap,kubica,88,KUB,http://en.wikipedia.org/wiki/Robert_Kubica,Robert,Kubica,1984-12-07,Polish,williams,https://en.wikipedia.org/wiki/Williams_Racing,Williams,British,,,17.0,50.0,0 days 00:01:31.509000,kph,231.754,2019,10
5,16,16,0.0,6,51,+1 Lap,vettel,5,VET,http://en.wikipedia.org/wiki/Sebastian_Vettel,Sebastian,Vettel,1987-07-03,German,ferrari,https://en.wikipedia.org/wiki/Scuderia_Ferrari,Ferrari,Italian,,,3.0,46.0,0 days 00:01:28.733000,kph,239.004,2019,10
11,17,17,0.0,15,51,+1 Lap,perez,11,PER,http://en.wikipedia.org/wiki/Sergio_P%C3%A9rez,Sergio,Pérez,1990-01-26,Mexican,racing_point,https://en.wikipedia.org/wiki/Racing_Point_F1_Team,Racing Point,British,,,7.0,50.0,0 days 00:01:29.456000,kph,237.072,2019,10
99,18,R,0.0,11,18,Spun off,giovinazzi,99,GIO,http://en.wikipedia.org/wiki/Antonio_Giovinazzi,Antonio,Giovinazzi,1993-12-14,Italian,alfa,https://en.wikipedia.org/wiki/Alfa_Romeo_in_Formula_One,Alfa Romeo,Swiss,,,18.0,17.0,0 days 00:01:32.464000,kph,229.36,2019,10
8,19,R,0.0,14,9,Collision,grosjean,8,GRO,http://en.wikipedia.org/wiki/Romain_Grosjean,Romain,Grosjean,1986-04-17,French,haas,https://en.wikipedia.org/wiki/Haas_F1_Team,Haas F1 Team,American,,,20.0,4.0,0 days 00:01:34.350000,kph,224.775,2019,10
20,20,R,0.0,16,6,Collision,kevin_magnussen,20,MAG,http://en.wikipedia.org/wiki/Kevin_Magnussen,Kevin,Magnussen,1992-10-05,Danish,haas,https://en.wikipedia.org/wiki/Haas_F1_Team,Haas F1 Team,American,,,19.0,5.0,0 days 00:01:33.425000,kph,227.001,2019,10
33,1,1,26.0,2,64,Finished,max_verstappen,3,VER,http://en.wikipedia.org/wiki/Max_Verstappen,Max,Verstappen,1997-09-30,Dutch,red_bull,https://en.wikipedia.org/wiki/Red_Bull_Racing,Red Bull,Austrian,6271275.0,0 days 01:44:31.275000,1.0,61.0,0 days 00:01:16.645000,kph,214.839,2019,11
5,2,2,18.0,20,64,Finished,vettel,5,VET,http://en.wikipedia.org/wiki/Sebastian_Vettel,Sebastian,Vettel,1987-07-03,German,ferrari,https://en.wikipedia.org/wiki/Scuderia_Ferrari,Ferrari,Italian,6278608.0,0 days 00:00:07.333000,2.0,63.0,0 days 00:01:16.794000,kph,214.423,2019,11
26,3,3,15.0,14,64,Finished,kvyat,26,KVY,http://en.wikipedia.org/wiki/Daniil_Kvyat,Daniil,Kvyat,1994-04-26,Russian,toro_rosso,https://en.wikipedia.org/wiki/Scuderia_Toro_Rosso,Toro Rosso,Italian,6279580.0,0 days 00:00:08.305000,6.0,61.0,0 days 00:01:17.708000,kph,211.9,2019,11
18,4,4,12.0,15,64,Finished,stroll,18,STR,http://en.wikipedia.org/wiki/Lance_Stroll,Lance,Stroll,1998-10-29,Canadian,racing_point,https://en.wikipedia.org/wiki/Racing_Point_F1_Team,Racing Point,British,6280241.0,0 days 00:00:08.966000,8.0,61.0,0 days 00:01:17.831000,kph,211.566,2019,11
55,5,5,10.0,7,64,Finished,sainz,55,SAI,http://en.wikipedia.org/wiki/Carlos_Sainz_Jr.,Carlos,Sainz,1994-09-01,Spanish,mclaren,https://en.wikipedia.org/wiki/McLaren,McLaren,British,6280858.0,0 days 00:00:09.583000,9.0,63.0,0 days 00:01:17.841000,kph,211.538,2019,11
23,6,6,8.0,16,64,Finished,albon,23,ALB,http://en.wikipedia.org/wiki/Alexander_Albon,Alexander,Albon,1996-03-23,Thai,toro_rosso,https://en.wikipedia.org/wiki/Scuderia_Toro_Rosso,Toro Rosso,Italian,6281327.0,0 days 00:00:10.052000,10.0,63.0,0 days 00:01:17.850000,kph,211.514,2019,11
8,7,7,6.0,6,64,Finished,grosjean,8,GRO,http://en.wikipedia.org/wiki/Romain_Grosjean,Romain,Grosjean,1986-04-17,French,haas,https://en.wikipedia.org/wiki/Haas_F1_Team,Haas F1 Team,American,6288113.0,0 days 00:00:16.838000,7.0,55.0,0 days 00:01:17.746000,kph,211.797,2019,11
20,8,8,4.0,12,64,Finished,kevin_magnussen,20,MAG,http://en.wikipedia.org/wiki/Kevin_Magnussen,Kevin,Magnussen,1992-10-05,Danish,haas,https://en.wikipedia.org/wiki/Haas_F1_Team,Haas F1 Team,American,6290040.0,0 days 00:00:18.765000,5.0,62.0,0 days 00:01:17.507000,kph,212.45,2019,11
44,9,9,2.0,1,64,Finished,hamilton,44,HAM,http://en.wikipedia.org/wiki/Lewis_Hamilton,Lewis,Hamilton,1985-01-07,British,mercedes,https://en.wikipedia.org/wiki/Mercedes-Benz_in_Formula_One,Mercedes,German,6290942.0,0 days 00:00:19.667000,12.0,64.0,0 days 00:01:18.811000,kph,208.935,2019,11
88,10,10,1.0,18,64,Finished,kubica,88,KUB,http://en.wikipedia.org/wiki/Robert_Kubica,Robert,Kubica,1984-12-07,Polish,williams,https://en.wikipedia.org/wiki/Williams_Racing,Williams,British,6296262.0,0 days 00:00:24.987000,13.0,63.0,0 days 00:01:19.062000,kph,208.271,2019,11
63,11,11,0.0,17,64,Finished,russell,63,RUS,http://en.wikipedia.org/wiki/George_Russell_(racing_driver),George,Russell,1998-02-15,British,williams,https://en.wikipedia.org/wiki/Williams_Racing,Williams,British,6297679.0,0 days 00:00:26.404000,3.0,60.0,0 days 00:01:17.485000,kph,212.51,2019,11
7,12,12,0.0,5,64,Finished,raikkonen,7,RAI,http://en.wikipedia.org/wiki/Kimi_R%C3%A4ikk%C3%B6nen,Kimi,Räikkönen,1979-10-17,Finnish,alfa,https://en.wikipedia.org/wiki/Alfa_Romeo_in_Formula_One,Alfa Romeo,Swiss,6313489.0,0 days 00:00:42.214000,15.0,60.0,0 days 00:01:19.563000,kph,206.96,2019,11
99,13,13,0.0,11,64,Finished,giovinazzi,99,GIO,http://en.wikipedia.org/wiki/Antonio_Giovinazzi,Antonio,Giovinazzi,1993-12-14,Italian,alfa,https://en.wikipedia.org/wiki/Alfa_Romeo_in_Formula_One,Alfa Romeo,Swiss,6315124.0,0 days 00:00:43.849000,14.0,60.0,0 days 00:01:19.300000,kph,207.646,2019,11
10,14,14,0.0,4,61,Collision,gasly,10,GAS,http://en.wikipedia.org/wiki/Pierre_Gasly,Pierre,Gasly,1996-02-07,French,red_bull,https://en.wikipedia.org/wiki/Red_Bull_Racing,Red Bull,Austrian,,,4.0,56.0,0 days 00:01:17.495000,kph,212.483,2019,11
77,15,R,0.0,3,56,Accident,bottas,77,BOT,http://en.wikipedia.org/wiki/Valtteri_Bottas,Valtteri,Bottas,1989-08-28,Finnish,mercedes,https://en.wikipedia.org/wiki/Mercedes-Benz_in_Formula_One,Mercedes,German,,,11.0,54.0,0 days 00:01:18.272000,kph,210.374,2019,11
27,16,R,0.0,9,39,Accident,hulkenberg,27,HUL,http://en.wikipedia.org/wiki/Nico_H%C3%BClkenberg,Nico,Hülkenberg,1987-08-19,German,renault,https://en.wikipedia.org/wiki/Renault_in_Formula_One,Renault,French,,,17.0,18.0,0 days 00:01:29.576000,kph,183.826,2019,11
16,17,R,0.0,10,27,Accident,leclerc,16,LEC,http://en.wikipedia.org/wiki/Charles_Leclerc,Charles,Leclerc,1997-10-16,Monegasque,ferrari,https://en.wikipedia.org/wiki/Scuderia_Ferrari,Ferrari,Italian,,,16.0,17.0,0 days 00:01:27.697000,kph,187.764,2019,11
4,18,R,0.0,19,25,Power loss,norris,1,NOR,http://en.wikipedia.org/wiki/Lando_Norris,Lando,Norris,1999-11-13,British,mclaren,https://en.wikipedia.org/wiki/McLaren,McLaren,British,,,18.0,16.0,0 days 00:01:31.081000,kph,180.788,2019,11
3,19,R,0.0,13,13,Exhaust,ricciardo,3,RIC,http://en.wikipedia.org/wiki/Daniel_Ricciardo,Daniel,Ricciardo,1989-07-01,Australian,renault,https://en.wikipedia.org/wiki/Renault_in_Formula_One,Renault,French,,,19.0,10.0,0 days 00:01:32.654000,kph,177.719,2019,11
11,20,R,0.0,8,1,Spun off,perez,11,PER,http://en.wikipedia.org/wiki/Sergio_P%C3%A9rez,Sergio,Pérez,1990-01-26,Mexican,racing_point,https://en.wikipedia.org/wiki/Racing_Point_F1_Team,Racing Point,British,,,,,,,,2019,11
44,1,1,25.0,3,70,Finished,hamilton,44,HAM,http://en.wikipedia.org/wiki/Lewis_Hamilton,Lewis,Hamilton,1985-01-07,British,mercedes,https://en.wikipedia.org/wiki/Mercedes-Benz_in_Formula_One,Mercedes,German,5703796.0,0 days 01:35:03.796000,2.0,60.0,0 days 00:01:18.528000,kph,200.84,2019,12
33,2,2,19.0,1,70,Finished,max_verstappen,3,VER,http://en.wikipedia.org/wiki/Max_Verstappen,Max,Verstappen,1997-09-30,Dutch,red_bull,https://en.wikipedia.org/wiki/Red_Bull_Racing,Red Bull,Austrian,5721592.0,0 days 00:00:17.796000,1.0,69.0,0 days 00:01:17.103000,kph,204.552,2019,12
5,3,3,15.0,5,70,Finished,vettel,5,VET,http://en.wikipedia.org/wiki/Sebastian_Vettel,Sebastian,Vettel,1987-07-03,German,ferrari,https://en.wikipedia.org/wiki/Scuderia_Ferrari,Ferrari,Italian,5765229.0,0 days 00:01:01.433000,4.0,65.0,0 days 00:01:19.786000,kph,197.673,2019,12
16,4,4,12.0,4,70,Finished,leclerc,16,LEC,http://en.wikipedia.org/wiki/Charles_Leclerc,Charles,Leclerc,1997-10-16,Monegasque,ferrari,https://en.wikipedia.org/wiki/Scuderia_Ferrari,Ferrari,Italian,5769046.0,0 days 00:01:05.250000,5.0,49.0,0 days 00:01:20.493000,kph,195.937,2019,12
55,5,5,10.0,8,69,+1 Lap,sainz,55,SAI,http://en.wikipedia.org/wiki/Carlos_Sainz_Jr.,Carlos,Sainz,1994-09-01,Spanish,mclaren,https://en.wikipedia.org/wiki/McLaren,McLaren,British,,,10.0,66.0,0 days 00:01:21.002000,kph,194.706,2019,12
10,6,6,8.0,6,69,+1 Lap,gasly,10,GAS,http://en.wikipedia.org/wiki/Pierre_Gasly,Pierre,Gasly,1996-02-07,French,red_bull,https://en.wikipedia.org/wiki/Red_Bull_Racing,Red Bull,Austrian,,,12.0,65.0,0 days 00:01:21.045000,kph,194.602,2019,12
7,7,7,6.0,10,69,+1 Lap,raikkonen,7,RAI,http://en.wikipedia.org/wiki/Kimi_R%C3%A4ikk%C3%B6nen,Kimi,Räikkönen,1979-10-17,Finnish,alfa,https://en.wikipedia.org/wiki/Alfa_Romeo_in_Formula_One,Alfa Romeo,Swiss,,,9.0,65.0,0 days 00:01:20.880000,kph,195.0,2019,12
77,8,8,4.0,2,69,+1 Lap,bottas,77,BOT,http://en.wikipedia.org/wiki/Valtteri_Bottas,Valtteri,Bottas,1989-08-28,Finnish,mercedes,https://en.wikipedia.org/wiki/Mercedes-Benz_in_Formula_One,Mercedes,German,,,3.0,59.0,0 days 00:01:19.331000,kph,198.807,2019,12
4,9,9,2.0,7,69,+1 Lap,norris,1,NOR,http://en.wikipedia.org/wiki/Lando_Norris,Lando,Norris,1999-11-13,British,mclaren,https://en.wikipedia.org/wiki/McLaren,McLaren,British,,,13.0,65.0,0 days 00:01:21.188000,kph,194.26,2019,12
23,10,10,1.0,12,69,+1 Lap,albon,23,ALB,http://en.wikipedia.org/wiki/Alexander_Albon,Alexander,Albon,1996-03-23,Thai,toro_rosso,https://en.wikipedia.org/wiki/Scuderia_Toro_Rosso,Toro Rosso,Italian,,,7.0,65.0,0 days 00:01:20.621000,kph,195.626,2019,12
11,11,11,0.0,16,69,+1 Lap,perez,11,PER,http://en.wikipedia.org/wiki/Sergio_P%C3%A9rez,Sergio,Pérez,1990-01-26,Mexican,racing_point,https://en.wikipedia.org/wiki/Racing_Point_F1_Team,Racing Point,British,,,15.0,47.0,0 days 00:01:21.734000,kph,192.962,2019,12
27,12,12,0.0,11,69,+1 Lap,hulkenberg,27,HUL,http://en.wikipedia.org/wiki/Nico_H%C3%BClkenberg,Nico,Hülkenberg,1987-08-19,German,renault,https://en.wikipedia.org/wiki/Renault_in_Formula_One,Renault,French,,,14.0,59.0,0 days 00:01:21.650000,kph,193.161,2019,12
20,13,13,0.0,14,69,+1 Lap,kevin_magnussen,20,MAG,http://en.wikipedia.org/wiki/Kevin_Magnussen,Kevin,Magnussen,1992-10-05,Danish,haas,https://en.wikipedia.org/wiki/Haas_F1_Team,Haas F1 Team,American,,,11.0,67.0,0 days 00:01:21.008000,kph,194.691,2019,12
3,14,14,0.0,20,69,+1 Lap,ricciardo,3,RIC,http://en.wikipedia.org/wiki/Daniel_Ricciardo,Daniel,Ricciardo,1989-07-01,Australian,renault,https://en.wikipedia.org/wiki/Renault_in_Formula_One,Renault,French,,,8.0,49.0,0 days 00:01:20.839000,kph,195.098,2019,12
26,15,15,0.0,13,68,+2 Laps,kvyat,26,KVY,http://en.wikipedia.org/wiki/Daniil_Kvyat,Daniil,Kvyat,1994-04-26,Russian,toro_rosso,https://en.wikipedia.org/wiki/Scuderia_Toro_Rosso,Toro Rosso,Italian,,,16.0,55.0,0 days 00:01:21.932000,kph,192.496,2019,12
63,16,16,0.0,15,68,+2 Laps,russell,63,RUS,http://en.wikipedia.org/wiki/George_Russell_(racing_driver),George,Russell,1998-02-15,British,williams,https://en.wikipedia.org/wiki/Williams_Racing,Williams,British,,,17.0,66.0,0 days 00:01:22.386000,kph,191.435,2019,12
18,17,17,0.0,18,68,+2 Laps,stroll,18,STR,http://en.wikipedia.org/wiki/Lance_Stroll,Lance,Stroll,1998-10-29,Canadian,racing_point,https://en.wikipedia.org/wiki/Racing_Point_F1_Team,Racing Point,British,,,6.0,52.0,0 days 00:01:20.603000,kph,195.67,2019,12
99,18,18,0.0,17,68,+2 Laps,giovinazzi,99,GIO,http://en.wikipedia.org/wiki/Antonio_Giovinazzi,Antonio,Giovinazzi,1993-12-14,Italian,alfa,https://en.wikipedia.org/wiki/Alfa_Romeo_in_Formula_One,Alfa Romeo,Swiss,,,19.0,64.0,0 days 00:01:23.134000,kph,189.712,2019,12
88,19,19,0.0,19,67,+3 Laps,kubica,88,KUB,http://en.wikipedia.org/wiki/Robert_Kubica,Robert,Kubica,1984-12-07,Polish,williams,https://en.wikipedia.org/wiki/Williams_Racing,Williams,British,,,20.0,42.0,0 days 00:01:23.436000,kph,189.026,2019,12
8,20,R,0.0,9,49,Water pressure,grosjean,8,GRO,http://en.wikipedia.org/wiki/Romain_Grosjean,Romain,Grosjean,1986-04-17,French,haas,https://en.wikipedia.org/wiki/Haas_F1_Team,Haas F1 Team,American,,,18.0,46.0,0 days 00:01:22.809000,kph,190.457,2019,12
16,1,1,25.0,1,44,Finished,leclerc,16,LEC,http://en.wikipedia.org/wiki/Charles_Leclerc,Charles,Leclerc,1997-10-16,Monegasque,ferrari,https://en.wikipedia.org/wiki/Scuderia_Ferrari,Ferrari,Italian,5025710.0,0 days 01:23:45.710000,4.0,23.0,0 days 00:01:46.664000,kph,236.39,2019,13
44,2,2,18.0,3,44,Finished,hamilton,44,HAM,http://en.wikipedia.org/wiki/Lewis_Hamilton,Lewis,Hamilton,1985-01-07,British,mercedes,https://en.wikipedia.org/wiki/Mercedes-Benz_in_Formula_One,Mercedes,German,5026691.0,0 days 00:00:00.981000,3.0,24.0,0 days 00:01:46.580000,kph,236.577,2019,13
77,3,3,15.0,4,44,Finished,bottas,77,BOT,http://en.wikipedia.org/wiki/Valtteri_Bottas,Valtteri,Bottas,1989-08-28,Finnish,mercedes,https://en.wikipedia.org/wiki/Mercedes-Benz_in_Formula_One,Mercedes,German,5038295.0,0 days 00:00:12.585000,2.0,27.0,0 days 00:01:46.465000,kph,236.832,2019,13
5,4,4,13.0,2,44,Finished,vettel,5,VET,http://en.wikipedia.org/wiki/Sebastian_Vettel,Sebastian,Vettel,1987-07-03,German,ferrari,https://en.wikipedia.org/wiki/Scuderia_Ferrari,Ferrari,Italian,5052132.0,0 days 00:00:26.422000,1.0,36.0,0 days 00:01:46.409000,kph,236.957,2019,13
23,5,5,10.0,17,44,Finished,albon,23,ALB,http://en.wikipedia.org/wiki/Alexander_Albon,Alexander,Albon,1996-03-23,Thai,red_bull,https://en.wikipedia.org/wiki/Red_Bull_Racing,Red Bull,Austrian,5107035.0,0 days 00:01:21.325000,5.0,41.0,0 days 00:01:47.507000,kph,234.537,2019,13
11,6,6,8.0,7,44,Finished,perez,11,PER,http://en.wikipedia.org/wiki/Sergio_P%C3%A9rez,Sergio,Pérez,1990-01-26,Mexican,racing_point,https://en.wikipedia.org/wiki/Racing_Point_F1_Team,Racing Point,British,5110158.0,0 days 00:01:24.448000,13.0,29.0,0 days 00:01:48.781000,kph,231.79,2019,13
26,7,7,6.0,19,44,Finished,kvyat,26,KVY,http://en.wikipedia.org/wiki/Daniil_Kvyat,Daniil,Kvyat,1994-04-26,Russian,toro_rosso,https://en.wikipedia.org/wiki/Scuderia_Toro_Rosso,Toro Rosso,Italian,5115367.0,0 days 00:01:29.657000,7.0,26.0,0 days 00:01:48.143000,kph,233.157,2019,13
27,8,8,4.0,12,44,Finished,hulkenberg,27,HUL,http://en.wikipedia.org/wiki/Nico_H%C3%BClkenberg,Nico,Hülkenberg,1987-08-19,German,renault,https://en.wikipedia.org/wiki/Renault_in_Formula_One,Renault,French,5132349.0,0 days 00:01:46.639000,9.0,34.0,0 days 00:01:48.349000,kph,232.714,2019,13
10,9,9,2.0,13,44,Finished,gasly,10,GAS,http://en.wikipedia.org/wiki/Pierre_Gasly,Pierre,Gasly,1996-02-07,French,toro_rosso,https://en.wikipedia.org/wiki/Scuderia_Toro_Rosso,Toro Rosso,Italian,5134878.0,0 days 00:01:49.168000,17.0,21.0,0 days 00:01:49.700000,kph,229.848,2019,13
18,10,10,1.0,16,44,Finished,stroll,18,STR,http://en.wikipedia.org/wiki/Lance_Stroll,Lance,Stroll,1998-10-29,Canadian,racing_point,https://en.wikipedia.org/wiki/Racing_Point_F1_Team,Racing Point,British,5135548.0,0 days 00:01:49.838000,10.0,34.0,0 days 00:01:48.357000,kph,232.697,2019,13
4,11,11,0.0,11,43,Engine,norris,1,NOR,http://en.wikipedia.org/wiki/Lando_Norris,Lando,Norris,1999-11-13,British,mclaren,https://en.wikipedia.org/wiki/McLaren,McLaren,British,,,8.0,21.0,0 days 00:01:48.321000,kph,232.774,2019,13
20,12,12,0.0,8,43,+1 Lap,kevin_magnussen,20,MAG,http://en.wikipedia.org/wiki/Kevin_Magnussen,Kevin,Magnussen,1992-10-05,Danish,haas,https://en.wikipedia.org/wiki/Haas_F1_Team,Haas F1 Team,American,,,11.0,33.0,0 days 00:01:48.677000,kph,232.012,2019,13
8,13,13,0.0,9,43,+1 Lap,grosjean,8,GRO,http://en.wikipedia.org/wiki/Romain_Grosjean,Romain,Grosjean,1986-04-17,French,haas,https://en.wikipedia.org/wiki/Haas_F1_Team,Haas F1 Team,American,,,16.0,18.0,0 days 00:01:49.274000,kph,230.744,2019,13
3,14,14,0.0,10,43,+1 Lap,ricciardo,3,RIC,http://en.wikipedia.org/wiki/Daniel_Ricciardo,Daniel,Ricciardo,1989-07-01,Australian,renault,https://en.wikipedia.org/wiki/Renault_in_Formula_One,Renault,French,,,18.0,21.0,0 days 00:01:50.451000,kph,228.285,2019,13
63,15,15,0.0,14,43,+1 Lap,russell,63,RUS,http://en.wikipedia.org/wiki/George_Russell_(racing_driver),George,Russell,1998-02-15,British,williams,https://en.wikipedia.org/wiki/Williams_Racing,Williams,British,,,14.0,34.0,0 days 00:01:48.860000,kph,231.622,2019,13
7,16,16,0.0,6,43,+1 Lap,raikkonen,7,RAI,http://en.wikipedia.org/wiki/Kimi_R%C3%A4ikk%C3%B6nen,Kimi,Räikkönen,1979-10-17,Finnish,alfa,https://en.wikipedia.org/wiki/Alfa_Romeo_in_Formula_One,Alfa Romeo,Swiss,,,12.0,37.0,0 days 00:01:48.753000,kph,231.85,2019,13
88,17,17,0.0,0,43,+1 Lap,kubica,88,KUB,http://en.wikipedia.org/wiki/Robert_Kubica,Robert,Kubica,1984-12-07,Polish,williams,https://en.wikipedia.org/wiki/Williams_Racing,Williams,British,,,15.0,33.0,0 days 00:01:49.220000,kph,230.858,2019,13
99,18,18,0.0,18,42,Accident,giovinazzi,99,GIO,http://en.wikipedia.org/wiki/Antonio_Giovinazzi,Antonio,Giovinazzi,1993-12-14,Italian,alfa,https://en.wikipedia.org/wiki/Alfa_Romeo_in_Formula_One,Alfa Romeo,Swiss,,,6.0,31.0,0 days 00:01:47.560000,kph,234.421,2019,13
55,19,R,0.0,15,1,Power loss,sainz,55,SAI,http://en.wikipedia.org/wiki/Carlos_Sainz_Jr.,Carlos,Sainz,1994-09-01,Spanish,mclaren,https://en.wikipedia.org/wiki/McLaren,McLaren,British,,,,,,,,2019,13
33,20,R,0.0,5,0,Accident,max_verstappen,3,VER,http://en.wikipedia.org/wiki/Max_Verstappen,Max,Verstappen,1997-09-30,Dutch,red_bull,https://en.wikipedia.org/wiki/Red_Bull_Racing,Red Bull,Austrian,,,,,,,,2019,13
16,1,1,25.0,1,53,Finished,leclerc,16,LEC,http://en.wikipedia.org/wiki/Charles_Leclerc,Charles,Leclerc,1997-10-16,Monegasque,ferrari,https://en.wikipedia.org/wiki/Scuderia_Ferrari,Ferrari,Italian,4526665.0,0 days 01:15:26.665000,4.0,47.0,0 days 00:01:23.009000,kph,251.235,2019,14
77,2,2,18.0,3,53,Finished,bottas,77,BOT,http://en.wikipedia.org/wiki/Valtteri_Bottas,Valtteri,Bottas,1989-08-28,Finnish,mercedes,https://en.wikipedia.org/wiki/Mercedes-Benz_in_Formula_One,Mercedes,German,4527500.0,0 days 00:00:00.835000,3.0,47.0,0 days 00:01:22.859000,kph,251.69,2019,14
44,3,3,16.0,2,53,Finished,hamilton,44,HAM,http://en.wikipedia.org/wiki/Lewis_Hamilton,Lewis,Hamilton,1985-01-07,British,mercedes,https://en.wikipedia.org/wiki/Mercedes-Benz_in_Formula_One,Mercedes,German,4561864.0,0 days 00:00:35.199000,1.0,51.0,0 days 00:01:21.779000,kph,255.014,2019,14
3,4,4,12.0,5,53,Finished,ricciardo,3,RIC,http://en.wikipedia.org/wiki/Daniel_Ricciardo,Daniel,Ricciardo,1989-07-01,Australian,renault,https://en.wikipedia.org/wiki/Renault_in_Formula_One,Renault,French,4572180.0,0 days 00:00:45.515000,7.0,53.0,0 days 00:01:23.466000,kph,249.859,2019,14
27,5,5,10.0,6,53,Finished,hulkenberg,27,HUL,http://en.wikipedia.org/wiki/Nico_H%C3%BClkenberg,Nico,Hülkenberg,1987-08-19,German,renault,https://en.wikipedia.org/wiki/Renault_in_Formula_One,Renault,French,4584830.0,0 days 00:00:58.165000,8.0,53.0,0 days 00:01:23.641000,kph,249.337,2019,14
23,6,6,8.0,8,53,Finished,albon,23,ALB,http://en.wikipedia.org/wiki/Alexander_Albon,Alexander,Albon,1996-03-23,Thai,red_bull,https://en.wikipedia.org/wiki/Red_Bull_Racing,Red Bull,Austrian,4585980.0,0 days 00:00:59.315000,6.0,45.0,0 days 00:01:23.364000,kph,250.165,2019,14
11,7,7,6.0,18,53,Finished,perez,11,PER,http://en.wikipedia.org/wiki/Sergio_P%C3%A9rez,Sergio,Pérez,1990-01-26,Mexican,racing_point,https://en.wikipedia.org/wiki/Racing_Point_F1_Team,Racing Point,British,4600467.0,0 days 00:01:13.802000,9.0,35.0,0 days 00:01:23.770000,kph,248.953,2019,14
33,8,8,4.0,19,53,Finished,max_verstappen,3,VER,http://en.wikipedia.org/wiki/Max_Verstappen,Max,Verstappen,1997-09-30,Dutch,red_bull,https://en.wikipedia.org/wiki/Red_Bull_Racing,Red Bull,Austrian,4601157.0,0 days 00:01:14.492000,5.0,41.0,0 days 00:01:23.143000,kph,250.83,2019,14
99,9,9,2.0,10,52,+1 Lap,giovinazzi,99,GIO,http://en.wikipedia.org/wiki/Antonio_Giovinazzi,Antonio,Giovinazzi,1993-12-14,Italian,alfa,https://en.wikipedia.org/wiki/Alfa_Romeo_in_Formula_One,Alfa Romeo,Swiss,,,15.0,44.0,0 days 00:01:24.503000,kph,246.793,2019,14
4,10,10,1.0,16,52,+1 Lap,norris,1,NOR,http://en.wikipedia.org/wiki/Lando_Norris,Lando,Norris,1999-11-13,British,mclaren,https://en.wikipedia.org/wiki/McLaren,McLaren,British,,,11.0,52.0,0 days 00:01:24.044000,kph,248.141,2019,14
10,11,11,0.0,17,52,+1 Lap,gasly,10,GAS,http://en.wikipedia.org/wiki/Pierre_Gasly,Pierre,Gasly,1996-02-07,French,toro_rosso,https://en.wikipedia.org/wiki/Scuderia_Toro_Rosso,Toro Rosso,Italian,,,10.0,51.0,0 days 00:01:23.885000,kph,248.611,2019,14
18,12,12,0.0,9,52,+1 Lap,stroll,18,STR,http://en.wikipedia.org/wiki/Lance_Stroll,Lance,Stroll,1998-10-29,Canadian,racing_point,https://en.wikipedia.org/wiki/Racing_Point_F1_Team,Racing Point,British,,,12.0,31.0,0 days 00:01:24.165000,kph,247.784,2019,14
5,13,13,0.0,4,52,+1 Lap,vettel,5,VET,http://en.wikipedia.org/wiki/Sebastian_Vettel,Sebastian,Vettel,1987-07-03,German,ferrari,https://en.wikipedia.org/wiki/Scuderia_Ferrari,Ferrari,Italian,,,2.0,50.0,0 days 00:01:22.799000,kph,251.872,2019,14
63,14,14,0.0,14,52,+1 Lap,russell,63,RUS,http://en.wikipedia.org/wiki/George_Russell_(racing_driver),George,Russell,1998-02-15,British,williams,https://en.wikipedia.org/wiki/Williams_Racing,Williams,British,,,16.0,51.0,0 days 00:01:24.842000,kph,245.807,2019,14
7,15,15,0.0,0,52,+1 Lap,raikkonen,7,RAI,http://en.wikipedia.org/wiki/Kimi_R%C3%A4ikk%C3%B6nen,Kimi,Räikkönen,1979-10-17,Finnish,alfa,https://en.wikipedia.org/wiki/Alfa_Romeo_in_Formula_One,Alfa Romeo,Swiss,,,13.0,52.0,0 days 00:01:24.419000,kph,247.039,2019,14
8,16,16,0.0,13,52,+1 Lap,grosjean,8,GRO,http://en.wikipedia.org/wiki/Romain_Grosjean,Romain,Grosjean,1986-04-17,French,haas,https://en.wikipedia.org/wiki/Haas_F1_Team,Haas F1 Team,American,,,17.0,31.0,0 days 00:01:24.985000,kph,245.393,2019,14
88,17,17,0.0,15,51,+2 Laps,kubica,88,KUB,http://en.wikipedia.org/wiki/Robert_Kubica,Robert,Kubica,1984-12-07,Polish,williams,https://en.wikipedia.org/wiki/Williams_Racing,Williams,British,,,18.0,47.0,0 days 00:01:24.989000,kph,245.382,2019,14
20,18,R,0.0,11,43,Hydraulics,kevin_magnussen,20,MAG,http://en.wikipedia.org/wiki/Kevin_Magnussen,Kevin,Magnussen,1992-10-05,Danish,haas,https://en.wikipedia.org/wiki/Haas_F1_Team,Haas F1 Team,American,,,14.0,38.0,0 days 00:01:24.443000,kph,246.968,2019,14
26,19,R,0.0,12,29,Engine,kvyat,26,KVY,http://en.wikipedia.org/wiki/Daniil_Kvyat,Daniil,Kvyat,1994-04-26,Russian,toro_rosso,https://en.wikipedia.org/wiki/Scuderia_Toro_Rosso,Toro Rosso,Italian,,,20.0,19.0,0 days 00:01:25.772000,kph,243.142,2019,14
55,20,R,0.0,7,27,Wheel,sainz,55,SAI,http://en.wikipedia.org/wiki/Carlos_Sainz_Jr.,Carlos,Sainz,1994-09-01,Spanish,mclaren,https://en.wikipedia.org/wiki/McLaren,McLaren,British,,,19.0,10.0,0 days 00:01:25.637000,kph,243.525,2019,14
5,1,1,25.0,3,61,Finished,vettel,5,VET,http://en.wikipedia.org/wiki/Sebastian_Vettel,Sebastian,Vettel,1987-07-03,German,ferrari,https://en.wikipedia.org/wiki/Scuderia_Ferrari,Ferrari,Italian,7113667.0,0 days 01:58:33.667000,5.0,57.0,0 days 00:01:44.802000,kph,173.916,2019,15
16,2,2,18.0,1,61,Finished,leclerc,16,LEC,http://en.wikipedia.org/wiki/Charles_Leclerc,Charles,Leclerc,1997-10-16,Monegasque,ferrari,https://en.wikipedia.org/wiki/Scuderia_Ferrari,Ferrari,Italian,7116308.0,0 days 00:00:02.641000,4.0,59.0,0 days 00:01:44.723000,kph,174.047,2019,15
33,3,3,15.0,4,61,Finished,max_verstappen,3,VER,http://en.wikipedia.org/wiki/Max_Verstappen,Max,Verstappen,1997-09-30,Dutch,red_bull,https://en.wikipedia.org/wiki/Red_Bull_Racing,Red Bull,Austrian,7117488.0,0 days 00:00:03.821000,8.0,56.0,0 days 00:01:45.176000,kph,173.298,2019,15
44,4,4,12.0,2,61,Finished,hamilton,44,HAM,http://en.wikipedia.org/wiki/Lewis_Hamilton,Lewis,Hamilton,1985-01-07,British,mercedes,https://en.wikipedia.org/wiki/Mercedes-Benz_in_Formula_One,Mercedes,German,7118275.0,0 days 00:00:04.608000,7.0,58.0,0 days 00:01:44.914000,kph,173.73,2019,15
77,5,5,10.0,5,61,Finished,bottas,77,BOT,http://en.wikipedia.org/wiki/Valtteri_Bottas,Valtteri,Bottas,1989-08-28,Finnish,mercedes,https://en.wikipedia.org/wiki/Mercedes-Benz_in_Formula_One,Mercedes,German,7119786.0,0 days 00:00:06.119000,2.0,58.0,0 days 00:01:43.534000,kph,176.046,2019,15
23,6,6,8.0,6,61,Finished,albon,23,ALB,http://en.wikipedia.org/wiki/Alexander_Albon,Alexander,Albon,1996-03-23,Thai,red_bull,https://en.wikipedia.org/wiki/Red_Bull_Racing,Red Bull,Austrian,7125330.0,0 days 00:00:11.663000,9.0,59.0,0 days 00:01:45.260000,kph,173.159,2019,15
4,7,7,6.0,9,61,Finished,norris,1,NOR,http://en.wikipedia.org/wiki/Lando_Norris,Lando,Norris,1999-11-13,British,mclaren,https://en.wikipedia.org/wiki/McLaren,McLaren,British,7128436.0,0 days 00:00:14.769000,11.0,58.0,0 days 00:01:45.716000,kph,172.412,2019,15
10,8,8,4.0,11,61,Finished,gasly,10,GAS,http://en.wikipedia.org/wiki/Pierre_Gasly,Pierre,Gasly,1996-02-07,French,toro_rosso,https://en.wikipedia.org/wiki/Scuderia_Toro_Rosso,Toro Rosso,Italian,7129214.0,0 days 00:00:15.547000,13.0,58.0,0 days 00:01:45.769000,kph,172.326,2019,15
27,9,9,2.0,8,61,Finished,hulkenberg,27,HUL,http://en.wikipedia.org/wiki/Nico_H%C3%BClkenberg,Nico,Hülkenberg,1987-08-19,German,renault,https://en.wikipedia.org/wiki/Renault_in_Formula_One,Renault,French,7130385.0,0 days 00:00:16.718000,12.0,59.0,0 days 00:01:45.765000,kph,172.333,2019,15
99,10,10,1.0,10,61,Finished,giovinazzi,99,GIO,http://en.wikipedia.org/wiki/Antonio_Giovinazzi,Antonio,Giovinazzi,1993-12-14,Italian,alfa,https://en.wikipedia.org/wiki/Alfa_Romeo_in_Formula_One,Alfa Romeo,Swiss,7141522.0,0 days 00:00:27.855000,10.0,59.0,0 days 00:01:45.630000,kph,172.553,2019,15
8,11,11,0.0,17,61,Finished,grosjean,8,GRO,http://en.wikipedia.org/wiki/Romain_Grosjean,Romain,Grosjean,1986-04-17,French,haas,https://en.wikipedia.org/wiki/Haas_F1_Team,Haas F1 Team,American,7149103.0,0 days 00:00:35.436000,16.0,54.0,0 days 00:01:46.274000,kph,171.507,2019,15
55,12,12,0.0,7,61,Finished,sainz,55,SAI,http://en.wikipedia.org/wiki/Carlos_Sainz_Jr.,Carlos,Sainz,1994-09-01,Spanish,mclaren,https://en.wikipedia.org/wiki/McLaren,McLaren,British,7149641.0,0 days 00:00:35.974000,15.0,41.0,0 days 00:01:45.969000,kph,172.001,2019,15
18,13,13,0.0,16,61,Finished,stroll,18,STR,http://en.wikipedia.org/wiki/Lance_Stroll,Lance,Stroll,1998-10-29,Canadian,racing_point,https://en.wikipedia.org/wiki/Racing_Point_F1_Team,Racing Point,British,7150086.0,0 days 00:00:36.419000,6.0,57.0,0 days 00:01:44.896000,kph,173.76,2019,15
3,14,14,0.0,20,61,Finished,ricciardo,3,RIC,http://en.wikipedia.org/wiki/Daniel_Ricciardo,Daniel,Ricciardo,1989-07-01,Australian,renault,https://en.wikipedia.org/wiki/Renault_in_Formula_One,Renault,French,7151327.0,0 days 00:00:37.660000,14.0,55.0,0 days 00:01:45.915000,kph,172.088,2019,15
26,15,15,0.0,14,61,Finished,kvyat,26,KVY,http://en.wikipedia.org/wiki/Daniil_Kvyat,Daniil,Kvyat,1994-04-26,Russian,toro_rosso,https://en.wikipedia.org/wiki/Scuderia_Toro_Rosso,Toro Rosso,Italian,7151845.0,0 days 00:00:38.178000,3.0,57.0,0 days 00:01:44.371000,kph,174.634,2019,15
88,16,16,0.0,19,61,Finished,kubica,88,KUB,http://en.wikipedia.org/wiki/Robert_Kubica,Robert,Kubica,1984-12-07,Polish,williams,https://en.wikipedia.org/wiki/Williams_Racing,Williams,British,7160691.0,0 days 00:00:47.024000,18.0,59.0,0 days 00:01:46.793000,kph,170.674,2019,15
20,17,17,0.0,13,61,Finished,kevin_magnussen,20,MAG,http://en.wikipedia.org/wiki/Kevin_Magnussen,Kevin,Magnussen,1992-10-05,Danish,haas,https://en.wikipedia.org/wiki/Haas_F1_Team,Haas F1 Team,American,7200189.0,0 days 00:01:26.522000,1.0,58.0,0 days 00:01:42.301000,kph,178.168,2019,15
7,18,R,0.0,12,49,Collision,raikkonen,7,RAI,http://en.wikipedia.org/wiki/Kimi_R%C3%A4ikk%C3%B6nen,Kimi,Räikkönen,1979-10-17,Finnish,alfa,https://en.wikipedia.org/wiki/Alfa_Romeo_in_Formula_One,Alfa Romeo,Swiss,,,19.0,18.0,0 days 00:01:47.062000,kph,170.245,2019,15
11,19,R,0.0,15,42,Engine,perez,11,PER,http://en.wikipedia.org/wiki/Sergio_P%C3%A9rez,Sergio,Pérez,1990-01-26,Mexican,racing_point,https://en.wikipedia.org/wiki/Racing_Point_F1_Team,Racing Point,British,,,17.0,15.0,0 days 00:01:46.683000,kph,170.85,2019,15
63,20,R,0.0,18,34,Collision,russell,63,RUS,http://en.wikipedia.org/wiki/George_Russell_(racing_driver),George,Russell,1998-02-15,British,williams,https://en.wikipedia.org/wiki/Williams_Racing,Williams,British,,,20.0,29.0,0 days 00:01:48.285000,kph,168.322,2019,15
44,1,1,26.0,2,53,Finished,hamilton,44,HAM,http://en.wikipedia.org/wiki/Lewis_Hamilton,Lewis,Hamilton,1985-01-07,British,mercedes,https://en.wikipedia.org/wiki/Mercedes-Benz_in_Formula_One,Mercedes,German,5618992.0,0 days 01:33:38.992000,1.0,51.0,0 days 00:01:35.761000,kph,219.847,2019,16
77,2,2,18.0,4,53,Finished,bottas,77,BOT,http://en.wikipedia.org/wiki/Valtteri_Bottas,Valtteri,Bottas,1989-08-28,Finnish,mercedes,https://en.wikipedia.org/wiki/Mercedes-Benz_in_Formula_One,Mercedes,German,5622821.0,0 days 00:00:03.829000,3.0,50.0,0 days 00:01:36.316000,kph,218.58,2019,16
16,3,3,15.0,1,53,Finished,leclerc,16,LEC,http://en.wikipedia.org/wiki/Charles_Leclerc,Charles,Leclerc,1997-10-16,Monegasque,ferrari,https://en.wikipedia.org/wiki/Scuderia_Ferrari,Ferrari,Italian,5624204.0,0 days 00:00:05.212000,2.0,52.0,0 days 00:01:36.193000,kph,218.86,2019,16
33,4,4,12.0,9,53,Finished,max_verstappen,3,VER,http://en.wikipedia.org/wiki/Max_Verstappen,Max,Verstappen,1997-09-30,Dutch,red_bull,https://en.wikipedia.org/wiki/Red_Bull_Racing,Red Bull,Austrian,5633202.0,0 days 00:00:14.210000,5.0,47.0,0 days 00:01:36.937000,kph,217.18,2019,16
23,5,5,10.0,0,53,Finished,albon,23,ALB,http://en.wikipedia.org/wiki/Alexander_Albon,Alexander,Albon,1996-03-23,Thai,red_bull,https://en.wikipedia.org/wiki/Red_Bull_Racing,Red Bull,Austrian,5657340.0,0 days 00:00:38.348000,4.0,50.0,0 days 00:01:36.762000,kph,217.573,2019,16
55,6,6,8.0,5,53,Finished,sainz,55,SAI,http://en.wikipedia.org/wiki/Carlos_Sainz_Jr.,Carlos,Sainz,1994-09-01,Spanish,mclaren,https://en.wikipedia.org/wiki/McLaren,McLaren,British,5664881.0,0 days 00:00:45.889000,6.0,53.0,0 days 00:01:38.020000,kph,214.78,2019,16
11,7,7,6.0,11,53,Finished,perez,11,PER,http://en.wikipedia.org/wiki/Sergio_P%C3%A9rez,Sergio,Pérez,1990-01-26,Mexican,racing_point,https://en.wikipedia.org/wiki/Racing_Point_F1_Team,Racing Point,British,5667720.0,0 days 00:00:48.728000,7.0,49.0,0 days 00:01:38.043000,kph,214.73,2019,16
4,8,8,4.0,7,53,Finished,norris,1,NOR,http://en.wikipedia.org/wiki/Lando_Norris,Lando,Norris,1999-11-13,British,mclaren,https://en.wikipedia.org/wiki/McLaren,McLaren,British,5676741.0,0 days 00:00:57.749000,11.0,52.0,0 days 00:01:38.301000,kph,214.166,2019,16
20,9,9,2.0,13,53,Finished,kevin_magnussen,20,MAG,http://en.wikipedia.org/wiki/Kevin_Magnussen,Kevin,Magnussen,1992-10-05,Danish,haas,https://en.wikipedia.org/wiki/Haas_F1_Team,Haas F1 Team,American,5677771.0,0 days 00:00:58.779000,8.0,53.0,0 days 00:01:38.130000,kph,214.539,2019,16
27,10,10,1.0,6,53,Finished,hulkenberg,27,HUL,http://en.wikipedia.org/wiki/Nico_H%C3%BClkenberg,Nico,Hülkenberg,1987-08-19,German,renault,https://en.wikipedia.org/wiki/Renault_in_Formula_One,Renault,French,5678833.0,0 days 00:00:59.841000,12.0,53.0,0 days 00:01:38.519000,kph,213.692,2019,16
18,11,11,0.0,14,53,Finished,stroll,18,STR,http://en.wikipedia.org/wiki/Lance_Stroll,Lance,Stroll,1998-10-29,Canadian,racing_point,https://en.wikipedia.org/wiki/Racing_Point_F1_Team,Racing Point,British,5679813.0,0 days 00:01:00.821000,15.0,53.0,0 days 00:01:38.611000,kph,213.493,2019,16
26,12,12,0.0,19,53,Finished,kvyat,26,KVY,http://en.wikipedia.org/wiki/Daniil_Kvyat,Daniil,Kvyat,1994-04-26,Russian,toro_rosso,https://en.wikipedia.org/wiki/Scuderia_Toro_Rosso,Toro Rosso,Italian,5681488.0,0 days 00:01:02.496000,9.0,52.0,0 days 00:01:38.228000,kph,214.325,2019,16
7,13,13,0.0,15,53,Finished,raikkonen,7,RAI,http://en.wikipedia.org/wiki/Kimi_R%C3%A4ikk%C3%B6nen,Kimi,Räikkönen,1979-10-17,Finnish,alfa,https://en.wikipedia.org/wiki/Alfa_Romeo_in_Formula_One,Alfa Romeo,Swiss,5687902.0,0 days 00:01:08.910000,13.0,51.0,0 days 00:01:38.589000,kph,213.541,2019,16
10,14,14,0.0,16,53,Finished,gasly,10,GAS,http://en.wikipedia.org/wiki/Pierre_Gasly,Pierre,Gasly,1996-02-07,French,toro_rosso,https://en.wikipedia.org/wiki/Scuderia_Toro_Rosso,Toro Rosso,Italian,5689068.0,0 days 00:01:10.076000,14.0,51.0,0 days 00:01:38.606000,kph,213.504,2019,16
99,15,15,0.0,12,53,Finished,giovinazzi,99,GIO,http://en.wikipedia.org/wiki/Antonio_Giovinazzi,Antonio,Giovinazzi,1993-12-14,Italian,alfa,https://en.wikipedia.org/wiki/Alfa_Romeo_in_Formula_One,Alfa Romeo,Swiss,5692338.0,0 days 00:01:13.346000,16.0,51.0,0 days 00:01:38.696000,kph,213.309,2019,16
88,16,R,0.0,18,28,Brakes,kubica,88,KUB,http://en.wikipedia.org/wiki/Robert_Kubica,Robert,Kubica,1984-12-07,Polish,williams,https://en.wikipedia.org/wiki/Williams_Racing,Williams,British,,,19.0,24.0,0 days 00:01:42.327000,kph,205.74,2019,16
63,17,R,0.0,17,27,Brakes,russell,63,RUS,http://en.wikipedia.org/wiki/George_Russell_(racing_driver),George,Russell,1998-02-15,British,williams,https://en.wikipedia.org/wiki/Williams_Racing,Williams,British,,,18.0,18.0,0 days 00:01:41.705000,kph,206.998,2019,16
5,18,R,0.0,3,26,Power loss,vettel,5,VET,http://en.wikipedia.org/wiki/Sebastian_Vettel,Sebastian,Vettel,1987-07-03,German,ferrari,https://en.wikipedia.org/wiki/Scuderia_Ferrari,Ferrari,Italian,,,10.0,16.0,0 days 00:01:38.245000,kph,214.288,2019,16
3,19,R,0.0,10,24,Collision,ricciardo,3,RIC,http://en.wikipedia.org/wiki/Daniel_Ricciardo,Daniel,Ricciardo,1989-07-01,Australian,renault,https://en.wikipedia.org/wiki/Renault_in_Formula_One,Renault,French,,,17.0,22.0,0 days 00:01:41.284000,kph,207.859,2019,16
8,20,R,0.0,8,0,Collision,grosjean,8,GRO,http://en.wikipedia.org/wiki/Romain_Grosjean,Romain,Grosjean,1986-04-17,French,haas,https://en.wikipedia.org/wiki/Haas_F1_Team,Haas F1 Team,American,,,,,,,,2019,16
77,1,1,25.0,3,52,Finished,bottas,77,BOT,http://en.wikipedia.org/wiki/Valtteri_Bottas,Valtteri,Bottas,1989-08-28,Finnish,mercedes,https://en.wikipedia.org/wiki/Mercedes-Benz_in_Formula_One,Mercedes,German,4906755.0,0 days 01:21:46.755000,4.0,49.0,0 days 00:01:31.862000,kph,227.571,2019,17
5,2,2,18.0,1,52,Finished,vettel,5,VET,http://en.wikipedia.org/wiki/Sebastian_Vettel,Sebastian,Vettel,1987-07-03,German,ferrari,https://en.wikipedia.org/wiki/Scuderia_Ferrari,Ferrari,Italian,4920098.0,0 days 00:00:13.343000,5.0,38.0,0 days 00:01:32.122000,kph,226.929,2019,17
44,3,3,16.0,4,52,Finished,hamilton,44,HAM,http://en.wikipedia.org/wiki/Lewis_Hamilton,Lewis,Hamilton,1985-01-07,British,mercedes,https://en.wikipedia.org/wiki/Mercedes-Benz_in_Formula_One,Mercedes,German,4920613.0,0 days 00:00:13.858000,1.0,45.0,0 days 00:01:30.983000,kph,229.77,2019,17
23,4,4,12.0,6,52,Finished,albon,23,ALB,http://en.wikipedia.org/wiki/Alexander_Albon,Alexander,Albon,1996-03-23,Thai,red_bull,https://en.wikipedia.org/wiki/Red_Bull_Racing,Red Bull,Austrian,4966292.0,0 days 00:00:59.537000,8.0,36.0,0 days 00:01:32.775000,kph,225.332,2019,17
55,5,5,10.0,7,52,Finished,sainz,55,SAI,http://en.wikipedia.org/wiki/Carlos_Sainz_Jr.,Carlos,Sainz,1994-09-01,Spanish,mclaren,https://en.wikipedia.org/wiki/McLaren,McLaren,British,4975856.0,0 days 00:01:09.101000,12.0,46.0,0 days 00:01:33.563000,kph,223.434,2019,17
16,6,6,8.0,2,51,+1 Lap,leclerc,16,LEC,http://en.wikipedia.org/wiki/Charles_Leclerc,Charles,Leclerc,1997-10-16,Monegasque,ferrari,https://en.wikipedia.org/wiki/Scuderia_Ferrari,Ferrari,Italian,,,2.0,48.0,0 days 00:01:31.611000,kph,228.195,2019,17
10,7,7,6.0,9,51,+1 Lap,gasly,10,GAS,http://en.wikipedia.org/wiki/Pierre_Gasly,Pierre,Gasly,1996-02-07,French,toro_rosso,https://en.wikipedia.org/wiki/Scuderia_Toro_Rosso,Toro Rosso,Italian,,,17.0,43.0,0 days 00:01:35.321000,kph,219.313,2019,17
11,8,8,4.0,17,51,+1 Lap,perez,11,PER,http://en.wikipedia.org/wiki/Sergio_P%C3%A9rez,Sergio,Pérez,1990-01-26,Mexican,racing_point,https://en.wikipedia.org/wiki/Racing_Point_F1_Team,Racing Point,British,,,7.0,46.0,0 days 00:01:32.621000,kph,225.706,2019,17
18,9,9,2.0,12,51,+1 Lap,stroll,18,STR,http://en.wikipedia.org/wiki/Lance_Stroll,Lance,Stroll,1998-10-29,Canadian,racing_point,https://en.wikipedia.org/wiki/Racing_Point_F1_Team,Racing Point,British,,,14.0,26.0,0 days 00:01:34.713000,kph,220.721,2019,17
26,10,10,1.0,14,51,+1 Lap,kvyat,26,KVY,http://en.wikipedia.org/wiki/Daniil_Kvyat,Daniil,Kvyat,1994-04-26,Russian,toro_rosso,https://en.wikipedia.org/wiki/Scuderia_Toro_Rosso,Toro Rosso,Italian,,,10.0,47.0,0 days 00:01:33.239000,kph,224.21,2019,17
4,11,11,0.0,8,51,+1 Lap,norris,1,NOR,http://en.wikipedia.org/wiki/Lando_Norris,Lando,Norris,1999-11-13,British,mclaren,https://en.wikipedia.org/wiki/McLaren,McLaren,British,,,13.0,31.0,0 days 00:01:34.116000,kph,222.121,2019,17
7,12,12,0.0,13,51,+1 Lap,raikkonen,7,RAI,http://en.wikipedia.org/wiki/Kimi_R%C3%A4ikk%C3%B6nen,Kimi,Räikkönen,1979-10-17,Finnish,alfa,https://en.wikipedia.org/wiki/Alfa_Romeo_in_Formula_One,Alfa Romeo,Swiss,,,9.0,50.0,0 days 00:01:33.190000,kph,224.328,2019,17
8,13,13,0.0,10,51,+1 Lap,grosjean,8,GRO,http://en.wikipedia.org/wiki/Romain_Grosjean,Romain,Grosjean,1986-04-17,French,haas,https://en.wikipedia.org/wiki/Haas_F1_Team,Haas F1 Team,American,,,16.0,18.0,0 days 00:01:34.988000,kph,220.082,2019,17
99,14,14,0.0,11,51,+1 Lap,giovinazzi,99,GIO,http://en.wikipedia.org/wiki/Antonio_Giovinazzi,Antonio,Giovinazzi,1993-12-14,Italian,alfa,https://en.wikipedia.org/wiki/Alfa_Romeo_in_Formula_One,Alfa Romeo,Swiss,,,6.0,51.0,0 days 00:01:32.369000,kph,226.322,2019,17
20,15,15,0.0,19,51,+1 Lap,kevin_magnussen,20,MAG,http://en.wikipedia.org/wiki/Kevin_Magnussen,Kevin,Magnussen,1992-10-05,Danish,haas,https://en.wikipedia.org/wiki/Haas_F1_Team,Haas F1 Team,American,,,3.0,49.0,0 days 00:01:31.732000,kph,227.894,2019,17
63,16,16,0.0,18,50,+2 Laps,russell,63,RUS,http://en.wikipedia.org/wiki/George_Russell_(racing_driver),George,Russell,1998-02-15,British,williams,https://en.wikipedia.org/wiki/Williams_Racing,Williams,British,,,18.0,27.0,0 days 00:01:35.458000,kph,218.998,2019,17
88,17,17,0.0,0,50,+2 Laps,kubica,88,KUB,http://en.wikipedia.org/wiki/Robert_Kubica,Robert,Kubica,1984-12-07,Polish,williams,https://en.wikipedia.org/wiki/Williams_Racing,Williams,British,,,19.0,44.0,0 days 00:01:36.332000,kph,217.012,2019,17
33,18,R,0.0,5,14,Brakes,max_verstappen,3,VER,http://en.wikipedia.org/wiki/Max_Verstappen,Max,Verstappen,1997-09-30,Dutch,red_bull,https://en.wikipedia.org/wiki/Red_Bull_Racing,Red Bull,Austrian,,,20.0,10.0,0 days 00:01:37.249000,kph,214.965,2019,17
3,19,D,0.0,16,51,Disqualified,ricciardo,3,RIC,http://en.wikipedia.org/wiki/Daniel_Ricciardo,Daniel,Ricciardo,1989-07-01,Australian,renault,https://en.wikipedia.org/wiki/Renault_in_Formula_One,Renault,French,,,11.0,48.0,0 days 00:01:33.481000,kph,223.63,2019,17
27,20,D,0.0,15,51,Disqualified,hulkenberg,27,HUL,http://en.wikipedia.org/wiki/Nico_H%C3%BClkenberg,Nico,Hülkenberg,1987-08-19,German,renault,https://en.wikipedia.org/wiki/Renault_in_Formula_One,Renault,French,,,15.0,47.0,0 days 00:01:34.921000,kph,220.237,2019,17
44,1,1,25.0,3,71,Finished,hamilton,44,HAM,http://en.wikipedia.org/wiki/Lewis_Hamilton,Lewis,Hamilton,1985-01-07,British,mercedes,https://en.wikipedia.org/wiki/Mercedes-Benz_in_Formula_One,Mercedes,German,5808904.0,0 days 01:36:48.904000,4.0,66.0,0 days 00:01:19.461000,kph,194.993,2019,18
5,2,2,18.0,2,71,Finished,vettel,5,VET,http://en.wikipedia.org/wiki/Sebastian_Vettel,Sebastian,Vettel,1987-07-03,German,ferrari,https://en.wikipedia.org/wiki/Scuderia_Ferrari,Ferrari,Italian,5810670.0,0 days 00:00:01.766000,3.0,68.0,0 days 00:01:19.381000,kph,195.19,2019,18
77,3,3,15.0,6,71,Finished,bottas,77,BOT,http://en.wikipedia.org/wiki/Valtteri_Bottas,Valtteri,Bottas,1989-08-28,Finnish,mercedes,https://en.wikipedia.org/wiki/Mercedes-Benz_in_Formula_One,Mercedes,German,5812457.0,0 days 00:00:03.553000,5.0,66.0,0 days 00:01:19.494000,kph,194.912,2019,18
16,4,4,13.0,1,71,Finished,leclerc,16,LEC,http://en.wikipedia.org/wiki/Charles_Leclerc,Charles,Leclerc,1997-10-16,Monegasque,ferrari,https://en.wikipedia.org/wiki/Scuderia_Ferrari,Ferrari,Italian,5815272.0,0 days 00:00:06.368000,1.0,53.0,0 days 00:01:19.232000,kph,195.557,2019,18
23,5,5,10.0,5,71,Finished,albon,23,ALB,http://en.wikipedia.org/wiki/Alexander_Albon,Alexander,Albon,1996-03-23,Thai,red_bull,https://en.wikipedia.org/wiki/Red_Bull_Racing,Red Bull,Austrian,5830303.0,0 days 00:00:21.399000,2.0,48.0,0 days 00:01:19.325000,kph,195.328,2019,18
33,6,6,8.0,4,71,Finished,max_verstappen,3,VER,http://en.wikipedia.org/wiki/Max_Verstappen,Max,Verstappen,1997-09-30,Dutch,red_bull,https://en.wikipedia.org/wiki/Red_Bull_Racing,Red Bull,Austrian,5877711.0,0 days 00:01:08.807000,11.0,65.0,0 days 00:01:20.406000,kph,192.702,2019,18
11,7,7,6.0,11,71,Finished,perez,11,PER,http://en.wikipedia.org/wiki/Sergio_P%C3%A9rez,Sergio,Pérez,1990-01-26,Mexican,racing_point,https://en.wikipedia.org/wiki/Racing_Point_F1_Team,Racing Point,British,5882723.0,0 days 00:01:13.819000,12.0,70.0,0 days 00:01:20.485000,kph,192.512,2019,18
3,8,8,4.0,13,71,Finished,ricciardo,3,RIC,http://en.wikipedia.org/wiki/Daniel_Ricciardo,Daniel,Ricciardo,1989-07-01,Australian,renault,https://en.wikipedia.org/wiki/Renault_in_Formula_One,Renault,French,5883828.0,0 days 00:01:14.924000,9.0,53.0,0 days 00:01:20.146000,kph,193.327,2019,18
10,9,9,2.0,10,70,+1 Lap,gasly,10,GAS,http://en.wikipedia.org/wiki/Pierre_Gasly,Pierre,Gasly,1996-02-07,French,toro_rosso,https://en.wikipedia.org/wiki/Scuderia_Toro_Rosso,Toro Rosso,Italian,,,6.0,53.0,0 days 00:01:19.530000,kph,194.824,2019,18
27,10,10,1.0,12,70,+1 Lap,hulkenberg,27,HUL,http://en.wikipedia.org/wiki/Nico_H%C3%BClkenberg,Nico,Hülkenberg,1987-08-19,German,renault,https://en.wikipedia.org/wiki/Renault_in_Formula_One,Renault,French,,,14.0,59.0,0 days 00:01:20.791000,kph,191.783,2019,18
26,11,11,0.0,9,70,+1 Lap,kvyat,26,KVY,http://en.wikipedia.org/wiki/Daniil_Kvyat,Daniil,Kvyat,1994-04-26,Russian,toro_rosso,https://en.wikipedia.org/wiki/Scuderia_Toro_Rosso,Toro Rosso,Italian,,,7.0,48.0,0 days 00:01:19.905000,kph,193.91,2019,18
18,12,12,0.0,16,70,+1 Lap,stroll,18,STR,http://en.wikipedia.org/wiki/Lance_Stroll,Lance,Stroll,1998-10-29,Canadian,racing_point,https://en.wikipedia.org/wiki/Racing_Point_F1_Team,Racing Point,British,,,15.0,68.0,0 days 00:01:20.922000,kph,191.473,2019,18
55,13,13,0.0,7,70,+1 Lap,sainz,55,SAI,http://en.wikipedia.org/wiki/Carlos_Sainz_Jr.,Carlos,Sainz,1994-09-01,Spanish,mclaren,https://en.wikipedia.org/wiki/McLaren,McLaren,British,,,10.0,66.0,0 days 00:01:20.311000,kph,192.929,2019,18
99,14,14,0.0,15,70,+1 Lap,giovinazzi,99,GIO,http://en.wikipedia.org/wiki/Antonio_Giovinazzi,Antonio,Giovinazzi,1993-12-14,Italian,alfa,https://en.wikipedia.org/wiki/Alfa_Romeo_in_Formula_One,Alfa Romeo,Swiss,,,16.0,65.0,0 days 00:01:21.014000,kph,191.255,2019,18
20,15,15,0.0,17,69,+2 Laps,kevin_magnussen,20,MAG,http://en.wikipedia.org/wiki/Kevin_Magnussen,Kevin,Magnussen,1992-10-05,Danish,haas,https://en.wikipedia.org/wiki/Haas_F1_Team,Haas F1 Team,American,,,20.0,53.0,0 days 00:01:21.682000,kph,189.691,2019,18
63,16,16,0.0,19,69,+2 Laps,russell,63,RUS,http://en.wikipedia.org/wiki/George_Russell_(racing_driver),George,Russell,1998-02-15,British,williams,https://en.wikipedia.org/wiki/Williams_Racing,Williams,British,,,17.0,69.0,0 days 00:01:21.286000,kph,190.615,2019,18
8,17,17,0.0,18,69,+2 Laps,grosjean,8,GRO,http://en.wikipedia.org/wiki/Romain_Grosjean,Romain,Grosjean,1986-04-17,French,haas,https://en.wikipedia.org/wiki/Haas_F1_Team,Haas F1 Team,American,,,18.0,68.0,0 days 00:01:21.581000,kph,189.926,2019,18
88,18,18,0.0,20,69,+2 Laps,kubica,88,KUB,http://en.wikipedia.org/wiki/Robert_Kubica,Robert,Kubica,1984-12-07,Polish,williams,https://en.wikipedia.org/wiki/Williams_Racing,Williams,British,,,13.0,63.0,0 days 00:01:20.696000,kph,192.009,2019,18
7,19,R,0.0,14,58,Overheating,raikkonen,7,RAI,http://en.wikipedia.org/wiki/Kimi_R%C3%A4ikk%C3%B6nen,Kimi,Räikkönen,1979-10-17,Finnish,alfa,https://en.wikipedia.org/wiki/Alfa_Romeo_in_Formula_One,Alfa Romeo,Swiss,,,8.0,55.0,0 days 00:01:20.082000,kph,193.481,2019,18
4,20,W,0.0,8,48,Withdrew,norris,1,NOR,http://en.wikipedia.org/wiki/Lando_Norris,Lando,Norris,1999-11-13,British,mclaren,https://en.wikipedia.org/wiki/McLaren,McLaren,British,,,19.0,46.0,0 days 00:01:21.643000,kph,189.782,2019,18
77,1,1,25.0,1,56,Finished,bottas,77,BOT,http://en.wikipedia.org/wiki/Valtteri_Bottas,Valtteri,Bottas,1989-08-28,Finnish,mercedes,https://en.wikipedia.org/wiki/Mercedes-Benz_in_Formula_One,Mercedes,German,5635653.0,0 days 01:33:55.653000,2.0,37.0,0 days 00:01:36.957000,kph,204.696,2019,19
44,2,2,18.0,5,56,Finished,hamilton,44,HAM,http://en.wikipedia.org/wiki/Lewis_Hamilton,Lewis,Hamilton,1985-01-07,British,mercedes,https://en.wikipedia.org/wiki/Mercedes-Benz_in_Formula_One,Mercedes,German,5639801.0,0 days 00:00:04.148000,7.0,26.0,0 days 00:01:38.446000,kph,201.6,2019,19
33,3,3,15.0,3,56,Finished,max_verstappen,3,VER,http://en.wikipedia.org/wiki/Max_Verstappen,Max,Verstappen,1997-09-30,Dutch,red_bull,https://en.wikipedia.org/wiki/Red_Bull_Racing,Red Bull,Austrian,5640655.0,0 days 00:00:05.002000,5.0,42.0,0 days 00:01:38.214000,kph,202.077,2019,19
16,4,4,13.0,4,56,Finished,leclerc,16,LEC,http://en.wikipedia.org/wiki/Charles_Leclerc,Charles,Leclerc,1997-10-16,Monegasque,ferrari,https://en.wikipedia.org/wiki/Scuderia_Ferrari,Ferrari,Italian,5687892.0,0 days 00:00:52.239000,1.0,44.0,0 days 00:01:36.169000,kph,206.374,2019,19
23,5,5,10.0,6,56,Finished,albon,23,ALB,http://en.wikipedia.org/wiki/Alexander_Albon,Alexander,Albon,1996-03-23,Thai,red_bull,https://en.wikipedia.org/wiki/Red_Bull_Racing,Red Bull,Austrian,5713691.0,0 days 00:01:18.038000,3.0,42.0,0 days 00:01:38.029000,kph,202.458,2019,19
3,6,6,8.0,9,56,Finished,ricciardo,3,RIC,http://en.wikipedia.org/wiki/Daniel_Ricciardo,Daniel,Ricciardo,1989-07-01,Australian,renault,https://en.wikipedia.org/wiki/Renault_in_Formula_One,Renault,French,5726019.0,0 days 00:01:30.366000,14.0,28.0,0 days 00:01:40.564000,kph,197.354,2019,19
4,7,7,6.0,8,56,Finished,norris,1,NOR,http://en.wikipedia.org/wiki/Lando_Norris,Lando,Norris,1999-11-13,British,mclaren,https://en.wikipedia.org/wiki/McLaren,McLaren,British,5726417.0,0 days 00:01:30.764000,4.0,44.0,0 days 00:01:38.074000,kph,202.365,2019,19
55,8,8,4.0,7,55,+1 Lap,sainz,55,SAI,http://en.wikipedia.org/wiki/Carlos_Sainz_Jr.,Carlos,Sainz,1994-09-01,Spanish,mclaren,https://en.wikipedia.org/wiki/McLaren,McLaren,British,,,15.0,44.0,0 days 00:01:40.844000,kph,196.806,2019,19
27,9,9,2.0,11,55,+1 Lap,hulkenberg,27,HUL,http://en.wikipedia.org/wiki/Nico_H%C3%BClkenberg,Nico,Hülkenberg,1987-08-19,German,renault,https://en.wikipedia.org/wiki/Renault_in_Formula_One,Renault,French,,,6.0,47.0,0 days 00:01:38.437000,kph,201.619,2019,19
11,10,10,1.0,0,55,+1 Lap,perez,11,PER,http://en.wikipedia.org/wiki/Sergio_P%C3%A9rez,Sergio,Pérez,1990-01-26,Mexican,racing_point,https://en.wikipedia.org/wiki/Racing_Point_F1_Team,Racing Point,British,,,11.0,34.0,0 days 00:01:40.165000,kph,198.141,2019,19
7,11,11,0.0,17,55,+1 Lap,raikkonen,7,RAI,http://en.wikipedia.org/wiki/Kimi_R%C3%A4ikk%C3%B6nen,Kimi,Räikkönen,1979-10-17,Finnish,alfa,https://en.wikipedia.org/wiki/Alfa_Romeo_in_Formula_One,Alfa Romeo,Swiss,,,9.0,46.0,0 days 00:01:39.608000,kph,199.249,2019,19
26,12,12,0.0,13,55,+1 Lap,kvyat,26,KVY,http://en.wikipedia.org/wiki/Daniil_Kvyat,Daniil,Kvyat,1994-04-26,Russian,toro_rosso,https://en.wikipedia.org/wiki/Scuderia_Toro_Rosso,Toro Rosso,Italian,,,8.0,41.0,0 days 00:01:38.969000,kph,200.535,2019,19
18,13,13,0.0,14,55,+1 Lap,stroll,18,STR,http://en.wikipedia.org/wiki/Lance_Stroll,Lance,Stroll,1998-10-29,Canadian,racing_point,https://en.wikipedia.org/wiki/Racing_Point_F1_Team,Racing Point,British,,,13.0,42.0,0 days 00:01:40.380000,kph,197.716,2019,19
99,14,14,0.0,16,55,+1 Lap,giovinazzi,99,GIO,http://en.wikipedia.org/wiki/Antonio_Giovinazzi,Antonio,Giovinazzi,1993-12-14,Italian,alfa,https://en.wikipedia.org/wiki/Alfa_Romeo_in_Formula_One,Alfa Romeo,Swiss,,,10.0,41.0,0 days 00:01:39.964000,kph,198.539,2019,19
8,15,15,0.0,15,55,+1 Lap,grosjean,8,GRO,http://en.wikipedia.org/wiki/Romain_Grosjean,Romain,Grosjean,1986-04-17,French,haas,https://en.wikipedia.org/wiki/Haas_F1_Team,Haas F1 Team,American,,,18.0,52.0,0 days 00:01:41.270000,kph,195.979,2019,19
10,16,16,0.0,10,54,Suspension,gasly,10,GAS,http://en.wikipedia.org/wiki/Pierre_Gasly,Pierre,Gasly,1996-02-07,French,toro_rosso,https://en.wikipedia.org/wiki/Scuderia_Toro_Rosso,Toro Rosso,Italian,,,16.0,31.0,0 days 00:01:40.850000,kph,196.795,2019,19
63,17,17,0.0,18,54,+2 Laps,russell,63,RUS,http://en.wikipedia.org/wiki/George_Russell_(racing_driver),George,Russell,1998-02-15,British,williams,https://en.wikipedia.org/wiki/Williams_Racing,Williams,British,,,17.0,54.0,0 days 00:01:41.239000,kph,196.039,2019,19
20,18,18,0.0,12,52,Brakes,kevin_magnussen,20,MAG,http://en.wikipedia.org/wiki/Kevin_Magnussen,Kevin,Magnussen,1992-10-05,Danish,haas,https://en.wikipedia.org/wiki/Haas_F1_Team,Haas F1 Team,American,,,12.0,42.0,0 days 00:01:40.347000,kph,197.781,2019,19
88,19,R,0.0,19,31,Oil leak,kubica,88,KUB,http://en.wikipedia.org/wiki/Robert_Kubica,Robert,Kubica,1984-12-07,Polish,williams,https://en.wikipedia.org/wiki/Williams_Racing,Williams,British,,,20.0,22.0,0 days 00:01:43.830000,kph,191.147,2019,19
5,20,R,0.0,2,7,Suspension,vettel,5,VET,http://en.wikipedia.org/wiki/Sebastian_Vettel,Sebastian,Vettel,1987-07-03,German,ferrari,https://en.wikipedia.org/wiki/Scuderia_Ferrari,Ferrari,Italian,,,19.0,6.0,0 days 00:01:42.165000,kph,194.262,2019,19
33,1,1,25.0,1,71,Finished,max_verstappen,3,VER,http://en.wikipedia.org/wiki/Max_Verstappen,Max,Verstappen,1997-09-30,Dutch,red_bull,https://en.wikipedia.org/wiki/Red_Bull_Racing,Red Bull,Austrian,5594678.0,0 days 01:33:14.678000,2.0,61.0,0 days 00:01:10.862000,kph,218.909,2019,20
10,2,2,18.0,6,71,Finished,gasly,10,GAS,http://en.wikipedia.org/wiki/Pierre_Gasly,Pierre,Gasly,1996-02-07,French,toro_rosso,https://en.wikipedia.org/wiki/Scuderia_Toro_Rosso,Toro Rosso,Italian,5600755.0,0 days 00:00:06.077000,9.0,65.0,0 days 00:01:12.425000,kph,214.185,2019,20
55,3,3,15.0,20,71,Finished,sainz,55,SAI,http://en.wikipedia.org/wiki/Carlos_Sainz_Jr.,Carlos,Sainz,1994-09-01,Spanish,mclaren,https://en.wikipedia.org/wiki/McLaren,McLaren,British,5603574.0,0 days 00:00:08.896000,16.0,63.0,0 days 00:01:13.158000,kph,212.039,2019,20
7,4,4,12.0,8,71,Finished,raikkonen,7,RAI,http://en.wikipedia.org/wiki/Kimi_R%C3%A4ikk%C3%B6nen,Kimi,Räikkönen,1979-10-17,Finnish,alfa,https://en.wikipedia.org/wiki/Alfa_Romeo_in_Formula_One,Alfa Romeo,Swiss,5604130.0,0 days 00:00:09.452000,15.0,65.0,0 days 00:01:13.135000,kph,212.106,2019,20
99,5,5,10.0,12,71,Finished,giovinazzi,99,GIO,http://en.wikipedia.org/wiki/Antonio_Giovinazzi,Antonio,Giovinazzi,1993-12-14,Italian,alfa,https://en.wikipedia.org/wiki/Alfa_Romeo_in_Formula_One,Alfa Romeo,Swiss,5604879.0,0 days 00:00:10.201000,14.0,49.0,0 days 00:01:13.020000,kph,212.44,2019,20
3,6,6,8.0,11,71,Finished,ricciardo,3,RIC,http://en.wikipedia.org/wiki/Daniel_Ricciardo,Daniel,Ricciardo,1989-07-01,Australian,renault,https://en.wikipedia.org/wiki/Renault_in_Formula_One,Renault,French,5605219.0,0 days 00:00:10.541000,11.0,44.0,0 days 00:01:12.733000,kph,213.278,2019,20
44,7,7,6.0,3,71,Finished,hamilton,44,HAM,http://en.wikipedia.org/wiki/Lewis_Hamilton,Lewis,Hamilton,1985-01-07,British,mercedes,https://en.wikipedia.org/wiki/Mercedes-Benz_in_Formula_One,Mercedes,German,5605817.0,0 days 00:00:11.139000,3.0,46.0,0 days 00:01:11.082000,kph,218.232,2019,20
4,8,8,4.0,10,71,Finished,norris,1,NOR,http://en.wikipedia.org/wiki/Lando_Norris,Lando,Norris,1999-11-13,British,mclaren,https://en.wikipedia.org/wiki/McLaren,McLaren,British,5605882.0,0 days 00:00:11.204000,7.0,63.0,0 days 00:01:12.328000,kph,214.472,2019,20
11,9,9,2.0,15,71,Finished,perez,11,PER,http://en.wikipedia.org/wiki/Sergio_P%C3%A9rez,Sergio,Pérez,1990-01-26,Mexican,racing_point,https://en.wikipedia.org/wiki/Racing_Point_F1_Team,Racing Point,British,5606207.0,0 days 00:00:11.529000,12.0,64.0,0 days 00:01:12.840000,kph,212.965,2019,20
26,10,10,1.0,16,71,Finished,kvyat,26,KVY,http://en.wikipedia.org/wiki/Daniil_Kvyat,Daniil,Kvyat,1994-04-26,Russian,toro_rosso,https://en.wikipedia.org/wiki/Scuderia_Toro_Rosso,Toro Rosso,Italian,5606609.0,0 days 00:00:11.931000,8.0,49.0,0 days 00:01:12.385000,kph,214.304,2019,20
20,11,11,0.0,9,71,Finished,kevin_magnussen,20,MAG,http://en.wikipedia.org/wiki/Kevin_Magnussen,Kevin,Magnussen,1992-10-05,Danish,haas,https://en.wikipedia.org/wiki/Haas_F1_Team,Haas F1 Team,American,5607410.0,0 days 00:00:12.732000,17.0,65.0,0 days 00:01:13.262000,kph,211.738,2019,20
63,12,12,0.0,18,71,Finished,russell,63,RUS,http://en.wikipedia.org/wiki/George_Russell_(racing_driver),George,Russell,1998-02-15,British,williams,https://en.wikipedia.org/wiki/Williams_Racing,Williams,British,5608277.0,0 days 00:00:13.599000,19.0,57.0,0 days 00:01:13.752000,kph,210.331,2019,20
8,13,13,0.0,7,71,Finished,grosjean,8,GRO,http://en.wikipedia.org/wiki/Romain_Grosjean,Romain,Grosjean,1986-04-17,French,haas,https://en.wikipedia.org/wiki/Haas_F1_Team,Haas F1 Team,American,5608925.0,0 days 00:00:14.247000,18.0,29.0,0 days 00:01:13.619000,kph,210.711,2019,20
23,14,14,0.0,5,71,Finished,albon,23,ALB,http://en.wikipedia.org/wiki/Alexander_Albon,Alexander,Albon,1996-03-23,Thai,red_bull,https://en.wikipedia.org/wiki/Red_Bull_Racing,Red Bull,Austrian,5609605.0,0 days 00:00:14.927000,4.0,52.0,0 days 00:01:11.087000,kph,218.217,2019,20
27,15,15,0.0,13,71,Finished,hulkenberg,27,HUL,http://en.wikipedia.org/wiki/Nico_H%C3%BClkenberg,Nico,Hülkenberg,1987-08-19,German,renault,https://en.wikipedia.org/wiki/Renault_in_Formula_One,Renault,French,5612737.0,0 days 00:00:18.059000,13.0,64.0,0 days 00:01:12.934000,kph,212.69,2019,20
88,16,16,0.0,19,70,+1 Lap,kubica,88,KUB,http://en.wikipedia.org/wiki/Robert_Kubica,Robert,Kubica,1984-12-07,Polish,williams,https://en.wikipedia.org/wiki/Williams_Racing,Williams,British,,,20.0,63.0,0 days 00:01:14.553000,kph,208.072,2019,20
5,17,17,0.0,2,65,Collision,vettel,5,VET,http://en.wikipedia.org/wiki/Sebastian_Vettel,Sebastian,Vettel,1987-07-03,German,ferrari,https://en.wikipedia.org/wiki/Scuderia_Ferrari,Ferrari,Italian,,,5.0,51.0,0 days 00:01:11.384000,kph,217.309,2019,20
16,18,18,0.0,14,65,Collision,leclerc,16,LEC,http://en.wikipedia.org/wiki/Charles_Leclerc,Charles,Leclerc,1997-10-16,Monegasque,ferrari,https://en.wikipedia.org/wiki/Scuderia_Ferrari,Ferrari,Italian,,,6.0,63.0,0 days 00:01:11.423000,kph,217.19,2019,20
18,19,19,0.0,17,65,Suspension,stroll,18,STR,http://en.wikipedia.org/wiki/Lance_Stroll,Lance,Stroll,1998-10-29,Canadian,racing_point,https://en.wikipedia.org/wiki/Racing_Point_F1_Team,Racing Point,British,,,10.0,65.0,0 days 00:01:12.603000,kph,213.66,2019,20
77,20,R,0.0,4,51,Power Unit,bottas,77,BOT,http://en.wikipedia.org/wiki/Valtteri_Bottas,Valtteri,Bottas,1989-08-28,Finnish,mercedes,https://en.wikipedia.org/wiki/Mercedes-Benz_in_Formula_One,Mercedes,German,,,1.0,43.0,0 days 00:01:10.698000,kph,219.417,2019,20
44,1,1,26.0,1,55,Finished,hamilton,44,HAM,http://en.wikipedia.org/wiki/Lewis_Hamilton,Lewis,Hamilton,1985-01-07,British,mercedes,https://en.wikipedia.org/wiki/Mercedes-Benz_in_Formula_One,Mercedes,German,5645715.0,0 days 01:34:05.715000,1.0,53.0,0 days 00:01:39.283000,kph,201.387,2019,21
33,2,2,18.0,2,55,Finished,max_verstappen,3,VER,http://en.wikipedia.org/wiki/Max_Verstappen,Max,Verstappen,1997-09-30,Dutch,red_bull,https://en.wikipedia.org/wiki/Red_Bull_Racing,Red Bull,Austrian,5662487.0,0 days 00:00:16.772000,5.0,55.0,0 days 00:01:41.119000,kph,197.731,2019,21
16,3,3,15.0,3,55,Finished,leclerc,16,LEC,http://en.wikipedia.org/wiki/Charles_Leclerc,Charles,Leclerc,1997-10-16,Monegasque,ferrari,https://en.wikipedia.org/wiki/Scuderia_Ferrari,Ferrari,Italian,5689150.0,0 days 00:00:43.435000,4.0,44.0,0 days 00:01:40.442000,kph,199.064,2019,21
77,4,4,12.0,20,55,Finished,bottas,77,BOT,http://en.wikipedia.org/wiki/Valtteri_Bottas,Valtteri,Bottas,1989-08-28,Finnish,mercedes,https://en.wikipedia.org/wiki/Mercedes-Benz_in_Formula_One,Mercedes,German,5690094.0,0 days 00:00:44.379000,2.0,31.0,0 days 00:01:39.715000,kph,200.515,2019,21
5,5,5,10.0,4,55,Finished,vettel,5,VET,http://en.wikipedia.org/wiki/Sebastian_Vettel,Sebastian,Vettel,1987-07-03,German,ferrari,https://en.wikipedia.org/wiki/Scuderia_Ferrari,Ferrari,Italian,5710072.0,0 days 00:01:04.357000,3.0,55.0,0 days 00:01:40.128000,kph,199.688,2019,21
23,6,6,8.0,5,55,Finished,albon,23,ALB,http://en.wikipedia.org/wiki/Alexander_Albon,Alexander,Albon,1996-03-23,Thai,red_bull,https://en.wikipedia.org/wiki/Red_Bull_Racing,Red Bull,Austrian,5714920.0,0 days 00:01:09.205000,8.0,49.0,0 days 00:01:42.219000,kph,195.603,2019,21
11,7,7,6.0,10,54,+1 Lap,perez,11,PER,http://en.wikipedia.org/wiki/Sergio_P%C3%A9rez,Sergio,Pérez,1990-01-26,Mexican,racing_point,https://en.wikipedia.org/wiki/Racing_Point_F1_Team,Racing Point,British,,,11.0,39.0,0 days 00:01:42.639000,kph,194.803,2019,21
4,8,8,4.0,6,54,+1 Lap,norris,1,NOR,http://en.wikipedia.org/wiki/Lando_Norris,Lando,Norris,1999-11-13,British,mclaren,https://en.wikipedia.org/wiki/McLaren,McLaren,British,,,12.0,50.0,0 days 00:01:43.026000,kph,194.071,2019,21
26,9,9,2.0,13,54,+1 Lap,kvyat,26,KVY,http://en.wikipedia.org/wiki/Daniil_Kvyat,Daniil,Kvyat,1994-04-26,Russian,toro_rosso,https://en.wikipedia.org/wiki/Scuderia_Toro_Rosso,Toro Rosso,Italian,,,9.0,42.0,0 days 00:01:42.222000,kph,195.597,2019,21
55,10,10,1.0,8,54,+1 Lap,sainz,55,SAI,http://en.wikipedia.org/wiki/Carlos_Sainz_Jr.,Carlos,Sainz,1994-09-01,Spanish,mclaren,https://en.wikipedia.org/wiki/McLaren,McLaren,British,,,7.0,43.0,0 days 00:01:41.294000,kph,197.389,2019,21
3,11,11,0.0,7,54,+1 Lap,ricciardo,3,RIC,http://en.wikipedia.org/wiki/Daniel_Ricciardo,Daniel,Ricciardo,1989-07-01,Australian,renault,https://en.wikipedia.org/wiki/Renault_in_Formula_One,Renault,French,,,6.0,51.0,0 days 00:01:41.190000,kph,197.592,2019,21
27,12,12,0.0,9,54,+1 Lap,hulkenberg,27,HUL,http://en.wikipedia.org/wiki/Nico_H%C3%BClkenberg,Nico,Hülkenberg,1987-08-19,German,renault,https://en.wikipedia.org/wiki/Renault_in_Formula_One,Renault,French,,,16.0,52.0,0 days 00:01:43.274000,kph,193.605,2019,21
7,13,13,0.0,17,54,+1 Lap,raikkonen,7,RAI,http://en.wikipedia.org/wiki/Kimi_R%C3%A4ikk%C3%B6nen,Kimi,Räikkönen,1979-10-17,Finnish,alfa,https://en.wikipedia.org/wiki/Alfa_Romeo_in_Formula_One,Alfa Romeo,Swiss,,,14.0,25.0,0 days 00:01:43.142000,kph,193.853,2019,21
20,14,14,0.0,14,54,+1 Lap,kevin_magnussen,20,MAG,http://en.wikipedia.org/wiki/Kevin_Magnussen,Kevin,Magnussen,1992-10-05,Danish,haas,https://en.wikipedia.org/wiki/Haas_F1_Team,Haas F1 Team,American,,,19.0,22.0,0 days 00:01:43.790000,kph,192.642,2019,21
8,15,15,0.0,15,54,+1 Lap,grosjean,8,GRO,http://en.wikipedia.org/wiki/Romain_Grosjean,Romain,Grosjean,1986-04-17,French,haas,https://en.wikipedia.org/wiki/Haas_F1_Team,Haas F1 Team,American,,,18.0,33.0,0 days 00:01:43.666000,kph,192.873,2019,21
99,16,16,0.0,16,54,+1 Lap,giovinazzi,99,GIO,http://en.wikipedia.org/wiki/Antonio_Giovinazzi,Antonio,Giovinazzi,1993-12-14,Italian,alfa,https://en.wikipedia.org/wiki/Alfa_Romeo_in_Formula_One,Alfa Romeo,Swiss,,,15.0,28.0,0 days 00:01:43.256000,kph,193.639,2019,21
63,17,17,0.0,18,54,+1 Lap,russell,63,RUS,http://en.wikipedia.org/wiki/George_Russell_(racing_driver),George,Russell,1998-02-15,British,williams,https://en.wikipedia.org/wiki/Williams_Racing,Williams,British,,,13.0,50.0,0 days 00:01:43.074000,kph,193.981,2019,21
10,18,18,0.0,11,53,+2 Laps,gasly,10,GAS,http://en.wikipedia.org/wiki/Pierre_Gasly,Pierre,Gasly,1996-02-07,French,toro_rosso,https://en.wikipedia.org/wiki/Scuderia_Toro_Rosso,Toro Rosso,Italian,,,10.0,53.0,0 days 00:01:42.414000,kph,195.231,2019,21
88,19,19,0.0,19,53,+2 Laps,kubica,88,KUB,http://en.wikipedia.org/wiki/Robert_Kubica,Robert,Kubica,1984-12-07,Polish,williams,https://en.wikipedia.org/wiki/Williams_Racing,Williams,British,,,20.0,51.0,0 days 00:01:44.500000,kph,191.333,2019,21
18,20,R,0.0,12,45,Brakes,stroll,18,STR,http://en.wikipedia.org/wiki/Lance_Stroll,Lance,Stroll,1998-10-29,Canadian,racing_point,https://en.wikipedia.org/wiki/Racing_Point_F1_Team,Racing Point,British,,,17.0,25.0,0 days 00:01:43.326000,kph,193.507,2019,21
77,1,1,25.0,1,71,Finished,bottas,77,BOT,http://en.wikipedia.org/wiki/Valtteri_Bottas,Valtteri,Bottas,1989-08-28,Finnish,mercedes,https://en.wikipedia.org/wiki/Mercedes-Benz_in_Formula_One,Mercedes,German,5455739.0,0 days 01:30:55.739000,2.0,68.0,0 days 00:01:07.657000,kph,229.758,2020,1
16,2,2,18.0,7,71,Finished,leclerc,16,LEC,http://en.wikipedia.org/wiki/Charles_Leclerc,Charles,Leclerc,1997-10-16,Monegasque,ferrari,https://en.wikipedia.org/wiki/Scuderia_Ferrari,Ferrari,Italian,5458439.0,0 days 00:00:02.700000,4.0,64.0,0 days 00:01:07.901000,kph,228.933,2020,1
4,3,3,16.0,3,71,Finished,norris,1,NOR,http://en.wikipedia.org/wiki/Lando_Norris,Lando,Norris,1999-11-13,British,mclaren,https://en.wikipedia.org/wiki/McLaren,McLaren,British,5461230.0,0 days 00:00:05.491000,1.0,71.0,0 days 00:01:07.475000,kph,230.378,2020,1
44,4,4,12.0,5,71,Finished,hamilton,44,HAM,http://en.wikipedia.org/wiki/Lewis_Hamilton,Lewis,Hamilton,1985-01-07,British,mercedes,https://en.wikipedia.org/wiki/Mercedes-Benz_in_Formula_One,Mercedes,German,5461428.0,0 days 00:00:05.689000,3.0,67.0,0 days 00:01:07.712000,kph,229.572,2020,1
55,5,5,10.0,8,71,Finished,sainz,55,SAI,http://en.wikipedia.org/wiki/Carlos_Sainz_Jr.,Carlos,Sainz,1994-09-01,Spanish,mclaren,https://en.wikipedia.org/wiki/McLaren,McLaren,British,5464642.0,0 days 00:00:08.903000,5.0,63.0,0 days 00:01:07.974000,kph,228.687,2020,1
11,6,6,8.0,6,71,Finished,perez,11,PER,http://en.wikipedia.org/wiki/Sergio_P%C3%A9rez,Sergio,Pérez,1990-01-26,Mexican,racing_point,https://en.wikipedia.org/wiki/Racing_Point_F1_Team,Racing Point,British,5470831.0,0 days 00:00:15.092000,6.0,63.0,0 days 00:01:08.305000,kph,227.579,2020,1
10,7,7,6.0,12,71,Finished,gasly,10,GAS,http://en.wikipedia.org/wiki/Pierre_Gasly,Pierre,Gasly,1996-02-07,French,alphatauri,https://en.wikipedia.org/wiki/Scuderia_AlphaTauri,AlphaTauri,Italian,5472421.0,0 days 00:00:16.682000,11.0,64.0,0 days 00:01:09.025000,kph,225.205,2020,1
31,8,8,4.0,14,71,Finished,ocon,31,OCO,http://en.wikipedia.org/wiki/Esteban_Ocon,Esteban,Ocon,1996-09-17,French,renault,https://en.wikipedia.org/wiki/Renault_in_Formula_One,Renault,French,5473195.0,0 days 00:00:17.456000,10.0,64.0,0 days 00:01:08.932000,kph,225.509,2020,1
99,9,9,2.0,18,71,Finished,giovinazzi,99,GIO,http://en.wikipedia.org/wiki/Antonio_Giovinazzi,Antonio,Giovinazzi,1993-12-14,Italian,alfa,https://en.wikipedia.org/wiki/Alfa_Romeo_in_Formula_One,Alfa Romeo,Swiss,5476885.0,0 days 00:00:21.146000,9.0,70.0,0 days 00:01:08.796000,kph,225.954,2020,1
5,10,10,1.0,11,71,Finished,vettel,5,VET,http://en.wikipedia.org/wiki/Sebastian_Vettel,Sebastian,Vettel,1987-07-03,German,ferrari,https://en.wikipedia.org/wiki/Scuderia_Ferrari,Ferrari,Italian,5480284.0,0 days 00:00:24.545000,8.0,71.0,0 days 00:01:08.623000,kph,226.524,2020,1
6,11,11,0.0,20,71,Finished,latifi,6,LAT,http://en.wikipedia.org/wiki/Nicholas_Latifi,Nicholas,Latifi,1995-06-29,Canadian,williams,https://en.wikipedia.org/wiki/Williams_Racing,Williams,British,5487389.0,0 days 00:00:31.650000,16.0,63.0,0 days 00:01:09.662000,kph,223.146,2020,1
26,12,12,0.0,13,69,Suspension,kvyat,26,KVY,http://en.wikipedia.org/wiki/Daniil_Kvyat,Daniil,Kvyat,1994-04-26,Russian,alphatauri,https://en.wikipedia.org/wiki/Scuderia_AlphaTauri,AlphaTauri,Italian,,,13.0,50.0,0 days 00:01:09.135000,kph,224.847,2020,1
23,13,13,0.0,4,67,Electronics,albon,23,ALB,http://en.wikipedia.org/wiki/Alexander_Albon,Alexander,Albon,1996-03-23,Thai,red_bull,https://en.wikipedia.org/wiki/Red_Bull_Racing,Red Bull,Austrian,,,7.0,50.0,0 days 00:01:08.432000,kph,227.156,2020,1
7,14,R,0.0,19,53,Wheel,raikkonen,7,RAI,http://en.wikipedia.org/wiki/Kimi_R%C3%A4ikk%C3%B6nen,Kimi,Räikkönen,1979-10-17,Finnish,alfa,https://en.wikipedia.org/wiki/Alfa_Romeo_in_Formula_One,Alfa Romeo,Swiss,,,12.0,48.0,0 days 00:01:09.031000,kph,225.185,2020,1
63,15,R,0.0,17,49,Fuel pressure,russell,63,RUS,http://en.wikipedia.org/wiki/George_Russell_(racing_driver),George,Russell,1998-02-15,British,williams,https://en.wikipedia.org/wiki/Williams_Racing,Williams,British,,,14.0,49.0,0 days 00:01:09.317000,kph,224.256,2020,1
8,16,R,0.0,15,49,Brakes,grosjean,8,GRO,http://en.wikipedia.org/wiki/Romain_Grosjean,Romain,Grosjean,1986-04-17,French,haas,https://en.wikipedia.org/wiki/Haas_F1_Team,Haas F1 Team,American,,,17.0,46.0,0 days 00:01:10.228000,kph,221.347,2020,1
20,17,R,0.0,16,24,Brakes,kevin_magnussen,20,MAG,http://en.wikipedia.org/wiki/Kevin_Magnussen,Kevin,Magnussen,1992-10-05,Danish,haas,https://en.wikipedia.org/wiki/Haas_F1_Team,Haas F1 Team,American,,,20.0,23.0,0 days 00:01:10.720000,kph,219.807,2020,1
18,18,R,0.0,9,20,Engine,stroll,18,STR,http://en.wikipedia.org/wiki/Lance_Stroll,Lance,Stroll,1998-10-29,Canadian,racing_point,https://en.wikipedia.org/wiki/Racing_Point_F1_Team,Racing Point,British,,,18.0,4.0,0 days 00:01:10.326000,kph,221.039,2020,1
3,19,R,0.0,10,17,Overheating,ricciardo,3,RIC,http://en.wikipedia.org/wiki/Daniel_Ricciardo,Daniel,Ricciardo,1989-07-01,Australian,renault,https://en.wikipedia.org/wiki/Renault_in_Formula_One,Renault,French,,,19.0,8.0,0 days 00:01:10.610000,kph,220.15,2020,1
33,20,R,0.0,2,11,Electronics,max_verstappen,3,VER,http://en.wikipedia.org/wiki/Max_Verstappen,Max,Verstappen,1997-09-30,Dutch,red_bull,https://en.wikipedia.org/wiki/Red_Bull_Racing,Red Bull,Austrian,,,15.0,5.0,0 days 00:01:09.351000,kph,224.146,2020,1
44,1,1,25.0,1,71,Finished,hamilton,44,HAM,http://en.wikipedia.org/wiki/Lewis_Hamilton,Lewis,Hamilton,1985-01-07,British,mercedes,https://en.wikipedia.org/wiki/Mercedes-Benz_in_Formula_One,Mercedes,German,4970683.0,0 days 01:22:50.683000,3.0,68.0,0 days 00:01:06.719000,kph,232.989,2020,2
77,2,2,18.0,4,71,Finished,bottas,77,BOT,http://en.wikipedia.org/wiki/Valtteri_Bottas,Valtteri,Bottas,1989-08-28,Finnish,mercedes,https://en.wikipedia.org/wiki/Mercedes-Benz_in_Formula_One,Mercedes,German,4984402.0,0 days 00:00:13.719000,7.0,62.0,0 days 00:01:07.534000,kph,230.177,2020,2
33,3,3,15.0,2,71,Finished,max_verstappen,3,VER,http://en.wikipedia.org/wiki/Max_Verstappen,Max,Verstappen,1997-09-30,Dutch,red_bull,https://en.wikipedia.org/wiki/Red_Bull_Racing,Red Bull,Austrian,5004381.0,0 days 00:00:33.698000,2.0,70.0,0 days 00:01:06.145000,kph,235.01,2020,2
23,4,4,12.0,6,71,Finished,albon,23,ALB,http://en.wikipedia.org/wiki/Alexander_Albon,Alexander,Albon,1996-03-23,Thai,red_bull,https://en.wikipedia.org/wiki/Red_Bull_Racing,Red Bull,Austrian,5015083.0,0 days 00:00:44.400000,6.0,67.0,0 days 00:01:07.299000,kph,230.981,2020,2
4,5,5,10.0,9,71,Finished,norris,1,NOR,http://en.wikipedia.org/wiki/Lando_Norris,Lando,Norris,1999-11-13,British,mclaren,https://en.wikipedia.org/wiki/McLaren,McLaren,British,5032153.0,0 days 00:01:01.470000,5.0,66.0,0 days 00:01:07.193000,kph,231.345,2020,2
11,6,6,8.0,17,71,Finished,perez,11,PER,http://en.wikipedia.org/wiki/Sergio_P%C3%A9rez,Sergio,Pérez,1990-01-26,Mexican,racing_point,https://en.wikipedia.org/wiki/Racing_Point_F1_Team,Racing Point,British,5033070.0,0 days 00:01:02.387000,4.0,68.0,0 days 00:01:07.188000,kph,231.362,2020,2
18,7,7,6.0,12,71,Finished,stroll,18,STR,http://en.wikipedia.org/wiki/Lance_Stroll,Lance,Stroll,1998-10-29,Canadian,racing_point,https://en.wikipedia.org/wiki/Racing_Point_F1_Team,Racing Point,British,5033136.0,0 days 00:01:02.453000,10.0,65.0,0 days 00:01:07.833000,kph,229.162,2020,2
3,8,8,4.0,8,71,Finished,ricciardo,3,RIC,http://en.wikipedia.org/wiki/Daniel_Ricciardo,Daniel,Ricciardo,1989-07-01,Australian,renault,https://en.wikipedia.org/wiki/Renault_in_Formula_One,Renault,French,5033274.0,0 days 00:01:02.591000,9.0,65.0,0 days 00:01:07.832000,kph,229.166,2020,2
55,9,9,3.0,3,70,+1 Lap,sainz,55,SAI,http://en.wikipedia.org/wiki/Carlos_Sainz_Jr.,Carlos,Sainz,1994-09-01,Spanish,mclaren,https://en.wikipedia.org/wiki/McLaren,McLaren,British,,,1.0,68.0,0 days 00:01:05.619000,kph,236.894,2020,2
26,10,10,1.0,13,70,+1 Lap,kvyat,26,KVY,http://en.wikipedia.org/wiki/Daniil_Kvyat,Daniil,Kvyat,1994-04-26,Russian,alphatauri,https://en.wikipedia.org/wiki/Scuderia_AlphaTauri,AlphaTauri,Italian,,,13.0,60.0,0 days 00:01:08.378000,kph,227.336,2020,2
7,11,11,0.0,16,70,+1 Lap,raikkonen,7,RAI,http://en.wikipedia.org/wiki/Kimi_R%C3%A4ikk%C3%B6nen,Kimi,Räikkönen,1979-10-17,Finnish,alfa,https://en.wikipedia.org/wiki/Alfa_Romeo_in_Formula_One,Alfa Romeo,Swiss,,,14.0,57.0,0 days 00:01:08.382000,kph,227.322,2020,2
20,12,12,0.0,15,70,+1 Lap,kevin_magnussen,20,MAG,http://en.wikipedia.org/wiki/Kevin_Magnussen,Kevin,Magnussen,1992-10-05,Danish,haas,https://en.wikipedia.org/wiki/Haas_F1_Team,Haas F1 Team,American,,,11.0,69.0,0 days 00:01:08.009000,kph,228.569,2020,2
8,13,13,0.0,0,70,+1 Lap,grosjean,8,GRO,http://en.wikipedia.org/wiki/Romain_Grosjean,Romain,Grosjean,1986-04-17,French,haas,https://en.wikipedia.org/wiki/Haas_F1_Team,Haas F1 Team,American,,,12.0,69.0,0 days 00:01:08.047000,kph,228.442,2020,2
99,14,14,0.0,19,70,+1 Lap,giovinazzi,99,GIO,http://en.wikipedia.org/wiki/Antonio_Giovinazzi,Antonio,Giovinazzi,1993-12-14,Italian,alfa,https://en.wikipedia.org/wiki/Alfa_Romeo_in_Formula_One,Alfa Romeo,Swiss,,,15.0,54.0,0 days 00:01:08.512000,kph,226.891,2020,2
10,15,15,0.0,7,70,+1 Lap,gasly,10,GAS,http://en.wikipedia.org/wiki/Pierre_Gasly,Pierre,Gasly,1996-02-07,French,alphatauri,https://en.wikipedia.org/wiki/Scuderia_AlphaTauri,AlphaTauri,Italian,,,8.0,69.0,0 days 00:01:07.827000,kph,229.183,2020,2
63,16,16,0.0,11,69,+2 Laps,russell,63,RUS,http://en.wikipedia.org/wiki/George_Russell_(racing_driver),George,Russell,1998-02-15,British,williams,https://en.wikipedia.org/wiki/Williams_Racing,Williams,British,,,16.0,36.0,0 days 00:01:08.601000,kph,226.597,2020,2
6,17,17,0.0,18,69,+2 Laps,latifi,6,LAT,http://en.wikipedia.org/wiki/Nicholas_Latifi,Nicholas,Latifi,1995-06-29,Canadian,williams,https://en.wikipedia.org/wiki/Williams_Racing,Williams,British,,,17.0,68.0,0 days 00:01:08.806000,kph,225.922,2020,2
31,18,R,0.0,5,25,Overheating,ocon,31,OCO,http://en.wikipedia.org/wiki/Esteban_Ocon,Esteban,Ocon,1996-09-17,French,renault,https://en.wikipedia.org/wiki/Renault_in_Formula_One,Renault,French,,,18.0,22.0,0 days 00:01:09.321000,kph,224.243,2020,2
16,19,R,0.0,14,4,Collision damage,leclerc,16,LEC,http://en.wikipedia.org/wiki/Charles_Leclerc,Charles,Leclerc,1997-10-16,Monegasque,ferrari,https://en.wikipedia.org/wiki/Scuderia_Ferrari,Ferrari,Italian,,,19.0,3.0,0 days 00:01:35.379000,kph,162.979,2020,2
5,20,R,0.0,10,1,Collision damage,vettel,5,VET,http://en.wikipedia.org/wiki/Sebastian_Vettel,Sebastian,Vettel,1987-07-03,German,ferrari,https://en.wikipedia.org/wiki/Scuderia_Ferrari,Ferrari,Italian,,,,,,,,2020,2
44,1,1,26.0,1,70,Finished,hamilton,44,HAM,http://en.wikipedia.org/wiki/Lewis_Hamilton,Lewis,Hamilton,1985-01-07,British,mercedes,https://en.wikipedia.org/wiki/Mercedes-Benz_in_Formula_One,Mercedes,German,5772473.0,0 days 01:36:12.473000,1.0,70.0,0 days 00:01:16.627000,kph,205.823,2020,3
33,2,2,18.0,7,70,Finished,max_verstappen,3,VER,http://en.wikipedia.org/wiki/Max_Verstappen,Max,Verstappen,1997-09-30,Dutch,red_bull,https://en.wikipedia.org/wiki/Red_Bull_Racing,Red Bull,Austrian,5781175.0,0 days 00:00:08.702000,4.0,60.0,0 days 00:01:19.184000,kph,199.176,2020,3
77,3,3,15.0,2,70,Finished,bottas,77,BOT,http://en.wikipedia.org/wiki/Valtteri_Bottas,Valtteri,Bottas,1989-08-28,Finnish,mercedes,https://en.wikipedia.org/wiki/Mercedes-Benz_in_Formula_One,Mercedes,German,5781925.0,0 days 00:00:09.452000,2.0,66.0,0 days 00:01:17.665000,kph,203.072,2020,3
18,4,4,12.0,3,70,Finished,stroll,18,STR,http://en.wikipedia.org/wiki/Lance_Stroll,Lance,Stroll,1998-10-29,Canadian,racing_point,https://en.wikipedia.org/wiki/Racing_Point_F1_Team,Racing Point,British,5830052.0,0 days 00:00:57.579000,3.0,68.0,0 days 00:01:18.973000,kph,199.708,2020,3
23,5,5,10.0,13,70,Finished,albon,23,ALB,http://en.wikipedia.org/wiki/Alexander_Albon,Alexander,Albon,1996-03-23,Thai,red_bull,https://en.wikipedia.org/wiki/Red_Bull_Racing,Red Bull,Austrian,5850789.0,0 days 00:01:18.316000,5.0,68.0,0 days 00:01:19.440000,kph,198.534,2020,3
5,6,6,8.0,5,69,+1 Lap,vettel,5,VET,http://en.wikipedia.org/wiki/Sebastian_Vettel,Sebastian,Vettel,1987-07-03,German,ferrari,https://en.wikipedia.org/wiki/Scuderia_Ferrari,Ferrari,Italian,,,14.0,49.0,0 days 00:01:20.363000,kph,196.254,2020,3
11,7,7,6.0,4,69,+1 Lap,perez,11,PER,http://en.wikipedia.org/wiki/Sergio_P%C3%A9rez,Sergio,Pérez,1990-01-26,Mexican,racing_point,https://en.wikipedia.org/wiki/Racing_Point_F1_Team,Racing Point,British,,,10.0,39.0,0 days 00:01:20.090000,kph,196.923,2020,3
3,8,8,4.0,11,69,+1 Lap,ricciardo,3,RIC,http://en.wikipedia.org/wiki/Daniel_Ricciardo,Daniel,Ricciardo,1989-07-01,Australian,renault,https://en.wikipedia.org/wiki/Renault_in_Formula_One,Renault,French,,,7.0,46.0,0 days 00:01:19.532000,kph,198.305,2020,3
55,9,9,2.0,9,69,+1 Lap,sainz,55,SAI,http://en.wikipedia.org/wiki/Carlos_Sainz_Jr.,Carlos,Sainz,1994-09-01,Spanish,mclaren,https://en.wikipedia.org/wiki/McLaren,McLaren,British,,,15.0,68.0,0 days 00:01:20.477000,kph,195.976,2020,3
20,10,10,1.0,0,69,+1 Lap,kevin_magnussen,20,MAG,http://en.wikipedia.org/wiki/Kevin_Magnussen,Kevin,Magnussen,1992-10-05,Danish,haas,https://en.wikipedia.org/wiki/Haas_F1_Team,Haas F1 Team,American,,,6.0,67.0,0 days 00:01:19.457000,kph,198.492,2020,3
16,11,11,0.0,6,69,+1 Lap,leclerc,16,LEC,http://en.wikipedia.org/wiki/Charles_Leclerc,Charles,Leclerc,1997-10-16,Monegasque,ferrari,https://en.wikipedia.org/wiki/Scuderia_Ferrari,Ferrari,Italian,,,16.0,64.0,0 days 00:01:20.821000,kph,195.142,2020,3
26,12,12,0.0,17,69,+1 Lap,kvyat,26,KVY,http://en.wikipedia.org/wiki/Daniil_Kvyat,Daniil,Kvyat,1994-04-26,Russian,alphatauri,https://en.wikipedia.org/wiki/Scuderia_AlphaTauri,AlphaTauri,Italian,,,18.0,51.0,0 days 00:01:20.946000,kph,194.841,2020,3
4,13,13,0.0,8,69,+1 Lap,norris,1,NOR,http://en.wikipedia.org/wiki/Lando_Norris,Lando,Norris,1999-11-13,British,mclaren,https://en.wikipedia.org/wiki/McLaren,McLaren,British,,,8.0,42.0,0 days 00:01:19.945000,kph,197.28,2020,3
31,14,14,0.0,14,69,+1 Lap,ocon,31,OCO,http://en.wikipedia.org/wiki/Esteban_Ocon,Esteban,Ocon,1996-09-17,French,renault,https://en.wikipedia.org/wiki/Renault_in_Formula_One,Renault,French,,,13.0,40.0,0 days 00:01:20.261000,kph,196.503,2020,3
7,15,15,0.0,20,69,+1 Lap,raikkonen,7,RAI,http://en.wikipedia.org/wiki/Kimi_R%C3%A4ikk%C3%B6nen,Kimi,Räikkönen,1979-10-17,Finnish,alfa,https://en.wikipedia.org/wiki/Alfa_Romeo_in_Formula_One,Alfa Romeo,Swiss,,,17.0,67.0,0 days 00:01:20.889000,kph,194.978,2020,3
8,16,16,0.0,0,69,+1 Lap,grosjean,8,GRO,http://en.wikipedia.org/wiki/Romain_Grosjean,Romain,Grosjean,1986-04-17,French,haas,https://en.wikipedia.org/wiki/Haas_F1_Team,Haas F1 Team,American,,,12.0,61.0,0 days 00:01:20.232000,kph,196.574,2020,3
99,17,17,0.0,19,69,+1 Lap,giovinazzi,99,GIO,http://en.wikipedia.org/wiki/Antonio_Giovinazzi,Antonio,Giovinazzi,1993-12-14,Italian,alfa,https://en.wikipedia.org/wiki/Alfa_Romeo_in_Formula_One,Alfa Romeo,Swiss,,,11.0,44.0,0 days 00:01:20.096000,kph,196.908,2020,3
63,18,18,0.0,12,69,+1 Lap,russell,63,RUS,http://en.wikipedia.org/wiki/George_Russell_(racing_driver),George,Russell,1998-02-15,British,williams,https://en.wikipedia.org/wiki/Williams_Racing,Williams,British,,,9.0,67.0,0 days 00:01:19.984000,kph,197.184,2020,3
6,19,19,0.0,15,65,+5 Laps,latifi,6,LAT,http://en.wikipedia.org/wiki/Nicholas_Latifi,Nicholas,Latifi,1995-06-29,Canadian,williams,https://en.wikipedia.org/wiki/Williams_Racing,Williams,British,,,19.0,64.0,0 days 00:01:21.198000,kph,194.236,2020,3
10,20,R,0.0,10,15,Engine,gasly,10,GAS,http://en.wikipedia.org/wiki/Pierre_Gasly,Pierre,Gasly,1996-02-07,French,alphatauri,https://en.wikipedia.org/wiki/Scuderia_AlphaTauri,AlphaTauri,Italian,,,20.0,10.0,0 days 00:01:23.939000,kph,187.893,2020,3
44,1,1,25.0,1,52,Finished,hamilton,44,HAM,http://en.wikipedia.org/wiki/Lewis_Hamilton,Lewis,Hamilton,1985-01-07,British,mercedes,https://en.wikipedia.org/wiki/Mercedes-Benz_in_Formula_One,Mercedes,German,5281283.0,0 days 01:28:01.283000,3.0,45.0,0 days 00:01:29.238000,kph,237.652,2020,4
33,2,2,19.0,3,52,Finished,max_verstappen,3,VER,http://en.wikipedia.org/wiki/Max_Verstappen,Max,Verstappen,1997-09-30,Dutch,red_bull,https://en.wikipedia.org/wiki/Red_Bull_Racing,Red Bull,Austrian,5287139.0,0 days 00:00:05.856000,1.0,52.0,0 days 00:01:27.097000,kph,243.494,2020,4
16,3,3,15.0,4,52,Finished,leclerc,16,LEC,http://en.wikipedia.org/wiki/Charles_Leclerc,Charles,Leclerc,1997-10-16,Monegasque,ferrari,https://en.wikipedia.org/wiki/Scuderia_Ferrari,Ferrari,Italian,5299757.0,0 days 00:00:18.474000,9.0,49.0,0 days 00:01:29.813000,kph,236.13,2020,4
3,4,4,12.0,8,52,Finished,ricciardo,3,RIC,http://en.wikipedia.org/wiki/Daniel_Ricciardo,Daniel,Ricciardo,1989-07-01,Australian,renault,https://en.wikipedia.org/wiki/Renault_in_Formula_One,Renault,French,5300933.0,0 days 00:00:19.650000,5.0,49.0,0 days 00:01:29.482000,kph,237.004,2020,4
4,5,5,10.0,5,52,Finished,norris,1,NOR,http://en.wikipedia.org/wiki/Lando_Norris,Lando,Norris,1999-11-13,British,mclaren,https://en.wikipedia.org/wiki/McLaren,McLaren,British,5303560.0,0 days 00:00:22.277000,12.0,41.0,0 days 00:01:30.058000,kph,235.488,2020,4
31,6,6,8.0,9,52,Finished,ocon,31,OCO,http://en.wikipedia.org/wiki/Esteban_Ocon,Esteban,Ocon,1996-09-17,French,renault,https://en.wikipedia.org/wiki/Renault_in_Formula_One,Renault,French,5308220.0,0 days 00:00:26.937000,6.0,50.0,0 days 00:01:29.491000,kph,236.98,2020,4
10,7,7,6.0,11,52,Finished,gasly,10,GAS,http://en.wikipedia.org/wiki/Pierre_Gasly,Pierre,Gasly,1996-02-07,French,alphatauri,https://en.wikipedia.org/wiki/Scuderia_AlphaTauri,AlphaTauri,Italian,5312471.0,0 days 00:00:31.188000,7.0,52.0,0 days 00:01:29.603000,kph,236.684,2020,4
23,8,8,4.0,12,52,Finished,albon,23,ALB,http://en.wikipedia.org/wiki/Alexander_Albon,Alexander,Albon,1996-03-23,Thai,red_bull,https://en.wikipedia.org/wiki/Red_Bull_Racing,Red Bull,Austrian,5313953.0,0 days 00:00:32.670000,2.0,52.0,0 days 00:01:28.689000,kph,239.123,2020,4
18,9,9,2.0,6,52,Finished,stroll,18,STR,http://en.wikipedia.org/wiki/Lance_Stroll,Lance,Stroll,1998-10-29,Canadian,racing_point,https://en.wikipedia.org/wiki/Racing_Point_F1_Team,Racing Point,British,5318594.0,0 days 00:00:37.311000,13.0,44.0,0 days 00:01:30.475000,kph,234.402,2020,4
5,10,10,1.0,10,52,Finished,vettel,5,VET,http://en.wikipedia.org/wiki/Sebastian_Vettel,Sebastian,Vettel,1987-07-03,German,ferrari,https://en.wikipedia.org/wiki/Scuderia_Ferrari,Ferrari,Italian,5323140.0,0 days 00:00:41.857000,15.0,44.0,0 days 00:01:30.537000,kph,234.242,2020,4
77,11,11,0.0,2,52,Finished,bottas,77,BOT,http://en.wikipedia.org/wiki/Valtteri_Bottas,Valtteri,Bottas,1989-08-28,Finnish,mercedes,https://en.wikipedia.org/wiki/Mercedes-Benz_in_Formula_One,Mercedes,German,5323450.0,0 days 00:00:42.167000,4.0,41.0,0 days 00:01:29.265000,kph,237.58,2020,4
63,12,12,0.0,20,52,Finished,russell,63,RUS,http://en.wikipedia.org/wiki/George_Russell_(racing_driver),George,Russell,1998-02-15,British,williams,https://en.wikipedia.org/wiki/Williams_Racing,Williams,British,5333287.0,0 days 00:00:52.004000,16.0,41.0,0 days 00:01:30.862000,kph,233.404,2020,4
55,13,13,0.0,7,52,Finished,sainz,55,SAI,http://en.wikipedia.org/wiki/Carlos_Sainz_Jr.,Carlos,Sainz,1994-09-01,Spanish,mclaren,https://en.wikipedia.org/wiki/McLaren,McLaren,British,5334653.0,0 days 00:00:53.370000,10.0,47.0,0 days 00:01:29.948000,kph,235.776,2020,4
99,14,14,0.0,15,52,Finished,giovinazzi,99,GIO,http://en.wikipedia.org/wiki/Antonio_Giovinazzi,Antonio,Giovinazzi,1993-12-14,Italian,alfa,https://en.wikipedia.org/wiki/Alfa_Romeo_in_Formula_One,Alfa Romeo,Swiss,5335488.0,0 days 00:00:54.205000,17.0,49.0,0 days 00:01:30.977000,kph,233.109,2020,4
6,15,15,0.0,18,52,Finished,latifi,6,LAT,http://en.wikipedia.org/wiki/Nicholas_Latifi,Nicholas,Latifi,1995-06-29,Canadian,williams,https://en.wikipedia.org/wiki/Williams_Racing,Williams,British,5335832.0,0 days 00:00:54.549000,14.0,44.0,0 days 00:01:30.501000,kph,234.335,2020,4
8,16,16,0.0,17,52,Finished,grosjean,8,GRO,http://en.wikipedia.org/wiki/Romain_Grosjean,Romain,Grosjean,1986-04-17,French,haas,https://en.wikipedia.org/wiki/Haas_F1_Team,Haas F1 Team,American,5336333.0,0 days 00:00:55.050000,8.0,49.0,0 days 00:01:29.782000,kph,236.212,2020,4
7,17,17,0.0,16,51,+1 Lap,raikkonen,7,RAI,http://en.wikipedia.org/wiki/Kimi_R%C3%A4ikk%C3%B6nen,Kimi,Räikkönen,1979-10-17,Finnish,alfa,https://en.wikipedia.org/wiki/Alfa_Romeo_in_Formula_One,Alfa Romeo,Swiss,,,11.0,49.0,0 days 00:01:29.973000,kph,235.71,2020,4
26,18,R,0.0,19,11,Accident,kvyat,26,KVY,http://en.wikipedia.org/wiki/Daniil_Kvyat,Daniil,Kvyat,1994-04-26,Russian,alphatauri,https://en.wikipedia.org/wiki/Scuderia_AlphaTauri,AlphaTauri,Italian,,,18.0,11.0,0 days 00:01:32.443000,kph,229.412,2020,4
20,19,R,0.0,14,1,Collision,kevin_magnussen,20,MAG,http://en.wikipedia.org/wiki/Kevin_Magnussen,Kevin,Magnussen,1992-10-05,Danish,haas,https://en.wikipedia.org/wiki/Haas_F1_Team,Haas F1 Team,American,,,,,,,,2020,4
27,20,W,0.0,13,0,Power Unit,hulkenberg,27,HUL,http://en.wikipedia.org/wiki/Nico_H%C3%BClkenberg,Nico,Hülkenberg,1987-08-19,German,racing_point,https://en.wikipedia.org/wiki/Racing_Point_F1_Team,Racing Point,British,,,,,,,,2020,4
33,1,1,25.0,4,52,Finished,max_verstappen,3,VER,http://en.wikipedia.org/wiki/Max_Verstappen,Max,Verstappen,1997-09-30,Dutch,red_bull,https://en.wikipedia.org/wiki/Red_Bull_Racing,Red Bull,Austrian,4781993.0,0 days 01:19:41.993000,2.0,46.0,0 days 00:01:29.465000,kph,237.049,2020,5
44,2,2,19.0,2,52,Finished,hamilton,44,HAM,http://en.wikipedia.org/wiki/Lewis_Hamilton,Lewis,Hamilton,1985-01-07,British,mercedes,https://en.wikipedia.org/wiki/Mercedes-Benz_in_Formula_One,Mercedes,German,4793319.0,0 days 00:00:11.326000,1.0,43.0,0 days 00:01:28.451000,kph,239.766,2020,5
77,3,3,15.0,1,52,Finished,bottas,77,BOT,http://en.wikipedia.org/wiki/Valtteri_Bottas,Valtteri,Bottas,1989-08-28,Finnish,mercedes,https://en.wikipedia.org/wiki/Mercedes-Benz_in_Formula_One,Mercedes,German,4801224.0,0 days 00:00:19.231000,4.0,44.0,0 days 00:01:29.765000,kph,236.256,2020,5
16,4,4,12.0,8,52,Finished,leclerc,16,LEC,http://en.wikipedia.org/wiki/Charles_Leclerc,Charles,Leclerc,1997-10-16,Monegasque,ferrari,https://en.wikipedia.org/wiki/Scuderia_Ferrari,Ferrari,Italian,4811282.0,0 days 00:00:29.289000,8.0,39.0,0 days 00:01:30.552000,kph,234.203,2020,5
23,5,5,10.0,9,52,Finished,albon,23,ALB,http://en.wikipedia.org/wiki/Alexander_Albon,Alexander,Albon,1996-03-23,Thai,red_bull,https://en.wikipedia.org/wiki/Red_Bull_Racing,Red Bull,Austrian,4821139.0,0 days 00:00:39.146000,3.0,46.0,0 days 00:01:29.477000,kph,237.017,2020,5
18,6,6,8.0,6,52,Finished,stroll,18,STR,http://en.wikipedia.org/wiki/Lance_Stroll,Lance,Stroll,1998-10-29,Canadian,racing_point,https://en.wikipedia.org/wiki/Racing_Point_F1_Team,Racing Point,British,4824531.0,0 days 00:00:42.538000,15.0,45.0,0 days 00:01:30.877000,kph,233.365,2020,5
27,7,7,6.0,3,52,Finished,hulkenberg,27,HUL,http://en.wikipedia.org/wiki/Nico_H%C3%BClkenberg,Nico,Hülkenberg,1987-08-19,German,racing_point,https://en.wikipedia.org/wiki/Racing_Point_F1_Team,Racing Point,British,4837944.0,0 days 00:00:55.951000,6.0,52.0,0 days 00:01:30.087000,kph,235.412,2020,5
31,8,8,4.0,14,52,Finished,ocon,31,OCO,http://en.wikipedia.org/wiki/Esteban_Ocon,Esteban,Ocon,1996-09-17,French,renault,https://en.wikipedia.org/wiki/Renault_in_Formula_One,Renault,French,4846766.0,0 days 00:01:04.773000,10.0,50.0,0 days 00:01:30.575000,kph,234.144,2020,5
4,9,9,2.0,10,52,Finished,norris,1,NOR,http://en.wikipedia.org/wiki/Lando_Norris,Lando,Norris,1999-11-13,British,mclaren,https://en.wikipedia.org/wiki/McLaren,McLaren,British,4847537.0,0 days 00:01:05.544000,11.0,49.0,0 days 00:01:30.698000,kph,233.826,2020,5
26,10,10,1.0,16,52,Finished,kvyat,26,KVY,http://en.wikipedia.org/wiki/Daniil_Kvyat,Daniil,Kvyat,1994-04-26,Russian,alphatauri,https://en.wikipedia.org/wiki/Scuderia_AlphaTauri,AlphaTauri,Italian,4851662.0,0 days 00:01:09.669000,12.0,52.0,0 days 00:01:30.738000,kph,233.723,2020,5
10,11,11,0.0,7,52,Finished,gasly,10,GAS,http://en.wikipedia.org/wiki/Pierre_Gasly,Pierre,Gasly,1996-02-07,French,alphatauri,https://en.wikipedia.org/wiki/Scuderia_AlphaTauri,AlphaTauri,Italian,4852635.0,0 days 00:01:10.642000,7.0,52.0,0 days 00:01:30.092000,kph,235.399,2020,5
5,12,12,0.0,11,52,Finished,vettel,5,VET,http://en.wikipedia.org/wiki/Sebastian_Vettel,Sebastian,Vettel,1987-07-03,German,ferrari,https://en.wikipedia.org/wiki/Scuderia_Ferrari,Ferrari,Italian,4855363.0,0 days 00:01:13.370000,13.0,49.0,0 days 00:01:30.785000,kph,233.602,2020,5
55,13,13,0.0,12,52,Finished,sainz,55,SAI,http://en.wikipedia.org/wiki/Carlos_Sainz_Jr.,Carlos,Sainz,1994-09-01,Spanish,mclaren,https://en.wikipedia.org/wiki/McLaren,McLaren,British,4856063.0,0 days 00:01:14.070000,9.0,49.0,0 days 00:01:30.556000,kph,234.193,2020,5
3,14,14,0.0,5,51,+1 Lap,ricciardo,3,RIC,http://en.wikipedia.org/wiki/Daniel_Ricciardo,Daniel,Ricciardo,1989-07-01,Australian,renault,https://en.wikipedia.org/wiki/Renault_in_Formula_One,Renault,French,,,16.0,39.0,0 days 00:01:31.168000,kph,232.621,2020,5
7,15,15,0.0,20,51,+1 Lap,raikkonen,7,RAI,http://en.wikipedia.org/wiki/Kimi_R%C3%A4ikk%C3%B6nen,Kimi,Räikkönen,1979-10-17,Finnish,alfa,https://en.wikipedia.org/wiki/Alfa_Romeo_in_Formula_One,Alfa Romeo,Swiss,,,18.0,30.0,0 days 00:01:31.756000,kph,231.13,2020,5
8,16,16,0.0,13,51,+1 Lap,grosjean,8,GRO,http://en.wikipedia.org/wiki/Romain_Grosjean,Romain,Grosjean,1986-04-17,French,haas,https://en.wikipedia.org/wiki/Haas_F1_Team,Haas F1 Team,American,,,14.0,51.0,0 days 00:01:30.793000,kph,233.581,2020,5
99,17,17,0.0,19,51,+1 Lap,giovinazzi,99,GIO,http://en.wikipedia.org/wiki/Antonio_Giovinazzi,Antonio,Giovinazzi,1993-12-14,Italian,alfa,https://en.wikipedia.org/wiki/Alfa_Romeo_in_Formula_One,Alfa Romeo,Swiss,,,19.0,37.0,0 days 00:01:31.826000,kph,230.954,2020,5
63,18,18,0.0,15,51,+1 Lap,russell,63,RUS,http://en.wikipedia.org/wiki/George_Russell_(racing_driver),George,Russell,1998-02-15,British,williams,https://en.wikipedia.org/wiki/Williams_Racing,Williams,British,,,17.0,50.0,0 days 00:01:31.408000,kph,232.01,2020,5
6,19,19,0.0,18,51,+1 Lap,latifi,6,LAT,http://en.wikipedia.org/wiki/Nicholas_Latifi,Nicholas,Latifi,1995-06-29,Canadian,williams,https://en.wikipedia.org/wiki/Williams_Racing,Williams,British,,,5.0,48.0,0 days 00:01:29.950000,kph,235.77,2020,5
20,20,R,0.0,17,43,Retired,kevin_magnussen,20,MAG,http://en.wikipedia.org/wiki/Kevin_Magnussen,Kevin,Magnussen,1992-10-05,Danish,haas,https://en.wikipedia.org/wiki/Haas_F1_Team,Haas F1 Team,American,,,20.0,39.0,0 days 00:01:31.830000,kph,230.944,2020,5
44,1,1,25.0,1,66,Finished,hamilton,44,HAM,http://en.wikipedia.org/wiki/Lewis_Hamilton,Lewis,Hamilton,1985-01-07,British,mercedes,https://en.wikipedia.org/wiki/Mercedes-Benz_in_Formula_One,Mercedes,German,5505279.0,0 days 01:31:45.279000,2.0,63.0,0 days 00:01:19.822000,kph,209.942,2020,6
33,2,2,18.0,3,66,Finished,max_verstappen,3,VER,http://en.wikipedia.org/wiki/Max_Verstappen,Max,Verstappen,1997-09-30,Dutch,red_bull,https://en.wikipedia.org/wiki/Red_Bull_Racing,Red Bull,Austrian,5529456.0,0 days 00:00:24.177000,4.0,53.0,0 days 00:01:21.477000,kph,205.677,2020,6
77,3,3,16.0,2,66,Finished,bottas,77,BOT,http://en.wikipedia.org/wiki/Valtteri_Bottas,Valtteri,Bottas,1989-08-28,Finnish,mercedes,https://en.wikipedia.org/wiki/Mercedes-Benz_in_Formula_One,Mercedes,German,5550031.0,0 days 00:00:44.752000,1.0,66.0,0 days 00:01:18.183000,kph,214.343,2020,6
18,4,4,12.0,5,65,+1 Lap,stroll,18,STR,http://en.wikipedia.org/wiki/Lance_Stroll,Lance,Stroll,1998-10-29,Canadian,racing_point,https://en.wikipedia.org/wiki/Racing_Point_F1_Team,Racing Point,British,,,8.0,56.0,0 days 00:01:22.024000,kph,204.306,2020,6
11,5,5,10.0,4,65,+1 Lap,perez,11,PER,http://en.wikipedia.org/wiki/Sergio_P%C3%A9rez,Sergio,Pérez,1990-01-26,Mexican,racing_point,https://en.wikipedia.org/wiki/Racing_Point_F1_Team,Racing Point,British,,,16.0,58.0,0 days 00:01:22.515000,kph,203.09,2020,6
55,6,6,8.0,7,65,+1 Lap,sainz,55,SAI,http://en.wikipedia.org/wiki/Carlos_Sainz_Jr.,Carlos,Sainz,1994-09-01,Spanish,mclaren,https://en.wikipedia.org/wiki/McLaren,McLaren,British,,,5.0,59.0,0 days 00:01:21.771000,kph,204.938,2020,6
5,7,7,6.0,11,65,+1 Lap,vettel,5,VET,http://en.wikipedia.org/wiki/Sebastian_Vettel,Sebastian,Vettel,1987-07-03,German,ferrari,https://en.wikipedia.org/wiki/Scuderia_Ferrari,Ferrari,Italian,,,18.0,48.0,0 days 00:01:22.707000,kph,202.618,2020,6
23,8,8,4.0,6,65,+1 Lap,albon,23,ALB,http://en.wikipedia.org/wiki/Alexander_Albon,Alexander,Albon,1996-03-23,Thai,red_bull,https://en.wikipedia.org/wiki/Red_Bull_Racing,Red Bull,Austrian,,,11.0,41.0,0 days 00:01:22.194000,kph,203.883,2020,6
10,9,9,2.0,10,65,+1 Lap,gasly,10,GAS,http://en.wikipedia.org/wiki/Pierre_Gasly,Pierre,Gasly,1996-02-07,French,alphatauri,https://en.wikipedia.org/wiki/Scuderia_AlphaTauri,AlphaTauri,Italian,,,17.0,44.0,0 days 00:01:22.543000,kph,203.021,2020,6
4,10,10,1.0,8,65,+1 Lap,norris,1,NOR,http://en.wikipedia.org/wiki/Lando_Norris,Lando,Norris,1999-11-13,British,mclaren,https://en.wikipedia.org/wiki/McLaren,McLaren,British,,,13.0,56.0,0 days 00:01:22.392000,kph,203.393,2020,6
3,11,11,0.0,13,65,+1 Lap,ricciardo,3,RIC,http://en.wikipedia.org/wiki/Daniel_Ricciardo,Daniel,Ricciardo,1989-07-01,Australian,renault,https://en.wikipedia.org/wiki/Renault_in_Formula_One,Renault,French,,,14.0,51.0,0 days 00:01:22.464000,kph,203.215,2020,6
26,12,12,0.0,12,65,+1 Lap,kvyat,26,KVY,http://en.wikipedia.org/wiki/Daniil_Kvyat,Daniil,Kvyat,1994-04-26,Russian,alphatauri,https://en.wikipedia.org/wiki/Scuderia_AlphaTauri,AlphaTauri,Italian,,,12.0,47.0,0 days 00:01:22.336000,kph,203.531,2020,6
31,13,13,0.0,15,65,+1 Lap,ocon,31,OCO,http://en.wikipedia.org/wiki/Esteban_Ocon,Esteban,Ocon,1996-09-17,French,renault,https://en.wikipedia.org/wiki/Renault_in_Formula_One,Renault,French,,,10.0,65.0,0 days 00:01:22.174000,kph,203.933,2020,6
7,14,14,0.0,14,65,+1 Lap,raikkonen,7,RAI,http://en.wikipedia.org/wiki/Kimi_R%C3%A4ikk%C3%B6nen,Kimi,Räikkönen,1979-10-17,Finnish,alfa,https://en.wikipedia.org/wiki/Alfa_Romeo_in_Formula_One,Alfa Romeo,Swiss,,,7.0,47.0,0 days 00:01:21.888000,kph,204.645,2020,6
20,15,15,0.0,16,65,+1 Lap,kevin_magnussen,20,MAG,http://en.wikipedia.org/wiki/Kevin_Magnussen,Kevin,Magnussen,1992-10-05,Danish,haas,https://en.wikipedia.org/wiki/Haas_F1_Team,Haas F1 Team,American,,,19.0,64.0,0 days 00:01:23.474000,kph,200.757,2020,6
99,16,16,0.0,20,65,+1 Lap,giovinazzi,99,GIO,http://en.wikipedia.org/wiki/Antonio_Giovinazzi,Antonio,Giovinazzi,1993-12-14,Italian,alfa,https://en.wikipedia.org/wiki/Alfa_Romeo_in_Formula_One,Alfa Romeo,Swiss,,,6.0,47.0,0 days 00:01:21.801000,kph,204.863,2020,6
63,17,17,0.0,18,65,+1 Lap,russell,63,RUS,http://en.wikipedia.org/wiki/George_Russell_(racing_driver),George,Russell,1998-02-15,British,williams,https://en.wikipedia.org/wiki/Williams_Racing,Williams,British,,,15.0,37.0,0 days 00:01:22.503000,kph,203.119,2020,6
6,18,18,0.0,19,64,+2 Laps,latifi,6,LAT,http://en.wikipedia.org/wiki/Nicholas_Latifi,Nicholas,Latifi,1995-06-29,Canadian,williams,https://en.wikipedia.org/wiki/Williams_Racing,Williams,British,,,9.0,60.0,0 days 00:01:22.030000,kph,204.291,2020,6
8,19,19,0.0,17,64,+2 Laps,grosjean,8,GRO,http://en.wikipedia.org/wiki/Romain_Grosjean,Romain,Grosjean,1986-04-17,French,haas,https://en.wikipedia.org/wiki/Haas_F1_Team,Haas F1 Team,American,,,3.0,64.0,0 days 00:01:20.409000,kph,208.409,2020,6
16,20,R,0.0,9,38,Electronics,leclerc,16,LEC,http://en.wikipedia.org/wiki/Charles_Leclerc,Charles,Leclerc,1997-10-16,Monegasque,ferrari,https://en.wikipedia.org/wiki/Scuderia_Ferrari,Ferrari,Italian,,,20.0,35.0,0 days 00:01:23.968000,kph,199.576,2020,6
44,1,1,25.0,1,44,Finished,hamilton,44,HAM,http://en.wikipedia.org/wiki/Lewis_Hamilton,Lewis,Hamilton,1985-01-07,British,mercedes,https://en.wikipedia.org/wiki/Mercedes-Benz_in_Formula_One,Mercedes,German,5048761.0,0 days 01:24:08.761000,2.0,28.0,0 days 00:01:47.758000,kph,233.99,2020,7
77,2,2,18.0,2,44,Finished,bottas,77,BOT,http://en.wikipedia.org/wiki/Valtteri_Bottas,Valtteri,Bottas,1989-08-28,Finnish,mercedes,https://en.wikipedia.org/wiki/Mercedes-Benz_in_Formula_One,Mercedes,German,5057209.0,0 days 00:00:08.448000,5.0,27.0,0 days 00:01:47.983000,kph,233.503,2020,7
33,3,3,15.0,3,44,Finished,max_verstappen,3,VER,http://en.wikipedia.org/wiki/Max_Verstappen,Max,Verstappen,1997-09-30,Dutch,red_bull,https://en.wikipedia.org/wiki/Red_Bull_Racing,Red Bull,Austrian,5064216.0,0 days 00:00:15.455000,8.0,27.0,0 days 00:01:48.305000,kph,232.809,2020,7
3,4,4,13.0,4,44,Finished,ricciardo,3,RIC,http://en.wikipedia.org/wiki/Daniel_Ricciardo,Daniel,Ricciardo,1989-07-01,Australian,renault,https://en.wikipedia.org/wiki/Renault_in_Formula_One,Renault,French,5067638.0,0 days 00:00:18.877000,1.0,44.0,0 days 00:01:47.483000,kph,234.589,2020,7
31,5,5,10.0,6,44,Finished,ocon,31,OCO,http://en.wikipedia.org/wiki/Esteban_Ocon,Esteban,Ocon,1996-09-17,French,renault,https://en.wikipedia.org/wiki/Renault_in_Formula_One,Renault,French,5089411.0,0 days 00:00:40.650000,10.0,44.0,0 days 00:01:48.540000,kph,232.305,2020,7
23,6,6,8.0,5,44,Finished,albon,23,ALB,http://en.wikipedia.org/wiki/Alexander_Albon,Alexander,Albon,1996-03-23,Thai,red_bull,https://en.wikipedia.org/wiki/Red_Bull_Racing,Red Bull,Austrian,5091473.0,0 days 00:00:42.712000,12.0,27.0,0 days 00:01:48.736000,kph,231.886,2020,7
4,7,7,6.0,10,44,Finished,norris,1,NOR,http://en.wikipedia.org/wiki/Lando_Norris,Lando,Norris,1999-11-13,British,mclaren,https://en.wikipedia.org/wiki/McLaren,McLaren,British,5092535.0,0 days 00:00:43.774000,11.0,39.0,0 days 00:01:48.552000,kph,232.279,2020,7
10,8,8,4.0,12,44,Finished,gasly,10,GAS,http://en.wikipedia.org/wiki/Pierre_Gasly,Pierre,Gasly,1996-02-07,French,alphatauri,https://en.wikipedia.org/wiki/Scuderia_AlphaTauri,AlphaTauri,Italian,5096132.0,0 days 00:00:47.371000,3.0,29.0,0 days 00:01:47.839000,kph,233.815,2020,7
18,9,9,2.0,9,44,Finished,stroll,18,STR,http://en.wikipedia.org/wiki/Lance_Stroll,Lance,Stroll,1998-10-29,Canadian,racing_point,https://en.wikipedia.org/wiki/Racing_Point_F1_Team,Racing Point,British,5101364.0,0 days 00:00:52.603000,13.0,34.0,0 days 00:01:49.136000,kph,231.036,2020,7
11,10,10,1.0,8,44,Finished,perez,11,PER,http://en.wikipedia.org/wiki/Sergio_P%C3%A9rez,Sergio,Pérez,1990-01-26,Mexican,racing_point,https://en.wikipedia.org/wiki/Racing_Point_F1_Team,Racing Point,British,5101940.0,0 days 00:00:53.179000,9.0,20.0,0 days 00:01:48.389000,kph,232.628,2020,7
26,11,11,0.0,11,44,Finished,kvyat,26,KVY,http://en.wikipedia.org/wiki/Daniil_Kvyat,Daniil,Kvyat,1994-04-26,Russian,alphatauri,https://en.wikipedia.org/wiki/Scuderia_AlphaTauri,AlphaTauri,Italian,5118961.0,0 days 00:01:10.200000,15.0,28.0,0 days 00:01:49.832000,kph,229.572,2020,7
7,12,12,0.0,16,44,Finished,raikkonen,7,RAI,http://en.wikipedia.org/wiki/Kimi_R%C3%A4ikk%C3%B6nen,Kimi,Räikkönen,1979-10-17,Finnish,alfa,https://en.wikipedia.org/wiki/Alfa_Romeo_in_Formula_One,Alfa Romeo,Swiss,5120265.0,0 days 00:01:11.504000,14.0,28.0,0 days 00:01:49.822000,kph,229.593,2020,7
5,13,13,0.0,14,44,Finished,vettel,5,VET,http://en.wikipedia.org/wiki/Sebastian_Vettel,Sebastian,Vettel,1987-07-03,German,ferrari,https://en.wikipedia.org/wiki/Scuderia_Ferrari,Ferrari,Italian,5121655.0,0 days 00:01:12.894000,16.0,31.0,0 days 00:01:49.958000,kph,229.309,2020,7
16,14,14,0.0,13,44,Finished,leclerc,16,LEC,http://en.wikipedia.org/wiki/Charles_Leclerc,Charles,Leclerc,1997-10-16,Monegasque,ferrari,https://en.wikipedia.org/wiki/Scuderia_Ferrari,Ferrari,Italian,5123681.0,0 days 00:01:14.920000,4.0,26.0,0 days 00:01:47.840000,kph,233.813,2020,7
8,15,15,0.0,17,44,Finished,grosjean,8,GRO,http://en.wikipedia.org/wiki/Romain_Grosjean,Romain,Grosjean,1986-04-17,French,haas,https://en.wikipedia.org/wiki/Haas_F1_Team,Haas F1 Team,American,5125554.0,0 days 00:01:16.793000,17.0,28.0,0 days 00:01:50.018000,kph,229.184,2020,7
6,16,16,0.0,19,44,Finished,latifi,6,LAT,http://en.wikipedia.org/wiki/Nicholas_Latifi,Nicholas,Latifi,1995-06-29,Canadian,williams,https://en.wikipedia.org/wiki/Williams_Racing,Williams,British,5126556.0,0 days 00:01:17.795000,6.0,32.0,0 days 00:01:48.048000,kph,233.362,2020,7
20,17,17,0.0,20,44,Finished,kevin_magnussen,20,MAG,http://en.wikipedia.org/wiki/Kevin_Magnussen,Kevin,Magnussen,1992-10-05,Danish,haas,https://en.wikipedia.org/wiki/Haas_F1_Team,Haas F1 Team,American,5134301.0,0 days 00:01:25.540000,7.0,37.0,0 days 00:01:48.083000,kph,233.287,2020,7
99,18,R,0.0,18,9,Accident,giovinazzi,99,GIO,http://en.wikipedia.org/wiki/Antonio_Giovinazzi,Antonio,Giovinazzi,1993-12-14,Italian,alfa,https://en.wikipedia.org/wiki/Alfa_Romeo_in_Formula_One,Alfa Romeo,Swiss,,,19.0,9.0,0 days 00:01:51.793000,kph,225.545,2020,7
63,19,R,0.0,15,9,Debris,russell,63,RUS,http://en.wikipedia.org/wiki/George_Russell_(racing_driver),George,Russell,1998-02-15,British,williams,https://en.wikipedia.org/wiki/Williams_Racing,Williams,British,,,18.0,5.0,0 days 00:01:51.754000,kph,225.624,2020,7
55,20,W,0.0,7,0,Exhaust,sainz,55,SAI,http://en.wikipedia.org/wiki/Carlos_Sainz_Jr.,Carlos,Sainz,1994-09-01,Spanish,mclaren,https://en.wikipedia.org/wiki/McLaren,McLaren,British,,,,,,,,2020,7
10,1,1,25.0,10,53,Finished,gasly,10,GAS,http://en.wikipedia.org/wiki/Pierre_Gasly,Pierre,Gasly,1996-02-07,French,alphatauri,https://en.wikipedia.org/wiki/Scuderia_AlphaTauri,AlphaTauri,Italian,6426056.0,0 days 01:47:06.056000,6.0,34.0,0 days 00:01:24.037000,kph,248.162,2020,8
55,2,2,18.0,3,53,Finished,sainz,55,SAI,http://en.wikipedia.org/wiki/Carlos_Sainz_Jr.,Carlos,Sainz,1994-09-01,Spanish,mclaren,https://en.wikipedia.org/wiki/McLaren,McLaren,British,6426471.0,0 days 00:00:00.415000,2.0,40.0,0 days 00:01:23.882000,kph,248.62,2020,8
18,3,3,15.0,8,53,Finished,stroll,18,STR,http://en.wikipedia.org/wiki/Lance_Stroll,Lance,Stroll,1998-10-29,Canadian,racing_point,https://en.wikipedia.org/wiki/Racing_Point_F1_Team,Racing Point,British,6429414.0,0 days 00:00:03.358000,3.0,42.0,0 days 00:01:23.897000,kph,248.576,2020,8
4,4,4,12.0,6,53,Finished,norris,1,NOR,http://en.wikipedia.org/wiki/Lando_Norris,Lando,Norris,1999-11-13,British,mclaren,https://en.wikipedia.org/wiki/McLaren,McLaren,British,6432056.0,0 days 00:00:06,7.0,50.0,0 days 00:01:24.232000,kph,247.587,2020,8
77,5,5,10.0,2,53,Finished,bottas,77,BOT,http://en.wikipedia.org/wiki/Valtteri_Bottas,Valtteri,Bottas,1989-08-28,Finnish,mercedes,https://en.wikipedia.org/wiki/Mercedes-Benz_in_Formula_One,Mercedes,German,6433164.0,0 days 00:00:07.108000,5.0,51.0,0 days 00:01:23.961000,kph,248.386,2020,8
3,6,6,8.0,7,53,Finished,ricciardo,3,RIC,http://en.wikipedia.org/wiki/Daniel_Ricciardo,Daniel,Ricciardo,1989-07-01,Australian,renault,https://en.wikipedia.org/wiki/Renault_in_Formula_One,Renault,French,6434447.0,0 days 00:00:08.391000,4.0,38.0,0 days 00:01:23.898000,kph,248.573,2020,8
44,7,7,7.0,1,53,Finished,hamilton,44,HAM,http://en.wikipedia.org/wiki/Lewis_Hamilton,Lewis,Hamilton,1985-01-07,British,mercedes,https://en.wikipedia.org/wiki/Mercedes-Benz_in_Formula_One,Mercedes,German,6443301.0,0 days 00:00:17.245000,1.0,34.0,0 days 00:01:22.746000,kph,252.033,2020,8
31,8,8,4.0,12,53,Finished,ocon,31,OCO,http://en.wikipedia.org/wiki/Esteban_Ocon,Esteban,Ocon,1996-09-17,French,renault,https://en.wikipedia.org/wiki/Renault_in_Formula_One,Renault,French,6444747.0,0 days 00:00:18.691000,11.0,52.0,0 days 00:01:24.490000,kph,246.831,2020,8
26,9,9,2.0,11,53,Finished,kvyat,26,KVY,http://en.wikipedia.org/wiki/Daniil_Kvyat,Daniil,Kvyat,1994-04-26,Russian,alphatauri,https://en.wikipedia.org/wiki/Scuderia_AlphaTauri,AlphaTauri,Italian,6448264.0,0 days 00:00:22.208000,10.0,44.0,0 days 00:01:24.479000,kph,246.863,2020,8
11,10,10,1.0,4,53,Finished,perez,11,PER,http://en.wikipedia.org/wiki/Sergio_P%C3%A9rez,Sergio,Pérez,1990-01-26,Mexican,racing_point,https://en.wikipedia.org/wiki/Racing_Point_F1_Team,Racing Point,British,6449280.0,0 days 00:00:23.224000,8.0,50.0,0 days 00:01:24.336000,kph,247.282,2020,8
6,11,11,0.0,20,53,Finished,latifi,6,LAT,http://en.wikipedia.org/wiki/Nicholas_Latifi,Nicholas,Latifi,1995-06-29,Canadian,williams,https://en.wikipedia.org/wiki/Williams_Racing,Williams,British,6458932.0,0 days 00:00:32.876000,16.0,39.0,0 days 00:01:24.999000,kph,245.353,2020,8
8,12,12,0.0,16,53,Finished,grosjean,8,GRO,http://en.wikipedia.org/wiki/Romain_Grosjean,Romain,Grosjean,1986-04-17,French,haas,https://en.wikipedia.org/wiki/Haas_F1_Team,Haas F1 Team,American,6461220.0,0 days 00:00:35.164000,12.0,48.0,0 days 00:01:24.785000,kph,245.972,2020,8
7,13,13,0.0,14,53,Finished,raikkonen,7,RAI,http://en.wikipedia.org/wiki/Kimi_R%C3%A4ikk%C3%B6nen,Kimi,Räikkönen,1979-10-17,Finnish,alfa,https://en.wikipedia.org/wiki/Alfa_Romeo_in_Formula_One,Alfa Romeo,Swiss,6462368.0,0 days 00:00:36.312000,13.0,29.0,0 days 00:01:24.835000,kph,245.827,2020,8
63,14,14,0.0,19,53,Finished,russell,63,RUS,http://en.wikipedia.org/wiki/George_Russell_(racing_driver),George,Russell,1998-02-15,British,williams,https://en.wikipedia.org/wiki/Williams_Racing,Williams,British,6462649.0,0 days 00:00:36.593000,9.0,39.0,0 days 00:01:24.421000,kph,247.033,2020,8
23,15,15,0.0,9,53,Finished,albon,23,ALB,http://en.wikipedia.org/wiki/Alexander_Albon,Alexander,Albon,1996-03-23,Thai,red_bull,https://en.wikipedia.org/wiki/Red_Bull_Racing,Red Bull,Austrian,6463589.0,0 days 00:00:37.533000,15.0,48.0,0 days 00:01:24.926000,kph,245.564,2020,8
99,16,16,0.0,18,53,Finished,giovinazzi,99,GIO,http://en.wikipedia.org/wiki/Antonio_Giovinazzi,Antonio,Giovinazzi,1993-12-14,Italian,alfa,https://en.wikipedia.org/wiki/Alfa_Romeo_in_Formula_One,Alfa Romeo,Swiss,6481255.0,0 days 00:00:55.199000,14.0,43.0,0 days 00:01:24.856000,kph,245.766,2020,8
33,17,R,0.0,5,30,Power Unit,max_verstappen,3,VER,http://en.wikipedia.org/wiki/Max_Verstappen,Max,Verstappen,1997-09-30,Dutch,red_bull,https://en.wikipedia.org/wiki/Red_Bull_Racing,Red Bull,Austrian,,,17.0,10.0,0 days 00:01:25.539000,kph,243.804,2020,8
16,18,R,0.0,13,23,Accident,leclerc,16,LEC,http://en.wikipedia.org/wiki/Charles_Leclerc,Charles,Leclerc,1997-10-16,Monegasque,ferrari,https://en.wikipedia.org/wiki/Scuderia_Ferrari,Ferrari,Italian,,,19.0,19.0,0 days 00:01:26.026000,kph,242.424,2020,8
20,19,R,0.0,15,17,Power Unit,kevin_magnussen,20,MAG,http://en.wikipedia.org/wiki/Kevin_Magnussen,Kevin,Magnussen,1992-10-05,Danish,haas,https://en.wikipedia.org/wiki/Haas_F1_Team,Haas F1 Team,American,,,18.0,10.0,0 days 00:01:25.787000,kph,243.099,2020,8
5,20,R,0.0,17,6,Brakes,vettel,5,VET,http://en.wikipedia.org/wiki/Sebastian_Vettel,Sebastian,Vettel,1987-07-03,German,ferrari,https://en.wikipedia.org/wiki/Scuderia_Ferrari,Ferrari,Italian,,,20.0,4.0,0 days 00:01:27.107000,kph,239.415,2020,8
44,1,1,26.0,1,59,Finished,hamilton,44,HAM,http://en.wikipedia.org/wiki/Lewis_Hamilton,Lewis,Hamilton,1985-01-07,British,mercedes,https://en.wikipedia.org/wiki/Mercedes-Benz_in_Formula_One,Mercedes,German,8375059.0,0 days 02:19:35.060000,1.0,58.0,0 days 00:01:18.833000,kph,239.518,2020,9
77,2,2,18.0,2,59,Finished,bottas,77,BOT,http://en.wikipedia.org/wiki/Valtteri_Bottas,Valtteri,Bottas,1989-08-28,Finnish,mercedes,https://en.wikipedia.org/wiki/Mercedes-Benz_in_Formula_One,Mercedes,German,8379940.0,0 days 00:00:04.880000,2.0,53.0,0 days 00:01:19.432000,kph,237.712,2020,9
23,3,3,15.0,4,59,Finished,albon,23,ALB,http://en.wikipedia.org/wiki/Alexander_Albon,Alexander,Albon,1996-03-23,Thai,red_bull,https://en.wikipedia.org/wiki/Red_Bull_Racing,Red Bull,Austrian,8383124.0,0 days 00:00:08.064000,3.0,51.0,0 days 00:01:20.039000,kph,235.909,2020,9
3,4,4,12.0,8,59,Finished,ricciardo,3,RIC,http://en.wikipedia.org/wiki/Daniel_Ricciardo,Daniel,Ricciardo,1989-07-01,Australian,renault,https://en.wikipedia.org/wiki/Renault_in_Formula_One,Renault,French,8385477.0,0 days 00:00:10.417000,4.0,57.0,0 days 00:01:20.426000,kph,234.774,2020,9
11,5,5,10.0,7,59,Finished,perez,11,PER,http://en.wikipedia.org/wiki/Sergio_P%C3%A9rez,Sergio,Pérez,1990-01-26,Mexican,racing_point,https://en.wikipedia.org/wiki/Racing_Point_F1_Team,Racing Point,British,8390710.0,0 days 00:00:15.650000,5.0,59.0,0 days 00:01:20.632000,kph,234.175,2020,9
4,6,6,8.0,11,59,Finished,norris,1,NOR,http://en.wikipedia.org/wiki/Lando_Norris,Lando,Norris,1999-11-13,British,mclaren,https://en.wikipedia.org/wiki/McLaren,McLaren,British,8393943.0,0 days 00:00:18.883000,7.0,59.0,0 days 00:01:21.198000,kph,232.542,2020,9
26,7,7,6.0,12,59,Finished,kvyat,26,KVY,http://en.wikipedia.org/wiki/Daniil_Kvyat,Daniil,Kvyat,1994-04-26,Russian,alphatauri,https://en.wikipedia.org/wiki/Scuderia_AlphaTauri,AlphaTauri,Italian,8396816.0,0 days 00:00:21.756000,10.0,51.0,0 days 00:01:21.458000,kph,231.8,2020,9
16,8,8,4.0,5,59,Finished,leclerc,16,LEC,http://en.wikipedia.org/wiki/Charles_Leclerc,Charles,Leclerc,1997-10-16,Monegasque,ferrari,https://en.wikipedia.org/wiki/Scuderia_Ferrari,Ferrari,Italian,8403405.0,0 days 00:00:28.345000,9.0,50.0,0 days 00:01:21.229000,kph,232.453,2020,9
7,9,9,2.0,13,59,Finished,raikkonen,7,RAI,http://en.wikipedia.org/wiki/Kimi_R%C3%A4ikk%C3%B6nen,Kimi,Räikkönen,1979-10-17,Finnish,alfa,https://en.wikipedia.org/wiki/Alfa_Romeo_in_Formula_One,Alfa Romeo,Swiss,8404830.0,0 days 00:00:29.770000,6.0,59.0,0 days 00:01:21.164000,kph,232.64,2020,9
5,10,10,1.0,14,59,Finished,vettel,5,VET,http://en.wikipedia.org/wiki/Sebastian_Vettel,Sebastian,Vettel,1987-07-03,German,ferrari,https://en.wikipedia.org/wiki/Scuderia_Ferrari,Ferrari,Italian,8405043.0,0 days 00:00:29.983000,8.0,59.0,0 days 00:01:21.202000,kph,232.531,2020,9
63,11,11,0.0,18,59,Finished,russell,63,RUS,http://en.wikipedia.org/wiki/George_Russell_(racing_driver),George,Russell,1998-02-15,British,williams,https://en.wikipedia.org/wiki/Williams_Racing,Williams,British,8407464.0,0 days 00:00:32.404000,11.0,58.0,0 days 00:01:21.645000,kph,231.269,2020,9
8,12,12,0.0,15,59,Finished,grosjean,8,GRO,http://en.wikipedia.org/wiki/Romain_Grosjean,Romain,Grosjean,1986-04-17,French,haas,https://en.wikipedia.org/wiki/Haas_F1_Team,Haas F1 Team,American,8417096.0,0 days 00:00:42.036000,13.0,59.0,0 days 00:01:22.263000,kph,229.532,2020,9
18,13,R,0.0,6,42,Puncture,stroll,18,STR,http://en.wikipedia.org/wiki/Lance_Stroll,Lance,Stroll,1998-10-29,Canadian,racing_point,https://en.wikipedia.org/wiki/Racing_Point_F1_Team,Racing Point,British,,,12.0,42.0,0 days 00:01:22.068000,kph,230.077,2020,9
31,14,R,0.0,10,7,Brakes,ocon,31,OCO,http://en.wikipedia.org/wiki/Esteban_Ocon,Esteban,Ocon,1996-09-17,French,renault,https://en.wikipedia.org/wiki/Renault_in_Formula_One,Renault,French,,,15.0,6.0,0 days 00:02:11.793000,kph,143.27,2020,9
6,15,R,0.0,19,6,Collision,latifi,6,LAT,http://en.wikipedia.org/wiki/Nicholas_Latifi,Nicholas,Latifi,1995-06-29,Canadian,williams,https://en.wikipedia.org/wiki/Williams_Racing,Williams,British,,,14.0,6.0,0 days 00:02:11.365000,kph,143.736,2020,9
20,16,R,0.0,20,5,Collision,kevin_magnussen,20,MAG,http://en.wikipedia.org/wiki/Kevin_Magnussen,Kevin,Magnussen,1992-10-05,Danish,haas,https://en.wikipedia.org/wiki/Haas_F1_Team,Haas F1 Team,American,,,17.0,4.0,0 days 00:02:13.812000,kph,141.108,2020,9
99,17,R,0.0,17,5,Collision,giovinazzi,99,GIO,http://en.wikipedia.org/wiki/Antonio_Giovinazzi,Antonio,Giovinazzi,1993-12-14,Italian,alfa,https://en.wikipedia.org/wiki/Alfa_Romeo_in_Formula_One,Alfa Romeo,Swiss,,,16.0,4.0,0 days 00:02:13.809000,kph,141.111,2020,9
55,18,R,0.0,9,5,Collision,sainz,55,SAI,http://en.wikipedia.org/wiki/Carlos_Sainz_Jr.,Carlos,Sainz,1994-09-01,Spanish,mclaren,https://en.wikipedia.org/wiki/McLaren,McLaren,British,,,18.0,5.0,0 days 00:02:14.103000,kph,140.802,2020,9
33,19,R,0.0,3,0,Collision,max_verstappen,3,VER,http://en.wikipedia.org/wiki/Max_Verstappen,Max,Verstappen,1997-09-30,Dutch,red_bull,https://en.wikipedia.org/wiki/Red_Bull_Racing,Red Bull,Austrian,,,,,,,,2020,9
10,20,R,0.0,16,0,Collision,gasly,10,GAS,http://en.wikipedia.org/wiki/Pierre_Gasly,Pierre,Gasly,1996-02-07,French,alphatauri,https://en.wikipedia.org/wiki/Scuderia_AlphaTauri,AlphaTauri,Italian,,,,,,,,2020,9
77,1,1,26.0,3,53,Finished,bottas,77,BOT,http://en.wikipedia.org/wiki/Valtteri_Bottas,Valtteri,Bottas,1989-08-28,Finnish,mercedes,https://en.wikipedia.org/wiki/Mercedes-Benz_in_Formula_One,Mercedes,German,5640364.0,0 days 01:34:00.364000,1.0,51.0,0 days 00:01:37.030000,kph,216.972,2020,10
33,2,2,18.0,2,53,Finished,max_verstappen,3,VER,http://en.wikipedia.org/wiki/Max_Verstappen,Max,Verstappen,1997-09-30,Dutch,red_bull,https://en.wikipedia.org/wiki/Red_Bull_Racing,Red Bull,Austrian,5648093.0,0 days 00:00:07.729000,3.0,53.0,0 days 00:01:37.332000,kph,216.298,2020,10
44,3,3,15.0,1,53,Finished,hamilton,44,HAM,http://en.wikipedia.org/wiki/Lewis_Hamilton,Lewis,Hamilton,1985-01-07,British,mercedes,https://en.wikipedia.org/wiki/Mercedes-Benz_in_Formula_One,Mercedes,German,5663093.0,0 days 00:00:22.729000,7.0,48.0,0 days 00:01:38.075000,kph,214.66,2020,10
11,4,4,12.0,4,53,Finished,perez,11,PER,http://en.wikipedia.org/wiki/Sergio_P%C3%A9rez,Sergio,Pérez,1990-01-26,Mexican,racing_point,https://en.wikipedia.org/wiki/Racing_Point_F1_Team,Racing Point,British,5670922.0,0 days 00:00:30.558000,8.0,52.0,0 days 00:01:38.141000,kph,214.515,2020,10
3,5,5,10.0,5,53,Finished,ricciardo,3,RIC,http://en.wikipedia.org/wiki/Daniel_Ricciardo,Daniel,Ricciardo,1989-07-01,Australian,renault,https://en.wikipedia.org/wiki/Renault_in_Formula_One,Renault,French,5692429.0,0 days 00:00:52.065000,6.0,53.0,0 days 00:01:37.886000,kph,215.074,2020,10
16,6,6,8.0,10,53,Finished,leclerc,16,LEC,http://en.wikipedia.org/wiki/Charles_Leclerc,Charles,Leclerc,1997-10-16,Monegasque,ferrari,https://en.wikipedia.org/wiki/Scuderia_Ferrari,Ferrari,Italian,5702550.0,0 days 00:01:02.186000,11.0,47.0,0 days 00:01:39.053000,kph,212.54,2020,10
31,7,7,6.0,7,53,Finished,ocon,31,OCO,http://en.wikipedia.org/wiki/Esteban_Ocon,Esteban,Ocon,1996-09-17,French,renault,https://en.wikipedia.org/wiki/Renault_in_Formula_One,Renault,French,5708370.0,0 days 00:01:08.006000,13.0,48.0,0 days 00:01:39.216000,kph,212.191,2020,10
26,8,8,4.0,11,53,Finished,kvyat,26,KVY,http://en.wikipedia.org/wiki/Daniil_Kvyat,Daniil,Kvyat,1994-04-26,Russian,alphatauri,https://en.wikipedia.org/wiki/Scuderia_AlphaTauri,AlphaTauri,Italian,5709104.0,0 days 00:01:08.740000,12.0,48.0,0 days 00:01:39.133000,kph,212.369,2020,10
10,9,9,2.0,9,53,Finished,gasly,10,GAS,http://en.wikipedia.org/wiki/Pierre_Gasly,Pierre,Gasly,1996-02-07,French,alphatauri,https://en.wikipedia.org/wiki/Scuderia_AlphaTauri,AlphaTauri,Italian,5730130.0,0 days 00:01:29.766000,2.0,50.0,0 days 00:01:37.231000,kph,216.523,2020,10
23,10,10,1.0,15,53,Finished,albon,23,ALB,http://en.wikipedia.org/wiki/Alexander_Albon,Alexander,Albon,1996-03-23,Thai,red_bull,https://en.wikipedia.org/wiki/Red_Bull_Racing,Red Bull,Austrian,5738224.0,0 days 00:01:37.860000,9.0,51.0,0 days 00:01:38.377000,kph,214.001,2020,10
99,11,11,0.0,17,52,+1 Lap,giovinazzi,99,GIO,http://en.wikipedia.org/wiki/Antonio_Giovinazzi,Antonio,Giovinazzi,1993-12-14,Italian,alfa,https://en.wikipedia.org/wiki/Alfa_Romeo_in_Formula_One,Alfa Romeo,Swiss,,,16.0,44.0,0 days 00:01:39.766000,kph,211.021,2020,10
20,12,12,0.0,18,52,+1 Lap,kevin_magnussen,20,MAG,http://en.wikipedia.org/wiki/Kevin_Magnussen,Kevin,Magnussen,1992-10-05,Danish,haas,https://en.wikipedia.org/wiki/Haas_F1_Team,Haas F1 Team,American,,,17.0,52.0,0 days 00:01:40.380000,kph,209.731,2020,10
5,13,13,0.0,14,52,+1 Lap,vettel,5,VET,http://en.wikipedia.org/wiki/Sebastian_Vettel,Sebastian,Vettel,1987-07-03,German,ferrari,https://en.wikipedia.org/wiki/Scuderia_Ferrari,Ferrari,Italian,,,14.0,46.0,0 days 00:01:39.588000,kph,211.398,2020,10
7,14,14,0.0,19,52,+1 Lap,raikkonen,7,RAI,http://en.wikipedia.org/wiki/Kimi_R%C3%A4ikk%C3%B6nen,Kimi,Räikkönen,1979-10-17,Finnish,alfa,https://en.wikipedia.org/wiki/Alfa_Romeo_in_Formula_One,Alfa Romeo,Swiss,,,10.0,37.0,0 days 00:01:38.858000,kph,212.96,2020,10
4,15,15,0.0,8,52,+1 Lap,norris,1,NOR,http://en.wikipedia.org/wiki/Lando_Norris,Lando,Norris,1999-11-13,British,mclaren,https://en.wikipedia.org/wiki/McLaren,McLaren,British,,,5.0,50.0,0 days 00:01:37.377000,kph,216.198,2020,10
6,16,16,0.0,20,52,+1 Lap,latifi,6,LAT,http://en.wikipedia.org/wiki/Nicholas_Latifi,Nicholas,Latifi,1995-06-29,Canadian,williams,https://en.wikipedia.org/wiki/Williams_Racing,Williams,British,,,18.0,47.0,0 days 00:01:41.044000,kph,208.352,2020,10
8,17,17,0.0,16,52,+1 Lap,grosjean,8,GRO,http://en.wikipedia.org/wiki/Romain_Grosjean,Romain,Grosjean,1986-04-17,French,haas,https://en.wikipedia.org/wiki/Haas_F1_Team,Haas F1 Team,American,,,15.0,44.0,0 days 00:01:39.614000,kph,211.343,2020,10
63,18,18,0.0,13,52,+1 Lap,russell,63,RUS,http://en.wikipedia.org/wiki/George_Russell_(racing_driver),George,Russell,1998-02-15,British,williams,https://en.wikipedia.org/wiki/Williams_Racing,Williams,British,,,4.0,52.0,0 days 00:01:37.352000,kph,216.254,2020,10
55,19,R,0.0,6,0,Accident,sainz,55,SAI,http://en.wikipedia.org/wiki/Carlos_Sainz_Jr.,Carlos,Sainz,1994-09-01,Spanish,mclaren,https://en.wikipedia.org/wiki/McLaren,McLaren,British,,,,,,,,2020,10
18,20,R,0.0,12,0,Collision,stroll,18,STR,http://en.wikipedia.org/wiki/Lance_Stroll,Lance,Stroll,1998-10-29,Canadian,racing_point,https://en.wikipedia.org/wiki/Racing_Point_F1_Team,Racing Point,British,,,,,,,,2020,10
44,1,1,25.0,2,60,Finished,hamilton,44,HAM,http://en.wikipedia.org/wiki/Lewis_Hamilton,Lewis,Hamilton,1985-01-07,British,mercedes,https://en.wikipedia.org/wiki/Mercedes-Benz_in_Formula_One,Mercedes,German,5749641.0,0 days 01:35:49.641000,2.0,58.0,0 days 00:01:28.145000,kph,210.253,2020,11
33,2,2,19.0,3,60,Finished,max_verstappen,3,VER,http://en.wikipedia.org/wiki/Max_Verstappen,Max,Verstappen,1997-09-30,Dutch,red_bull,https://en.wikipedia.org/wiki/Red_Bull_Racing,Red Bull,Austrian,5754111.0,0 days 00:00:04.470000,1.0,60.0,0 days 00:01:28.139000,kph,210.267,2020,11
3,3,3,15.0,6,60,Finished,ricciardo,3,RIC,http://en.wikipedia.org/wiki/Daniel_Ricciardo,Daniel,Ricciardo,1989-07-01,Australian,renault,https://en.wikipedia.org/wiki/Renault_in_Formula_One,Renault,French,5764254.0,0 days 00:00:14.613000,3.0,53.0,0 days 00:01:29.584000,kph,206.876,2020,11
11,4,4,12.0,9,60,Finished,perez,11,PER,http://en.wikipedia.org/wiki/Sergio_P%C3%A9rez,Sergio,Pérez,1990-01-26,Mexican,racing_point,https://en.wikipedia.org/wiki/Racing_Point_F1_Team,Racing Point,British,5765711.0,0 days 00:00:16.070000,4.0,58.0,0 days 00:01:29.700000,kph,206.608,2020,11
55,5,5,10.0,10,60,Finished,sainz,55,SAI,http://en.wikipedia.org/wiki/Carlos_Sainz_Jr.,Carlos,Sainz,1994-09-01,Spanish,mclaren,https://en.wikipedia.org/wiki/McLaren,McLaren,British,5771546.0,0 days 00:00:21.905000,6.0,53.0,0 days 00:01:30.129000,kph,205.625,2020,11
10,6,6,8.0,12,60,Finished,gasly,10,GAS,http://en.wikipedia.org/wiki/Pierre_Gasly,Pierre,Gasly,1996-02-07,French,alphatauri,https://en.wikipedia.org/wiki/Scuderia_AlphaTauri,AlphaTauri,Italian,5772407.0,0 days 00:00:22.766000,5.0,53.0,0 days 00:01:30.110000,kph,205.668,2020,11
16,7,7,6.0,4,60,Finished,leclerc,16,LEC,http://en.wikipedia.org/wiki/Charles_Leclerc,Charles,Leclerc,1997-10-16,Monegasque,ferrari,https://en.wikipedia.org/wiki/Scuderia_Ferrari,Ferrari,Italian,5780455.0,0 days 00:00:30.814000,10.0,54.0,0 days 00:01:30.712000,kph,204.303,2020,11
27,8,8,4.0,20,60,Finished,hulkenberg,27,HUL,http://en.wikipedia.org/wiki/Nico_H%C3%BClkenberg,Nico,Hülkenberg,1987-08-19,German,racing_point,https://en.wikipedia.org/wiki/Racing_Point_F1_Team,Racing Point,British,5782237.0,0 days 00:00:32.596000,11.0,58.0,0 days 00:01:30.733000,kph,204.256,2020,11
8,9,9,2.0,16,60,Finished,grosjean,8,GRO,http://en.wikipedia.org/wiki/Romain_Grosjean,Romain,Grosjean,1986-04-17,French,haas,https://en.wikipedia.org/wiki/Haas_F1_Team,Haas F1 Team,American,5788722.0,0 days 00:00:39.081000,14.0,54.0,0 days 00:01:31.562000,kph,202.407,2020,11
99,10,10,1.0,14,60,Finished,giovinazzi,99,GIO,http://en.wikipedia.org/wiki/Antonio_Giovinazzi,Antonio,Giovinazzi,1993-12-14,Italian,alfa,https://en.wikipedia.org/wiki/Alfa_Romeo_in_Formula_One,Alfa Romeo,Swiss,5789676.0,0 days 00:00:40.035000,12.0,38.0,0 days 00:01:30.909000,kph,203.861,2020,11
5,11,11,0.0,11,60,Finished,vettel,5,VET,http://en.wikipedia.org/wiki/Sebastian_Vettel,Sebastian,Vettel,1987-07-03,German,ferrari,https://en.wikipedia.org/wiki/Scuderia_Ferrari,Ferrari,Italian,5790451.0,0 days 00:00:40.810000,7.0,43.0,0 days 00:01:30.408000,kph,204.99,2020,11
7,12,12,0.0,19,60,Finished,raikkonen,7,RAI,http://en.wikipedia.org/wiki/Kimi_R%C3%A4ikk%C3%B6nen,Kimi,Räikkönen,1979-10-17,Finnish,alfa,https://en.wikipedia.org/wiki/Alfa_Romeo_in_Formula_One,Alfa Romeo,Swiss,5791117.0,0 days 00:00:41.476000,9.0,54.0,0 days 00:01:30.512000,kph,204.755,2020,11
20,13,13,0.0,15,60,Finished,kevin_magnussen,20,MAG,http://en.wikipedia.org/wiki/Kevin_Magnussen,Kevin,Magnussen,1992-10-05,Danish,haas,https://en.wikipedia.org/wiki/Haas_F1_Team,Haas F1 Team,American,5799226.0,0 days 00:00:49.585000,8.0,37.0,0 days 00:01:30.456000,kph,204.881,2020,11
6,14,14,0.0,18,60,Finished,latifi,6,LAT,http://en.wikipedia.org/wiki/Nicholas_Latifi,Nicholas,Latifi,1995-06-29,Canadian,williams,https://en.wikipedia.org/wiki/Williams_Racing,Williams,British,5804090.0,0 days 00:00:54.449000,13.0,39.0,0 days 00:01:31.377000,kph,202.816,2020,11
26,15,15,0.0,13,60,Finished,kvyat,26,KVY,http://en.wikipedia.org/wiki/Daniil_Kvyat,Daniil,Kvyat,1994-04-26,Russian,alphatauri,https://en.wikipedia.org/wiki/Scuderia_AlphaTauri,AlphaTauri,Italian,5805229.0,0 days 00:00:55.588000,16.0,41.0,0 days 00:01:32.214000,kph,200.975,2020,11
4,16,R,0.0,8,42,Power Unit,norris,1,NOR,http://en.wikipedia.org/wiki/Lando_Norris,Lando,Norris,1999-11-13,British,mclaren,https://en.wikipedia.org/wiki/McLaren,McLaren,British,,,17.0,40.0,0 days 00:01:32.328000,kph,200.727,2020,11
23,17,R,0.0,5,23,Radiator,albon,23,ALB,http://en.wikipedia.org/wiki/Alexander_Albon,Alexander,Albon,1996-03-23,Thai,red_bull,https://en.wikipedia.org/wiki/Red_Bull_Racing,Red Bull,Austrian,,,18.0,9.0,0 days 00:01:32.330000,kph,200.723,2020,11
31,18,R,0.0,7,22,Gearbox,ocon,31,OCO,http://en.wikipedia.org/wiki/Esteban_Ocon,Esteban,Ocon,1996-09-17,French,renault,https://en.wikipedia.org/wiki/Renault_in_Formula_One,Renault,French,,,19.0,21.0,0 days 00:01:33.189000,kph,198.873,2020,11
77,19,R,0.0,1,18,Power Unit,bottas,77,BOT,http://en.wikipedia.org/wiki/Valtteri_Bottas,Valtteri,Bottas,1989-08-28,Finnish,mercedes,https://en.wikipedia.org/wiki/Mercedes-Benz_in_Formula_One,Mercedes,German,,,15.0,8.0,0 days 00:01:31.884000,kph,201.697,2020,11
63,20,R,0.0,17,12,Collision,russell,63,RUS,http://en.wikipedia.org/wiki/George_Russell_(racing_driver),George,Russell,1998-02-15,British,williams,https://en.wikipedia.org/wiki/Williams_Racing,Williams,British,,,20.0,6.0,0 days 00:01:34.526000,kph,196.06,2020,11
44,1,1,26.0,1,66,Finished,hamilton,44,HAM,http://en.wikipedia.org/wiki/Lewis_Hamilton,Lewis,Hamilton,1985-01-07,British,mercedes,https://en.wikipedia.org/wiki/Mercedes-Benz_in_Formula_One,Mercedes,German,5396828.0,0 days 01:29:56.828000,1.0,63.0,0 days 00:01:18.750000,kph,212.708,2020,12
77,2,2,18.0,2,66,Finished,bottas,77,BOT,http://en.wikipedia.org/wiki/Valtteri_Bottas,Valtteri,Bottas,1989-08-28,Finnish,mercedes,https://en.wikipedia.org/wiki/Mercedes-Benz_in_Formula_One,Mercedes,German,5422420.0,0 days 00:00:25.592000,2.0,66.0,0 days 00:01:19.345000,kph,211.113,2020,12
33,3,3,15.0,3,66,Finished,max_verstappen,3,VER,http://en.wikipedia.org/wiki/Max_Verstappen,Max,Verstappen,1997-09-30,Dutch,red_bull,https://en.wikipedia.org/wiki/Red_Bull_Racing,Red Bull,Austrian,5431336.0,0 days 00:00:34.508000,4.0,62.0,0 days 00:01:19.854000,kph,209.767,2020,12
16,4,4,12.0,4,66,Finished,leclerc,16,LEC,http://en.wikipedia.org/wiki/Charles_Leclerc,Charles,Leclerc,1997-10-16,Monegasque,ferrari,https://en.wikipedia.org/wiki/Scuderia_Ferrari,Ferrari,Italian,5462140.0,0 days 00:01:05.312000,7.0,66.0,0 days 00:01:20.408000,kph,208.322,2020,12
10,5,5,10.0,9,65,+1 Lap,gasly,10,GAS,http://en.wikipedia.org/wiki/Pierre_Gasly,Pierre,Gasly,1996-02-07,French,alphatauri,https://en.wikipedia.org/wiki/Scuderia_AlphaTauri,AlphaTauri,Italian,,,9.0,65.0,0 days 00:01:20.551000,kph,207.952,2020,12
55,6,6,8.0,7,65,+1 Lap,sainz,55,SAI,http://en.wikipedia.org/wiki/Carlos_Sainz_Jr.,Carlos,Sainz,1994-09-01,Spanish,mclaren,https://en.wikipedia.org/wiki/McLaren,McLaren,British,,,6.0,65.0,0 days 00:01:20.268000,kph,208.685,2020,12
11,7,7,6.0,5,65,+1 Lap,perez,11,PER,http://en.wikipedia.org/wiki/Sergio_P%C3%A9rez,Sergio,Pérez,1990-01-26,Mexican,racing_point,https://en.wikipedia.org/wiki/Racing_Point_F1_Team,Racing Point,British,,,11.0,49.0,0 days 00:01:20.802000,kph,207.306,2020,12
31,8,8,4.0,11,65,+1 Lap,ocon,31,OCO,http://en.wikipedia.org/wiki/Esteban_Ocon,Esteban,Ocon,1996-09-17,French,renault,https://en.wikipedia.org/wiki/Renault_in_Formula_One,Renault,French,,,12.0,61.0,0 days 00:01:20.859000,kph,207.16,2020,12
3,9,9,2.0,10,65,+1 Lap,ricciardo,3,RIC,http://en.wikipedia.org/wiki/Daniel_Ricciardo,Daniel,Ricciardo,1989-07-01,Australian,renault,https://en.wikipedia.org/wiki/Renault_in_Formula_One,Renault,French,,,14.0,61.0,0 days 00:01:20.906000,kph,207.04,2020,12
5,10,10,1.0,15,65,+1 Lap,vettel,5,VET,http://en.wikipedia.org/wiki/Sebastian_Vettel,Sebastian,Vettel,1987-07-03,German,ferrari,https://en.wikipedia.org/wiki/Scuderia_Ferrari,Ferrari,Italian,,,10.0,62.0,0 days 00:01:20.731000,kph,207.489,2020,12
7,11,11,0.0,16,65,+1 Lap,raikkonen,7,RAI,http://en.wikipedia.org/wiki/Kimi_R%C3%A4ikk%C3%B6nen,Kimi,Räikkönen,1979-10-17,Finnish,alfa,https://en.wikipedia.org/wiki/Alfa_Romeo_in_Formula_One,Alfa Romeo,Swiss,,,15.0,60.0,0 days 00:01:21.058000,kph,206.652,2020,12
23,12,12,0.0,6,65,+1 Lap,albon,23,ALB,http://en.wikipedia.org/wiki/Alexander_Albon,Alexander,Albon,1996-03-23,Thai,red_bull,https://en.wikipedia.org/wiki/Red_Bull_Racing,Red Bull,Austrian,,,5.0,61.0,0 days 00:01:19.890000,kph,209.673,2020,12
4,13,13,0.0,8,65,+1 Lap,norris,1,NOR,http://en.wikipedia.org/wiki/Lando_Norris,Lando,Norris,1999-11-13,British,mclaren,https://en.wikipedia.org/wiki/McLaren,McLaren,British,,,3.0,65.0,0 days 00:01:19.360000,kph,211.073,2020,12
63,14,14,0.0,14,65,+1 Lap,russell,63,RUS,http://en.wikipedia.org/wiki/George_Russell_(racing_driver),George,Russell,1998-02-15,British,williams,https://en.wikipedia.org/wiki/Williams_Racing,Williams,British,,,13.0,62.0,0 days 00:01:20.882000,kph,207.101,2020,12
99,15,15,0.0,17,65,+1 Lap,giovinazzi,99,GIO,http://en.wikipedia.org/wiki/Antonio_Giovinazzi,Antonio,Giovinazzi,1993-12-14,Italian,alfa,https://en.wikipedia.org/wiki/Alfa_Romeo_in_Formula_One,Alfa Romeo,Swiss,,,20.0,46.0,0 days 00:01:21.893000,kph,204.544,2020,12
20,16,16,0.0,19,65,+1 Lap,kevin_magnussen,20,MAG,http://en.wikipedia.org/wiki/Kevin_Magnussen,Kevin,Magnussen,1992-10-05,Danish,haas,https://en.wikipedia.org/wiki/Haas_F1_Team,Haas F1 Team,American,,,16.0,63.0,0 days 00:01:21.460000,kph,205.632,2020,12
8,17,17,0.0,18,65,+1 Lap,grosjean,8,GRO,http://en.wikipedia.org/wiki/Romain_Grosjean,Romain,Grosjean,1986-04-17,French,haas,https://en.wikipedia.org/wiki/Haas_F1_Team,Haas F1 Team,American,,,17.0,59.0,0 days 00:01:21.664000,kph,205.118,2020,12
6,18,18,0.0,20,64,+2 Laps,latifi,6,LAT,http://en.wikipedia.org/wiki/Nicholas_Latifi,Nicholas,Latifi,1995-06-29,Canadian,williams,https://en.wikipedia.org/wiki/Williams_Racing,Williams,British,,,19.0,53.0,0 days 00:01:21.859000,kph,204.629,2020,12
26,19,19,0.0,13,64,+2 Laps,kvyat,26,KVY,http://en.wikipedia.org/wiki/Daniil_Kvyat,Daniil,Kvyat,1994-04-26,Russian,alphatauri,https://en.wikipedia.org/wiki/Scuderia_AlphaTauri,AlphaTauri,Italian,,,8.0,59.0,0 days 00:01:20.449000,kph,208.216,2020,12
18,20,R,0.0,12,51,Collision damage,stroll,18,STR,http://en.wikipedia.org/wiki/Lance_Stroll,Lance,Stroll,1998-10-29,Canadian,racing_point,https://en.wikipedia.org/wiki/Racing_Point_F1_Team,Racing Point,British,,,18.0,45.0,0 days 00:01:21.694000,kph,205.043,2020,12
44,1,1,26.0,2,63,Finished,hamilton,44,HAM,http://en.wikipedia.org/wiki/Lewis_Hamilton,Lewis,Hamilton,1985-01-07,British,mercedes,https://en.wikipedia.org/wiki/Mercedes-Benz_in_Formula_One,Mercedes,German,5312430.0,0 days 01:28:32.430000,1.0,63.0,0 days 00:01:15.484000,kph,234.121,2020,13
77,2,2,18.0,1,63,Finished,bottas,77,BOT,http://en.wikipedia.org/wiki/Valtteri_Bottas,Valtteri,Bottas,1989-08-28,Finnish,mercedes,https://en.wikipedia.org/wiki/Mercedes-Benz_in_Formula_One,Mercedes,German,5318213.0,0 days 00:00:05.783000,2.0,63.0,0 days 00:01:15.902000,kph,232.831,2020,13
3,3,3,15.0,5,63,Finished,ricciardo,3,RIC,http://en.wikipedia.org/wiki/Daniel_Ricciardo,Daniel,Ricciardo,1989-07-01,Australian,renault,https://en.wikipedia.org/wiki/Renault_in_Formula_One,Renault,French,5326750.0,0 days 00:00:14.320000,4.0,62.0,0 days 00:01:17.552000,kph,227.878,2020,13
26,4,4,12.0,8,63,Finished,kvyat,26,KVY,http://en.wikipedia.org/wiki/Daniil_Kvyat,Daniil,Kvyat,1994-04-26,Russian,alphatauri,https://en.wikipedia.org/wiki/Scuderia_AlphaTauri,AlphaTauri,Italian,5327571.0,0 days 00:00:15.141000,6.0,62.0,0 days 00:01:17.666000,kph,227.543,2020,13
16,5,5,10.0,7,63,Finished,leclerc,16,LEC,http://en.wikipedia.org/wiki/Charles_Leclerc,Charles,Leclerc,1997-10-16,Monegasque,ferrari,https://en.wikipedia.org/wiki/Scuderia_Ferrari,Ferrari,Italian,5331541.0,0 days 00:00:19.111000,12.0,62.0,0 days 00:01:18.173000,kph,226.067,2020,13
11,6,6,8.0,11,63,Finished,perez,11,PER,http://en.wikipedia.org/wiki/Sergio_P%C3%A9rez,Sergio,Pérez,1990-01-26,Mexican,racing_point,https://en.wikipedia.org/wiki/Racing_Point_F1_Team,Racing Point,British,5332082.0,0 days 00:00:19.652000,9.0,49.0,0 days 00:01:18.084000,kph,226.325,2020,13
55,7,7,6.0,10,63,Finished,sainz,55,SAI,http://en.wikipedia.org/wiki/Carlos_Sainz_Jr.,Carlos,Sainz,1994-09-01,Spanish,mclaren,https://en.wikipedia.org/wiki/McLaren,McLaren,British,5332660.0,0 days 00:00:20.230000,11.0,62.0,0 days 00:01:18.118000,kph,226.226,2020,13
4,8,8,4.0,9,63,Finished,norris,1,NOR,http://en.wikipedia.org/wiki/Lando_Norris,Lando,Norris,1999-11-13,British,mclaren,https://en.wikipedia.org/wiki/McLaren,McLaren,British,5333561.0,0 days 00:00:21.131000,8.0,63.0,0 days 00:01:18.069000,kph,226.368,2020,13
7,9,9,2.0,18,63,Finished,raikkonen,7,RAI,http://en.wikipedia.org/wiki/Kimi_R%C3%A4ikk%C3%B6nen,Kimi,Räikkönen,1979-10-17,Finnish,alfa,https://en.wikipedia.org/wiki/Alfa_Romeo_in_Formula_One,Alfa Romeo,Swiss,5334654.0,0 days 00:00:22.224000,10.0,63.0,0 days 00:01:18.088000,kph,226.313,2020,13
99,10,10,1.0,20,63,Finished,giovinazzi,99,GIO,http://en.wikipedia.org/wiki/Antonio_Giovinazzi,Antonio,Giovinazzi,1993-12-14,Italian,alfa,https://en.wikipedia.org/wiki/Alfa_Romeo_in_Formula_One,Alfa Romeo,Swiss,5338828.0,0 days 00:00:26.398000,15.0,61.0,0 days 00:01:18.794000,kph,224.286,2020,13
6,11,11,0.0,19,63,Finished,latifi,6,LAT,http://en.wikipedia.org/wiki/Nicholas_Latifi,Nicholas,Latifi,1995-06-29,Canadian,williams,https://en.wikipedia.org/wiki/Williams_Racing,Williams,British,5339565.0,0 days 00:00:27.135000,14.0,37.0,0 days 00:01:18.719000,kph,224.499,2020,13
5,12,12,0.0,14,63,Finished,vettel,5,VET,http://en.wikipedia.org/wiki/Sebastian_Vettel,Sebastian,Vettel,1987-07-03,German,ferrari,https://en.wikipedia.org/wiki/Scuderia_Ferrari,Ferrari,Italian,5340883.0,0 days 00:00:28.453000,7.0,44.0,0 days 00:01:17.767000,kph,227.248,2020,13
18,13,13,0.0,15,63,Finished,stroll,18,STR,http://en.wikipedia.org/wiki/Lance_Stroll,Lance,Stroll,1998-10-29,Canadian,racing_point,https://en.wikipedia.org/wiki/Racing_Point_F1_Team,Racing Point,British,5341593.0,0 days 00:00:29.163000,13.0,46.0,0 days 00:01:18.360000,kph,225.528,2020,13
8,14,14,0.0,16,63,Finished,grosjean,8,GRO,http://en.wikipedia.org/wiki/Romain_Grosjean,Romain,Grosjean,1986-04-17,French,haas,https://en.wikipedia.org/wiki/Haas_F1_Team,Haas F1 Team,American,5345365.0,0 days 00:00:32.935000,17.0,45.0,0 days 00:01:18.822000,kph,224.206,2020,13
23,15,15,0.0,6,63,Finished,albon,23,ALB,http://en.wikipedia.org/wiki/Alexander_Albon,Alexander,Albon,1996-03-23,Thai,red_bull,https://en.wikipedia.org/wiki/Red_Bull_Racing,Red Bull,Austrian,5369714.0,0 days 00:00:57.284000,3.0,63.0,0 days 00:01:16.177000,kph,231.991,2020,13
63,16,R,0.0,13,51,Accident,russell,63,RUS,http://en.wikipedia.org/wiki/George_Russell_(racing_driver),George,Russell,1998-02-15,British,williams,https://en.wikipedia.org/wiki/Williams_Racing,Williams,British,,,16.0,43.0,0 days 00:01:18.811000,kph,224.237,2020,13
33,17,R,0.0,3,50,Puncture,max_verstappen,3,VER,http://en.wikipedia.org/wiki/Max_Verstappen,Max,Verstappen,1997-09-30,Dutch,red_bull,https://en.wikipedia.org/wiki/Red_Bull_Racing,Red Bull,Austrian,,,5.0,44.0,0 days 00:01:17.637000,kph,227.628,2020,13
20,18,R,0.0,17,47,Illness,kevin_magnussen,20,MAG,http://en.wikipedia.org/wiki/Kevin_Magnussen,Kevin,Magnussen,1992-10-05,Danish,haas,https://en.wikipedia.org/wiki/Haas_F1_Team,Haas F1 Team,American,,,18.0,45.0,0 days 00:01:19.273000,kph,222.93,2020,13
31,19,R,0.0,12,27,Gearbox,ocon,31,OCO,http://en.wikipedia.org/wiki/Esteban_Ocon,Esteban,Ocon,1996-09-17,French,renault,https://en.wikipedia.org/wiki/Renault_in_Formula_One,Renault,French,,,19.0,22.0,0 days 00:01:19.606000,kph,221.998,2020,13
10,20,R,0.0,4,8,Water pressure,gasly,10,GAS,http://en.wikipedia.org/wiki/Pierre_Gasly,Pierre,Gasly,1996-02-07,French,alphatauri,https://en.wikipedia.org/wiki/Scuderia_AlphaTauri,AlphaTauri,Italian,,,20.0,5.0,0 days 00:01:20.403000,kph,219.797,2020,13
44,1,1,25.0,6,58,Finished,hamilton,44,HAM,http://en.wikipedia.org/wiki/Lewis_Hamilton,Lewis,Hamilton,1985-01-07,British,mercedes,https://en.wikipedia.org/wiki/Mercedes-Benz_in_Formula_One,Mercedes,German,6139313.0,0 days 01:42:19.313000,6.0,56.0,0 days 00:01:39.413000,kph,193.302,2020,14
11,2,2,18.0,3,58,Finished,perez,11,PER,http://en.wikipedia.org/wiki/Sergio_P%C3%A9rez,Sergio,Pérez,1990-01-26,Mexican,racing_point,https://en.wikipedia.org/wiki/Racing_Point_F1_Team,Racing Point,British,6170946.0,0 days 00:00:31.633000,12.0,50.0,0 days 00:01:40.392000,kph,191.417,2020,14
5,3,3,15.0,11,58,Finished,vettel,5,VET,http://en.wikipedia.org/wiki/Sebastian_Vettel,Sebastian,Vettel,1987-07-03,German,ferrari,https://en.wikipedia.org/wiki/Scuderia_Ferrari,Ferrari,Italian,6171273.0,0 days 00:00:31.960000,8.0,53.0,0 days 00:01:39.662000,kph,192.819,2020,14
16,4,4,12.0,12,58,Finished,leclerc,16,LEC,http://en.wikipedia.org/wiki/Charles_Leclerc,Charles,Leclerc,1997-10-16,Monegasque,ferrari,https://en.wikipedia.org/wiki/Scuderia_Ferrari,Ferrari,Italian,6173171.0,0 days 00:00:33.858000,11.0,47.0,0 days 00:01:39.961000,kph,192.242,2020,14
55,5,5,10.0,15,58,Finished,sainz,55,SAI,http://en.wikipedia.org/wiki/Carlos_Sainz_Jr.,Carlos,Sainz,1994-09-01,Spanish,mclaren,https://en.wikipedia.org/wiki/McLaren,McLaren,British,6173676.0,0 days 00:00:34.363000,4.0,56.0,0 days 00:01:38.754000,kph,194.592,2020,14
33,6,6,8.0,2,58,Finished,max_verstappen,3,VER,http://en.wikipedia.org/wiki/Max_Verstappen,Max,Verstappen,1997-09-30,Dutch,red_bull,https://en.wikipedia.org/wiki/Red_Bull_Racing,Red Bull,Austrian,6184186.0,0 days 00:00:44.873000,3.0,53.0,0 days 00:01:38.431000,kph,195.231,2020,14
23,7,7,6.0,4,58,Finished,albon,23,ALB,http://en.wikipedia.org/wiki/Alexander_Albon,Alexander,Albon,1996-03-23,Thai,red_bull,https://en.wikipedia.org/wiki/Red_Bull_Racing,Red Bull,Austrian,6185797.0,0 days 00:00:46.484000,5.0,54.0,0 days 00:01:39.099000,kph,193.915,2020,14
4,8,8,5.0,14,58,Finished,norris,1,NOR,http://en.wikipedia.org/wiki/Lando_Norris,Lando,Norris,1999-11-13,British,mclaren,https://en.wikipedia.org/wiki/McLaren,McLaren,British,6200572.0,0 days 00:01:01.259000,1.0,58.0,0 days 00:01:36.806000,kph,198.508,2020,14
18,9,9,2.0,1,58,Finished,stroll,18,STR,http://en.wikipedia.org/wiki/Lance_Stroll,Lance,Stroll,1998-10-29,Canadian,racing_point,https://en.wikipedia.org/wiki/Racing_Point_F1_Team,Racing Point,British,6211666.0,0 days 00:01:12.353000,10.0,55.0,0 days 00:01:39.921000,kph,192.319,2020,14
3,10,10,1.0,5,58,Finished,ricciardo,3,RIC,http://en.wikipedia.org/wiki/Daniel_Ricciardo,Daniel,Ricciardo,1989-07-01,Australian,renault,https://en.wikipedia.org/wiki/Renault_in_Formula_One,Renault,French,6234773.0,0 days 00:01:35.460000,13.0,54.0,0 days 00:01:40.677000,kph,190.875,2020,14
31,11,11,0.0,7,57,+1 Lap,ocon,31,OCO,http://en.wikipedia.org/wiki/Esteban_Ocon,Esteban,Ocon,1996-09-17,French,renault,https://en.wikipedia.org/wiki/Renault_in_Formula_One,Renault,French,,,16.0,55.0,0 days 00:01:41.006000,kph,190.254,2020,14
26,12,12,0.0,16,57,+1 Lap,kvyat,26,KVY,http://en.wikipedia.org/wiki/Daniil_Kvyat,Daniil,Kvyat,1994-04-26,Russian,alphatauri,https://en.wikipedia.org/wiki/Scuderia_AlphaTauri,AlphaTauri,Italian,,,17.0,53.0,0 days 00:01:41.019000,kph,190.229,2020,14
10,13,13,0.0,19,57,+1 Lap,gasly,10,GAS,http://en.wikipedia.org/wiki/Pierre_Gasly,Pierre,Gasly,1996-02-07,French,alphatauri,https://en.wikipedia.org/wiki/Scuderia_AlphaTauri,AlphaTauri,Italian,,,7.0,53.0,0 days 00:01:39.586000,kph,192.966,2020,14
77,14,14,0.0,9,57,+1 Lap,bottas,77,BOT,http://en.wikipedia.org/wiki/Valtteri_Bottas,Valtteri,Bottas,1989-08-28,Finnish,mercedes,https://en.wikipedia.org/wiki/Mercedes-Benz_in_Formula_One,Mercedes,German,,,2.0,57.0,0 days 00:01:38.193000,kph,195.704,2020,14
7,15,15,0.0,8,57,+1 Lap,raikkonen,7,RAI,http://en.wikipedia.org/wiki/Kimi_R%C3%A4ikk%C3%B6nen,Kimi,Räikkönen,1979-10-17,Finnish,alfa,https://en.wikipedia.org/wiki/Alfa_Romeo_in_Formula_One,Alfa Romeo,Swiss,,,9.0,57.0,0 days 00:01:39.743000,kph,192.663,2020,14
63,16,16,0.0,0,57,+1 Lap,russell,63,RUS,http://en.wikipedia.org/wiki/George_Russell_(racing_driver),George,Russell,1998-02-15,British,williams,https://en.wikipedia.org/wiki/Williams_Racing,Williams,British,,,14.0,51.0,0 days 00:01:40.814000,kph,190.616,2020,14
20,17,17,0.0,13,55,Withdrew,kevin_magnussen,20,MAG,http://en.wikipedia.org/wiki/Kevin_Magnussen,Kevin,Magnussen,1992-10-05,Danish,haas,https://en.wikipedia.org/wiki/Haas_F1_Team,Haas F1 Team,American,,,15.0,45.0,0 days 00:01:40.948000,kph,190.363,2020,14
8,18,R,0.0,17,49,Collision damage,grosjean,8,GRO,http://en.wikipedia.org/wiki/Romain_Grosjean,Romain,Grosjean,1986-04-17,French,haas,https://en.wikipedia.org/wiki/Haas_F1_Team,Haas F1 Team,American,,,18.0,38.0,0 days 00:01:43.281000,kph,186.063,2020,14
6,19,R,0.0,0,39,Collision damage,latifi,6,LAT,http://en.wikipedia.org/wiki/Nicholas_Latifi,Nicholas,Latifi,1995-06-29,Canadian,williams,https://en.wikipedia.org/wiki/Williams_Racing,Williams,British,,,19.0,32.0,0 days 00:01:43.495000,kph,185.678,2020,14
99,20,R,0.0,10,11,Gearbox,giovinazzi,99,GIO,http://en.wikipedia.org/wiki/Antonio_Giovinazzi,Antonio,Giovinazzi,1993-12-14,Italian,alfa,https://en.wikipedia.org/wiki/Alfa_Romeo_in_Formula_One,Alfa Romeo,Swiss,,,20.0,11.0,0 days 00:01:51.122000,kph,172.934,2020,14
44,1,1,25.0,1,57,Finished,hamilton,44,HAM,http://en.wikipedia.org/wiki/Lewis_Hamilton,Lewis,Hamilton,1985-01-07,British,mercedes,https://en.wikipedia.org/wiki/Mercedes-Benz_in_Formula_One,Mercedes,German,10787515.0,0 days 02:59:47.515000,3.0,38.0,0 days 00:01:32.864000,kph,209.803,2020,15
33,2,2,19.0,3,57,Finished,max_verstappen,3,VER,http://en.wikipedia.org/wiki/Max_Verstappen,Max,Verstappen,1997-09-30,Dutch,red_bull,https://en.wikipedia.org/wiki/Red_Bull_Racing,Red Bull,Austrian,10788769.0,0 days 00:00:01.254000,1.0,48.0,0 days 00:01:32.014000,kph,211.741,2020,15
23,3,3,15.0,4,57,Finished,albon,23,ALB,http://en.wikipedia.org/wiki/Alexander_Albon,Alexander,Albon,1996-03-23,Thai,red_bull,https://en.wikipedia.org/wiki/Red_Bull_Racing,Red Bull,Austrian,10795520.0,0 days 00:00:08.005000,10.0,41.0,0 days 00:01:33.684000,kph,207.967,2020,15
4,4,4,12.0,9,57,Finished,norris,1,NOR,http://en.wikipedia.org/wiki/Lando_Norris,Lando,Norris,1999-11-13,British,mclaren,https://en.wikipedia.org/wiki/McLaren,McLaren,British,10798852.0,0 days 00:00:11.337000,7.0,53.0,0 days 00:01:33.588000,kph,208.18,2020,15
55,5,5,10.0,15,57,Finished,sainz,55,SAI,http://en.wikipedia.org/wiki/Carlos_Sainz_Jr.,Carlos,Sainz,1994-09-01,Spanish,mclaren,https://en.wikipedia.org/wiki/McLaren,McLaren,British,10799302.0,0 days 00:00:11.787000,5.0,46.0,0 days 00:01:33.411000,kph,208.575,2020,15
10,6,6,8.0,8,57,Finished,gasly,10,GAS,http://en.wikipedia.org/wiki/Pierre_Gasly,Pierre,Gasly,1996-02-07,French,alphatauri,https://en.wikipedia.org/wiki/Scuderia_AlphaTauri,AlphaTauri,Italian,10799457.0,0 days 00:00:11.942000,16.0,48.0,0 days 00:01:34.817000,kph,205.482,2020,15
3,7,7,6.0,6,57,Finished,ricciardo,3,RIC,http://en.wikipedia.org/wiki/Daniel_Ricciardo,Daniel,Ricciardo,1989-07-01,Australian,renault,https://en.wikipedia.org/wiki/Renault_in_Formula_One,Renault,French,10806883.0,0 days 00:00:19.368000,2.0,38.0,0 days 00:01:32.827000,kph,209.887,2020,15
77,8,8,4.0,2,57,Finished,bottas,77,BOT,http://en.wikipedia.org/wiki/Valtteri_Bottas,Valtteri,Bottas,1989-08-28,Finnish,mercedes,https://en.wikipedia.org/wiki/Mercedes-Benz_in_Formula_One,Mercedes,German,10807195.0,0 days 00:00:19.680000,4.0,28.0,0 days 00:01:33.352000,kph,208.706,2020,15
31,9,9,2.0,7,57,Finished,ocon,31,OCO,http://en.wikipedia.org/wiki/Esteban_Ocon,Esteban,Ocon,1996-09-17,French,renault,https://en.wikipedia.org/wiki/Renault_in_Formula_One,Renault,French,10810318.0,0 days 00:00:22.803000,13.0,37.0,0 days 00:01:34.354000,kph,206.49,2020,15
16,10,10,1.0,12,56,+1 Lap,leclerc,16,LEC,http://en.wikipedia.org/wiki/Charles_Leclerc,Charles,Leclerc,1997-10-16,Monegasque,ferrari,https://en.wikipedia.org/wiki/Scuderia_Ferrari,Ferrari,Italian,,,8.0,44.0,0 days 00:01:33.625000,kph,208.098,2020,15
26,11,11,0.0,10,56,+1 Lap,kvyat,26,KVY,http://en.wikipedia.org/wiki/Daniil_Kvyat,Daniil,Kvyat,1994-04-26,Russian,alphatauri,https://en.wikipedia.org/wiki/Scuderia_AlphaTauri,AlphaTauri,Italian,,,12.0,35.0,0 days 00:01:34.141000,kph,206.957,2020,15
63,12,12,0.0,14,56,+1 Lap,russell,63,RUS,http://en.wikipedia.org/wiki/George_Russell_(racing_driver),George,Russell,1998-02-15,British,williams,https://en.wikipedia.org/wiki/Williams_Racing,Williams,British,,,17.0,47.0,0 days 00:01:35.042000,kph,204.995,2020,15
5,13,13,0.0,11,56,+1 Lap,vettel,5,VET,http://en.wikipedia.org/wiki/Sebastian_Vettel,Sebastian,Vettel,1987-07-03,German,ferrari,https://en.wikipedia.org/wiki/Scuderia_Ferrari,Ferrari,Italian,,,11.0,41.0,0 days 00:01:33.861000,kph,207.575,2020,15
6,14,14,0.0,20,56,+1 Lap,latifi,6,LAT,http://en.wikipedia.org/wiki/Nicholas_Latifi,Nicholas,Latifi,1995-06-29,Canadian,williams,https://en.wikipedia.org/wiki/Williams_Racing,Williams,British,,,15.0,39.0,0 days 00:01:34.591000,kph,205.973,2020,15
7,15,15,0.0,17,56,+1 Lap,raikkonen,7,RAI,http://en.wikipedia.org/wiki/Kimi_R%C3%A4ikk%C3%B6nen,Kimi,Räikkönen,1979-10-17,Finnish,alfa,https://en.wikipedia.org/wiki/Alfa_Romeo_in_Formula_One,Alfa Romeo,Swiss,,,6.0,43.0,0 days 00:01:33.573000,kph,208.213,2020,15
99,16,16,0.0,16,56,+1 Lap,giovinazzi,99,GIO,http://en.wikipedia.org/wiki/Antonio_Giovinazzi,Antonio,Giovinazzi,1993-12-14,Italian,alfa,https://en.wikipedia.org/wiki/Alfa_Romeo_in_Formula_One,Alfa Romeo,Swiss,,,14.0,22.0,0 days 00:01:34.536000,kph,206.092,2020,15
20,17,17,0.0,18,56,+1 Lap,kevin_magnussen,20,MAG,http://en.wikipedia.org/wiki/Kevin_Magnussen,Kevin,Magnussen,1992-10-05,Danish,haas,https://en.wikipedia.org/wiki/Haas_F1_Team,Haas F1 Team,American,,,18.0,29.0,0 days 00:01:35.241000,kph,204.567,2020,15
11,18,18,0.0,5,53,Engine,perez,11,PER,http://en.wikipedia.org/wiki/Sergio_P%C3%A9rez,Sergio,Pérez,1990-01-26,Mexican,racing_point,https://en.wikipedia.org/wiki/Racing_Point_F1_Team,Racing Point,British,,,9.0,40.0,0 days 00:01:33.629000,kph,208.089,2020,15
18,19,R,0.0,13,2,Collision,stroll,18,STR,http://en.wikipedia.org/wiki/Lance_Stroll,Lance,Stroll,1998-10-29,Canadian,racing_point,https://en.wikipedia.org/wiki/Racing_Point_F1_Team,Racing Point,British,,,,,,,,2020,15
8,20,R,0.0,19,0,Collision,grosjean,8,GRO,http://en.wikipedia.org/wiki/Romain_Grosjean,Romain,Grosjean,1986-04-17,French,haas,https://en.wikipedia.org/wiki/Haas_F1_Team,Haas F1 Team,American,,,,,,,,2020,15
11,1,1,25.0,5,87,Finished,perez,11,PER,http://en.wikipedia.org/wiki/Sergio_P%C3%A9rez,Sergio,Pérez,1990-01-26,Mexican,racing_point,https://en.wikipedia.org/wiki/Racing_Point_F1_Team,Racing Point,British,5475114.0,0 days 01:31:15.114000,3.0,69.0,0 days 00:00:56.789000,kph,224.599,2020,16
31,2,2,18.0,11,87,Finished,ocon,31,OCO,http://en.wikipedia.org/wiki/Esteban_Ocon,Esteban,Ocon,1996-09-17,French,renault,https://en.wikipedia.org/wiki/Renault_in_Formula_One,Renault,French,5485632.0,0 days 00:00:10.518000,12.0,75.0,0 days 00:00:57.350000,kph,222.402,2020,16
18,3,3,15.0,10,87,Finished,stroll,18,STR,http://en.wikipedia.org/wiki/Lance_Stroll,Lance,Stroll,1998-10-29,Canadian,racing_point,https://en.wikipedia.org/wiki/Racing_Point_F1_Team,Racing Point,British,5486983.0,0 days 00:00:11.869000,14.0,85.0,0 days 00:00:57.388000,kph,222.255,2020,16
55,4,4,12.0,8,87,Finished,sainz,55,SAI,http://en.wikipedia.org/wiki/Carlos_Sainz_Jr.,Carlos,Sainz,1994-09-01,Spanish,mclaren,https://en.wikipedia.org/wiki/McLaren,McLaren,British,5487694.0,0 days 00:00:12.580000,9.0,80.0,0 days 00:00:57.165000,kph,223.122,2020,16
3,5,5,10.0,7,87,Finished,ricciardo,3,RIC,http://en.wikipedia.org/wiki/Daniel_Ricciardo,Daniel,Ricciardo,1989-07-01,Australian,renault,https://en.wikipedia.org/wiki/Renault_in_Formula_One,Renault,French,5488444.0,0 days 00:00:13.330000,6.0,57.0,0 days 00:00:56.979000,kph,223.85,2020,16
23,6,6,8.0,12,87,Finished,albon,23,ALB,http://en.wikipedia.org/wiki/Alexander_Albon,Alexander,Albon,1996-03-23,Thai,red_bull,https://en.wikipedia.org/wiki/Red_Bull_Racing,Red Bull,Austrian,5488956.0,0 days 00:00:13.842000,8.0,52.0,0 days 00:00:57.056000,kph,223.548,2020,16
26,7,7,6.0,6,87,Finished,kvyat,26,KVY,http://en.wikipedia.org/wiki/Daniil_Kvyat,Daniil,Kvyat,1994-04-26,Russian,alphatauri,https://en.wikipedia.org/wiki/Scuderia_AlphaTauri,AlphaTauri,Italian,5489648.0,0 days 00:00:14.534000,7.0,80.0,0 days 00:00:57.001000,kph,223.764,2020,16
77,8,8,4.0,1,87,Finished,bottas,77,BOT,http://en.wikipedia.org/wiki/Valtteri_Bottas,Valtteri,Bottas,1989-08-28,Finnish,mercedes,https://en.wikipedia.org/wiki/Mercedes-Benz_in_Formula_One,Mercedes,German,5490503.0,0 days 00:00:15.389000,2.0,60.0,0 days 00:00:56.563000,kph,225.497,2020,16
63,9,9,3.0,2,87,Finished,russell,63,RUS,http://en.wikipedia.org/wiki/George_Russell_(racing_driver),George,Russell,1998-02-15,British,mercedes,https://en.wikipedia.org/wiki/Mercedes-Benz_in_Formula_One,Mercedes,German,5493670.0,0 days 00:00:18.556000,1.0,80.0,0 days 00:00:55.404000,kph,230.214,2020,16
4,10,10,1.0,19,87,Finished,norris,1,NOR,http://en.wikipedia.org/wiki/Lando_Norris,Lando,Norris,1999-11-13,British,mclaren,https://en.wikipedia.org/wiki/McLaren,McLaren,British,5494655.0,0 days 00:00:19.541000,11.0,85.0,0 days 00:00:57.270000,kph,222.713,2020,16
10,11,11,0.0,9,87,Finished,gasly,10,GAS,http://en.wikipedia.org/wiki/Pierre_Gasly,Pierre,Gasly,1996-02-07,French,alphatauri,https://en.wikipedia.org/wiki/Scuderia_AlphaTauri,AlphaTauri,Italian,5495641.0,0 days 00:00:20.527000,10.0,53.0,0 days 00:00:57.220000,kph,222.908,2020,16
5,12,12,0.0,13,87,Finished,vettel,5,VET,http://en.wikipedia.org/wiki/Sebastian_Vettel,Sebastian,Vettel,1987-07-03,German,ferrari,https://en.wikipedia.org/wiki/Scuderia_Ferrari,Ferrari,Italian,5497725.0,0 days 00:00:22.611000,5.0,56.0,0 days 00:00:56.905000,kph,224.141,2020,16
99,13,13,0.0,14,87,Finished,giovinazzi,99,GIO,http://en.wikipedia.org/wiki/Antonio_Giovinazzi,Antonio,Giovinazzi,1993-12-14,Italian,alfa,https://en.wikipedia.org/wiki/Alfa_Romeo_in_Formula_One,Alfa Romeo,Swiss,5499225.0,0 days 00:00:24.111000,4.0,56.0,0 days 00:00:56.887000,kph,224.212,2020,16
7,14,14,0.0,18,87,Finished,raikkonen,7,RAI,http://en.wikipedia.org/wiki/Kimi_R%C3%A4ikk%C3%B6nen,Kimi,Räikkönen,1979-10-17,Finnish,alfa,https://en.wikipedia.org/wiki/Alfa_Romeo_in_Formula_One,Alfa Romeo,Swiss,5501267.0,0 days 00:00:26.153000,13.0,56.0,0 days 00:00:57.375000,kph,222.305,2020,16
20,15,15,0.0,15,87,Finished,kevin_magnussen,20,MAG,http://en.wikipedia.org/wiki/Kevin_Magnussen,Kevin,Magnussen,1992-10-05,Danish,haas,https://en.wikipedia.org/wiki/Haas_F1_Team,Haas F1 Team,American,5507484.0,0 days 00:00:32.370000,16.0,57.0,0 days 00:00:57.516000,kph,221.76,2020,16
89,16,16,0.0,17,87,Finished,aitken,89,AIT,http://en.wikipedia.org/wiki/Jack_Aitken,Jack,Aitken,1995-09-23,British,williams,https://en.wikipedia.org/wiki/Williams_Racing,Williams,British,5508788.0,0 days 00:00:33.674000,15.0,56.0,0 days 00:00:57.392000,kph,222.24,2020,16
51,17,17,0.0,20,87,Finished,pietro_fittipaldi,51,FIT,http://en.wikipedia.org/wiki/Pietro_Fittipaldi,Pietro,Fittipaldi,1996-06-25,Brazilian,haas,https://en.wikipedia.org/wiki/Haas_F1_Team,Haas F1 Team,American,5511972.0,0 days 00:00:36.858000,17.0,56.0,0 days 00:00:57.742000,kph,220.892,2020,16
6,18,R,0.0,16,52,Engine,latifi,6,LAT,http://en.wikipedia.org/wiki/Nicholas_Latifi,Nicholas,Latifi,1995-06-29,Canadian,williams,https://en.wikipedia.org/wiki/Williams_Racing,Williams,British,,,18.0,29.0,0 days 00:00:58.206000,kph,219.132,2020,16
33,19,R,0.0,3,0,Accident,max_verstappen,3,VER,http://en.wikipedia.org/wiki/Max_Verstappen,Max,Verstappen,1997-09-30,Dutch,red_bull,https://en.wikipedia.org/wiki/Red_Bull_Racing,Red Bull,Austrian,,,,,,,,2020,16
16,20,R,0.0,4,0,Collision,leclerc,16,LEC,http://en.wikipedia.org/wiki/Charles_Leclerc,Charles,Leclerc,1997-10-16,Monegasque,ferrari,https://en.wikipedia.org/wiki/Scuderia_Ferrari,Ferrari,Italian,,,,,,,,2020,16
33,1,1,25.0,1,55,Finished,max_verstappen,3,VER,http://en.wikipedia.org/wiki/Max_Verstappen,Max,Verstappen,1997-09-30,Dutch,red_bull,https://en.wikipedia.org/wiki/Red_Bull_Racing,Red Bull,Austrian,5788645.0,0 days 01:36:28.645000,2.0,14.0,0 days 00:01:40.958000,kph,198.046,2020,17
77,2,2,18.0,2,55,Finished,bottas,77,BOT,http://en.wikipedia.org/wiki/Valtteri_Bottas,Valtteri,Bottas,1989-08-28,Finnish,mercedes,https://en.wikipedia.org/wiki/Mercedes-Benz_in_Formula_One,Mercedes,German,5804621.0,0 days 00:00:15.976000,3.0,40.0,0 days 00:01:41.131000,kph,197.707,2020,17
44,3,3,15.0,3,55,Finished,hamilton,44,HAM,http://en.wikipedia.org/wiki/Lewis_Hamilton,Lewis,Hamilton,1985-01-07,British,mercedes,https://en.wikipedia.org/wiki/Mercedes-Benz_in_Formula_One,Mercedes,German,5807060.0,0 days 00:00:18.415000,5.0,37.0,0 days 00:01:41.420000,kph,197.144,2020,17
23,4,4,12.0,5,55,Finished,albon,23,ALB,http://en.wikipedia.org/wiki/Alexander_Albon,Alexander,Albon,1996-03-23,Thai,red_bull,https://en.wikipedia.org/wiki/Red_Bull_Racing,Red Bull,Austrian,5808632.0,0 days 00:00:19.987000,4.0,42.0,0 days 00:01:41.227000,kph,197.52,2020,17
4,5,5,10.0,4,55,Finished,norris,1,NOR,http://en.wikipedia.org/wiki/Lando_Norris,Lando,Norris,1999-11-13,British,mclaren,https://en.wikipedia.org/wiki/McLaren,McLaren,British,5849374.0,0 days 00:01:00.729000,12.0,53.0,0 days 00:01:41.964000,kph,196.092,2020,17
55,6,6,8.0,6,55,Finished,sainz,55,SAI,http://en.wikipedia.org/wiki/Carlos_Sainz_Jr.,Carlos,Sainz,1994-09-01,Spanish,mclaren,https://en.wikipedia.org/wiki/McLaren,McLaren,British,5854307.0,0 days 00:01:05.662000,11.0,48.0,0 days 00:01:41.947000,kph,196.125,2020,17
3,7,7,7.0,11,55,Finished,ricciardo,3,RIC,http://en.wikipedia.org/wiki/Daniel_Ricciardo,Daniel,Ricciardo,1989-07-01,Australian,renault,https://en.wikipedia.org/wiki/Renault_in_Formula_One,Renault,French,5862393.0,0 days 00:01:13.748000,1.0,55.0,0 days 00:01:40.926000,kph,198.109,2020,17
10,8,8,4.0,9,55,Finished,gasly,10,GAS,http://en.wikipedia.org/wiki/Pierre_Gasly,Pierre,Gasly,1996-02-07,French,alphatauri,https://en.wikipedia.org/wiki/Scuderia_AlphaTauri,AlphaTauri,Italian,5878363.0,0 days 00:01:29.718000,15.0,53.0,0 days 00:01:42.474000,kph,195.116,2020,17
31,9,9,2.0,10,55,Finished,ocon,31,OCO,http://en.wikipedia.org/wiki/Esteban_Ocon,Esteban,Ocon,1996-09-17,French,renault,https://en.wikipedia.org/wiki/Renault_in_Formula_One,Renault,French,5799996.0,0 days 00:00:11.351000,18.0,47.0,0 days 00:01:42.894000,kph,194.32,2020,17
18,10,10,1.0,8,55,Finished,stroll,18,STR,http://en.wikipedia.org/wiki/Lance_Stroll,Lance,Stroll,1998-10-29,Canadian,racing_point,https://en.wikipedia.org/wiki/Racing_Point_F1_Team,Racing Point,British,5790314.0,0 days 00:00:01.669000,9.0,41.0,0 days 00:01:41.866000,kph,196.281,2020,17
26,11,11,0.0,7,54,+1 Lap,kvyat,26,KVY,http://en.wikipedia.org/wiki/Daniil_Kvyat,Daniil,Kvyat,1994-04-26,Russian,alphatauri,https://en.wikipedia.org/wiki/Scuderia_AlphaTauri,AlphaTauri,Italian,,,17.0,47.0,0 days 00:01:42.704000,kph,194.679,2020,17
7,12,12,0.0,15,54,+1 Lap,raikkonen,7,RAI,http://en.wikipedia.org/wiki/Kimi_R%C3%A4ikk%C3%B6nen,Kimi,Räikkönen,1979-10-17,Finnish,alfa,https://en.wikipedia.org/wiki/Alfa_Romeo_in_Formula_One,Alfa Romeo,Swiss,,,14.0,53.0,0 days 00:01:42.148000,kph,195.739,2020,17
16,13,13,0.0,12,54,+1 Lap,leclerc,16,LEC,http://en.wikipedia.org/wiki/Charles_Leclerc,Charles,Leclerc,1997-10-16,Monegasque,ferrari,https://en.wikipedia.org/wiki/Scuderia_Ferrari,Ferrari,Italian,,,10.0,24.0,0 days 00:01:41.908000,kph,196.2,2020,17
5,14,14,0.0,13,54,+1 Lap,vettel,5,VET,http://en.wikipedia.org/wiki/Sebastian_Vettel,Sebastian,Vettel,1987-07-03,German,ferrari,https://en.wikipedia.org/wiki/Scuderia_Ferrari,Ferrari,Italian,,,6.0,37.0,0 days 00:01:41.475000,kph,197.037,2020,17
63,15,15,0.0,16,54,+1 Lap,russell,63,RUS,http://en.wikipedia.org/wiki/George_Russell_(racing_driver),George,Russell,1998-02-15,British,williams,https://en.wikipedia.org/wiki/Williams_Racing,Williams,British,,,20.0,54.0,0 days 00:01:43.328000,kph,193.504,2020,17
99,16,16,0.0,14,54,+1 Lap,giovinazzi,99,GIO,http://en.wikipedia.org/wiki/Antonio_Giovinazzi,Antonio,Giovinazzi,1993-12-14,Italian,alfa,https://en.wikipedia.org/wiki/Alfa_Romeo_in_Formula_One,Alfa Romeo,Swiss,,,7.0,29.0,0 days 00:01:41.675000,kph,196.65,2020,17
6,17,17,0.0,18,54,+1 Lap,latifi,6,LAT,http://en.wikipedia.org/wiki/Nicholas_Latifi,Nicholas,Latifi,1995-06-29,Canadian,williams,https://en.wikipedia.org/wiki/Williams_Racing,Williams,British,,,16.0,49.0,0 days 00:01:42.497000,kph,195.073,2020,17
20,18,18,0.0,20,54,+1 Lap,kevin_magnussen,20,MAG,http://en.wikipedia.org/wiki/Kevin_Magnussen,Kevin,Magnussen,1992-10-05,Danish,haas,https://en.wikipedia.org/wiki/Haas_F1_Team,Haas F1 Team,American,,,13.0,50.0,0 days 00:01:41.999000,kph,196.025,2020,17
51,19,19,0.0,17,53,+2 Laps,pietro_fittipaldi,51,FIT,http://en.wikipedia.org/wiki/Pietro_Fittipaldi,Pietro,Fittipaldi,1996-06-25,Brazilian,haas,https://en.wikipedia.org/wiki/Haas_F1_Team,Haas F1 Team,American,,,8.0,50.0,0 days 00:01:41.707000,kph,196.588,2020,17
11,20,R,0.0,19,8,Transmission,perez,11,PER,http://en.wikipedia.org/wiki/Sergio_P%C3%A9rez,Sergio,Pérez,1990-01-26,Mexican,racing_point,https://en.wikipedia.org/wiki/Racing_Point_F1_Team,Racing Point,British,,,19.0,6.0,0 days 00:01:43.263000,kph,193.625,2020,17
44,1,1,25.0,2,56,Finished,hamilton,44,HAM,http://en.wikipedia.org/wiki/Lewis_Hamilton,Lewis,Hamilton,1985-01-07,British,mercedes,https://en.wikipedia.org/wiki/Mercedes-Benz_in_Formula_One,Mercedes,German,5523897.0,0 days 01:32:03.897000,4.0,44.0,0 days 00:01:34.015000,kph,207.235,2021,1
33,2,2,18.0,1,56,Finished,max_verstappen,3,VER,http://en.wikipedia.org/wiki/Max_Verstappen,Max,Verstappen,1997-09-30,Dutch,red_bull,https://en.wikipedia.org/wiki/Red_Bull_Racing,Red Bull,Austrian,5524642.0,0 days 00:00:00.745000,2.0,41.0,0 days 00:01:33.228000,kph,208.984,2021,1
77,3,3,16.0,3,56,Finished,bottas,77,BOT,http://en.wikipedia.org/wiki/Valtteri_Bottas,Valtteri,Bottas,1989-08-28,Finnish,mercedes,https://en.wikipedia.org/wiki/Mercedes-Benz_in_Formula_One,Mercedes,German,5561280.0,0 days 00:00:37.383000,1.0,56.0,0 days 00:01:32.090000,kph,211.566,2021,1
4,4,4,12.0,7,56,Finished,norris,1,NOR,http://en.wikipedia.org/wiki/Lando_Norris,Lando,Norris,1999-11-13,British,mclaren,https://en.wikipedia.org/wiki/McLaren,McLaren,British,5570363.0,0 days 00:00:46.466000,6.0,38.0,0 days 00:01:34.396000,kph,206.398,2021,1
11,5,5,10.0,0,56,Finished,perez,11,PER,http://en.wikipedia.org/wiki/Sergio_P%C3%A9rez,Sergio,Pérez,1990-01-26,Mexican,red_bull,https://en.wikipedia.org/wiki/Red_Bull_Racing,Red Bull,Austrian,5575944.0,0 days 00:00:52.047000,3.0,44.0,0 days 00:01:33.970000,kph,207.334,2021,1
16,6,6,8.0,4,56,Finished,leclerc,16,LEC,http://en.wikipedia.org/wiki/Charles_Leclerc,Charles,Leclerc,1997-10-16,Monegasque,ferrari,https://en.wikipedia.org/wiki/Scuderia_Ferrari,Ferrari,Italian,5582987.0,0 days 00:00:59.090000,11.0,39.0,0 days 00:01:34.988000,kph,205.112,2021,1
3,7,7,6.0,6,56,Finished,ricciardo,3,RIC,http://en.wikipedia.org/wiki/Daniel_Ricciardo,Daniel,Ricciardo,1989-07-01,Australian,mclaren,https://en.wikipedia.org/wiki/McLaren,McLaren,British,5589901.0,0 days 00:01:06.004000,10.0,36.0,0 days 00:01:34.932000,kph,205.233,2021,1
55,8,8,4.0,8,56,Finished,sainz,55,SAI,http://en.wikipedia.org/wiki/Carlos_Sainz_Jr.,Carlos,Sainz,1994-09-01,Spanish,ferrari,https://en.wikipedia.org/wiki/Scuderia_Ferrari,Ferrari,Italian,5590997.0,0 days 00:01:07.100000,7.0,48.0,0 days 00:01:34.509000,kph,206.151,2021,1
22,9,9,2.0,13,56,Finished,tsunoda,22,TSU,http://en.wikipedia.org/wiki/Yuki_Tsunoda,Yuki,Tsunoda,2000-05-11,Japanese,alphatauri,https://en.wikipedia.org/wiki/Scuderia_AlphaTauri,AlphaTauri,Italian,5609589.0,0 days 00:01:25.692000,8.0,38.0,0 days 00:01:34.761000,kph,205.603,2021,1
18,10,10,1.0,10,56,Finished,stroll,18,STR,http://en.wikipedia.org/wiki/Lance_Stroll,Lance,Stroll,1998-10-29,Canadian,aston_martin,https://en.wikipedia.org/wiki/Aston_Martin_in_Formula_One,Aston Martin,British,5610610.0,0 days 00:01:26.713000,9.0,31.0,0 days 00:01:34.865000,kph,205.378,2021,1
7,11,11,0.0,14,56,Finished,raikkonen,7,RAI,http://en.wikipedia.org/wiki/Kimi_R%C3%A4ikk%C3%B6nen,Kimi,Räikkönen,1979-10-17,Finnish,alfa,https://en.wikipedia.org/wiki/Alfa_Romeo_in_Formula_One,Alfa Romeo,Swiss,5612761.0,0 days 00:01:28.864000,14.0,45.0,0 days 00:01:35.192000,kph,204.672,2021,1
99,12,12,0.0,12,55,+1 Lap,giovinazzi,99,GIO,http://en.wikipedia.org/wiki/Antonio_Giovinazzi,Antonio,Giovinazzi,1993-12-14,Italian,alfa,https://en.wikipedia.org/wiki/Alfa_Romeo_in_Formula_One,Alfa Romeo,Swiss,,,13.0,32.0,0 days 00:01:35.122000,kph,204.823,2021,1
31,13,13,0.0,16,55,+1 Lap,ocon,31,OCO,http://en.wikipedia.org/wiki/Esteban_Ocon,Esteban,Ocon,1996-09-17,French,alpine,https://en.wikipedia.org/wiki/Alpine_F1_Team,Alpine F1 Team,French,,,15.0,33.0,0 days 00:01:35.250000,kph,204.548,2021,1
63,14,14,0.0,15,55,+1 Lap,russell,63,RUS,http://en.wikipedia.org/wiki/George_Russell_(racing_driver),George,Russell,1998-02-15,British,williams,https://en.wikipedia.org/wiki/Williams_Racing,Williams,British,,,12.0,40.0,0 days 00:01:35.036000,kph,205.008,2021,1
5,15,15,0.0,20,55,+1 Lap,vettel,5,VET,http://en.wikipedia.org/wiki/Sebastian_Vettel,Sebastian,Vettel,1987-07-03,German,aston_martin,https://en.wikipedia.org/wiki/Aston_Martin_in_Formula_One,Aston Martin,British,,,16.0,26.0,0 days 00:01:35.566000,kph,203.871,2021,1
47,16,16,0.0,18,55,+1 Lap,mick_schumacher,47,MSC,http://en.wikipedia.org/wiki/Mick_Schumacher,Mick,Schumacher,1999-03-22,German,haas,https://en.wikipedia.org/wiki/Haas_F1_Team,Haas F1 Team,American,,,18.0,38.0,0 days 00:01:36.134000,kph,202.667,2021,1
10,17,17,0.0,5,52,Retired,gasly,10,GAS,http://en.wikipedia.org/wiki/Pierre_Gasly,Pierre,Gasly,1996-02-07,French,alphatauri,https://en.wikipedia.org/wiki/Scuderia_AlphaTauri,AlphaTauri,Italian,,,5.0,48.0,0 days 00:01:34.090000,kph,207.069,2021,1
6,18,18,0.0,17,51,Retired,latifi,6,LAT,http://en.wikipedia.org/wiki/Nicholas_Latifi,Nicholas,Latifi,1995-06-29,Canadian,williams,https://en.wikipedia.org/wiki/Williams_Racing,Williams,British,,,19.0,16.0,0 days 00:01:36.602000,kph,201.685,2021,1
14,19,R,0.0,9,32,Brakes,alonso,14,ALO,http://en.wikipedia.org/wiki/Fernando_Alonso,Fernando,Alonso,1981-07-29,Spanish,alpine,https://en.wikipedia.org/wiki/Alpine_F1_Team,Alpine F1 Team,French,,,17.0,31.0,0 days 00:01:36.063000,kph,202.816,2021,1
9,20,R,0.0,19,0,Accident,mazepin,9,MAZ,http://en.wikipedia.org/wiki/Nikita_Mazepin,Nikita,Mazepin,1999-03-02,Russian,haas,https://en.wikipedia.org/wiki/Haas_F1_Team,Haas F1 Team,American,,,,,,,,2021,1
33,1,1,25.0,3,63,Finished,max_verstappen,3,VER,http://en.wikipedia.org/wiki/Max_Verstappen,Max,Verstappen,1997-09-30,Dutch,red_bull,https://en.wikipedia.org/wiki/Red_Bull_Racing,Red Bull,Austrian,7354598.0,0 days 02:02:34.598000,2.0,60.0,0 days 00:01:17.524000,kph,227.96,2021,2
44,2,2,19.0,1,63,Finished,hamilton,44,HAM,http://en.wikipedia.org/wiki/Lewis_Hamilton,Lewis,Hamilton,1985-01-07,British,mercedes,https://en.wikipedia.org/wiki/Mercedes-Benz_in_Formula_One,Mercedes,German,7376598.0,0 days 00:00:22,1.0,60.0,0 days 00:01:16.702000,kph,230.403,2021,2
4,3,3,15.0,7,63,Finished,norris,1,NOR,http://en.wikipedia.org/wiki/Lando_Norris,Lando,Norris,1999-11-13,British,mclaren,https://en.wikipedia.org/wiki/McLaren,McLaren,British,7378300.0,0 days 00:00:23.702000,3.0,63.0,0 days 00:01:18.259000,kph,225.819,2021,2
16,4,4,12.0,4,63,Finished,leclerc,16,LEC,http://en.wikipedia.org/wiki/Charles_Leclerc,Charles,Leclerc,1997-10-16,Monegasque,ferrari,https://en.wikipedia.org/wiki/Scuderia_Ferrari,Ferrari,Italian,7380177.0,0 days 00:00:25.579000,6.0,60.0,0 days 00:01:18.379000,kph,225.473,2021,2
55,5,5,10.0,11,63,Finished,sainz,55,SAI,http://en.wikipedia.org/wiki/Carlos_Sainz_Jr.,Carlos,Sainz,1994-09-01,Spanish,ferrari,https://en.wikipedia.org/wiki/Scuderia_Ferrari,Ferrari,Italian,7381634.0,0 days 00:00:27.036000,7.0,60.0,0 days 00:01:18.490000,kph,225.154,2021,2
3,6,6,8.0,6,63,Finished,ricciardo,3,RIC,http://en.wikipedia.org/wiki/Daniel_Ricciardo,Daniel,Ricciardo,1989-07-01,Australian,mclaren,https://en.wikipedia.org/wiki/McLaren,McLaren,British,7405818.0,0 days 00:00:51.220000,12.0,54.0,0 days 00:01:19.341000,kph,222.739,2021,2
10,7,7,6.0,5,63,Finished,gasly,10,GAS,http://en.wikipedia.org/wiki/Pierre_Gasly,Pierre,Gasly,1996-02-07,French,alphatauri,https://en.wikipedia.org/wiki/Scuderia_AlphaTauri,AlphaTauri,Italian,7407416.0,0 days 00:00:52.818000,9.0,52.0,0 days 00:01:18.994000,kph,223.718,2021,2
18,8,8,4.0,10,63,Finished,stroll,18,STR,http://en.wikipedia.org/wiki/Lance_Stroll,Lance,Stroll,1998-10-29,Canadian,aston_martin,https://en.wikipedia.org/wiki/Aston_Martin_in_Formula_One,Aston Martin,British,7411507.0,0 days 00:00:56.909000,8.0,59.0,0 days 00:01:18.782000,kph,224.32,2021,2
31,9,9,2.0,9,63,Finished,ocon,31,OCO,http://en.wikipedia.org/wiki/Esteban_Ocon,Esteban,Ocon,1996-09-17,French,alpine,https://en.wikipedia.org/wiki/Alpine_F1_Team,Alpine F1 Team,French,7420302.0,0 days 00:01:05.704000,15.0,62.0,0 days 00:01:19.422000,kph,222.512,2021,2
14,10,10,1.0,15,63,Finished,alonso,14,ALO,http://en.wikipedia.org/wiki/Fernando_Alonso,Fernando,Alonso,1981-07-29,Spanish,alpine,https://en.wikipedia.org/wiki/Alpine_F1_Team,Alpine F1 Team,French,7421159.0,0 days 00:01:06.561000,14.0,62.0,0 days 00:01:19.417000,kph,222.526,2021,2
11,11,11,0.0,2,63,Finished,perez,11,PER,http://en.wikipedia.org/wiki/Sergio_P%C3%A9rez,Sergio,Pérez,1990-01-26,Mexican,red_bull,https://en.wikipedia.org/wiki/Red_Bull_Racing,Red Bull,Austrian,7421749.0,0 days 00:01:07.151000,13.0,62.0,0 days 00:01:19.396000,kph,222.585,2021,2
22,12,12,0.0,20,63,Finished,tsunoda,22,TSU,http://en.wikipedia.org/wiki/Yuki_Tsunoda,Yuki,Tsunoda,2000-05-11,Japanese,alphatauri,https://en.wikipedia.org/wiki/Scuderia_AlphaTauri,AlphaTauri,Italian,7427782.0,0 days 00:01:13.184000,4.0,49.0,0 days 00:01:18.334000,kph,225.603,2021,2
7,13,13,0.0,16,63,Finished,raikkonen,7,RAI,http://en.wikipedia.org/wiki/Kimi_R%C3%A4ikk%C3%B6nen,Kimi,Räikkönen,1979-10-17,Finnish,alfa,https://en.wikipedia.org/wiki/Alfa_Romeo_in_Formula_One,Alfa Romeo,Swiss,7449371.0,0 days 00:01:34.773000,5.0,62.0,0 days 00:01:18.353000,kph,225.548,2021,2
99,14,14,0.0,17,62,+1 Lap,giovinazzi,99,GIO,http://en.wikipedia.org/wiki/Antonio_Giovinazzi,Antonio,Giovinazzi,1993-12-14,Italian,alfa,https://en.wikipedia.org/wiki/Alfa_Romeo_in_Formula_One,Alfa Romeo,Swiss,,,16.0,57.0,0 days 00:01:19.470000,kph,222.378,2021,2
5,15,15,0.0,0,61,Gearbox,vettel,5,VET,http://en.wikipedia.org/wiki/Sebastian_Vettel,Sebastian,Vettel,1987-07-03,German,aston_martin,https://en.wikipedia.org/wiki/Aston_Martin_in_Formula_One,Aston Martin,British,,,10.0,59.0,0 days 00:01:19.074000,kph,223.491,2021,2
47,16,16,0.0,18,61,+2 Laps,mick_schumacher,47,MSC,http://en.wikipedia.org/wiki/Mick_Schumacher,Mick,Schumacher,1999-03-22,German,haas,https://en.wikipedia.org/wiki/Haas_F1_Team,Haas F1 Team,American,,,11.0,58.0,0 days 00:01:19.193000,kph,223.156,2021,2
9,17,17,0.0,19,61,+2 Laps,mazepin,9,MAZ,http://en.wikipedia.org/wiki/Nikita_Mazepin,Nikita,Mazepin,1999-03-02,Russian,haas,https://en.wikipedia.org/wiki/Haas_F1_Team,Haas F1 Team,American,,,17.0,55.0,0 days 00:01:20.402000,kph,219.8,2021,2
77,18,R,0.0,8,30,Collision,bottas,77,BOT,http://en.wikipedia.org/wiki/Valtteri_Bottas,Valtteri,Bottas,1989-08-28,Finnish,mercedes,https://en.wikipedia.org/wiki/Mercedes-Benz_in_Formula_One,Mercedes,German,,,19.0,30.0,0 days 00:01:28.485000,kph,199.721,2021,2
63,19,R,0.0,12,30,Collision,russell,63,RUS,http://en.wikipedia.org/wiki/George_Russell_(racing_driver),George,Russell,1998-02-15,British,williams,https://en.wikipedia.org/wiki/Williams_Racing,Williams,British,,,18.0,28.0,0 days 00:01:26.543000,kph,204.203,2021,2
6,20,R,0.0,14,0,Collision,latifi,6,LAT,http://en.wikipedia.org/wiki/Nicholas_Latifi,Nicholas,Latifi,1995-06-29,Canadian,williams,https://en.wikipedia.org/wiki/Williams_Racing,Williams,British,,,,,,,,2021,2
44,1,1,25.0,2,66,Finished,hamilton,44,HAM,http://en.wikipedia.org/wiki/Lewis_Hamilton,Lewis,Hamilton,1985-01-07,British,mercedes,https://en.wikipedia.org/wiki/Mercedes-Benz_in_Formula_One,Mercedes,German,5671421.0,0 days 01:34:31.421000,4.0,47.0,0 days 00:01:20.933000,kph,206.971,2021,3
33,2,2,18.0,3,66,Finished,max_verstappen,3,VER,http://en.wikipedia.org/wiki/Max_Verstappen,Max,Verstappen,1997-09-30,Dutch,red_bull,https://en.wikipedia.org/wiki/Red_Bull_Racing,Red Bull,Austrian,5700569.0,0 days 00:00:29.148000,3.0,62.0,0 days 00:01:20.695000,kph,207.581,2021,3
77,3,3,16.0,1,66,Finished,bottas,77,BOT,http://en.wikipedia.org/wiki/Valtteri_Bottas,Valtteri,Bottas,1989-08-28,Finnish,mercedes,https://en.wikipedia.org/wiki/Mercedes-Benz_in_Formula_One,Mercedes,German,5704951.0,0 days 00:00:33.530000,1.0,65.0,0 days 00:01:19.865000,kph,209.738,2021,3
11,4,4,12.0,4,66,Finished,perez,11,PER,http://en.wikipedia.org/wiki/Sergio_P%C3%A9rez,Sergio,Pérez,1990-01-26,Mexican,red_bull,https://en.wikipedia.org/wiki/Red_Bull_Racing,Red Bull,Austrian,5711156.0,0 days 00:00:39.735000,2.0,55.0,0 days 00:01:20.643000,kph,207.715,2021,3
4,5,5,10.0,7,66,Finished,norris,1,NOR,http://en.wikipedia.org/wiki/Lando_Norris,Lando,Norris,1999-11-13,British,mclaren,https://en.wikipedia.org/wiki/McLaren,McLaren,British,5722790.0,0 days 00:00:51.369000,7.0,55.0,0 days 00:01:21.696000,kph,205.038,2021,3
16,6,6,8.0,8,66,Finished,leclerc,16,LEC,http://en.wikipedia.org/wiki/Charles_Leclerc,Charles,Leclerc,1997-10-16,Monegasque,ferrari,https://en.wikipedia.org/wiki/Scuderia_Ferrari,Ferrari,Italian,5727202.0,0 days 00:00:55.781000,6.0,63.0,0 days 00:01:21.496000,kph,205.541,2021,3
31,7,7,6.0,6,66,Finished,ocon,31,OCO,http://en.wikipedia.org/wiki/Esteban_Ocon,Esteban,Ocon,1996-09-17,French,alpine,https://en.wikipedia.org/wiki/Alpine_F1_Team,Alpine F1 Team,French,5735170.0,0 days 00:01:03.749000,8.0,34.0,0 days 00:01:21.886000,kph,204.562,2021,3
14,8,8,4.0,13,66,Finished,alonso,14,ALO,http://en.wikipedia.org/wiki/Fernando_Alonso,Fernando,Alonso,1981-07-29,Spanish,alpine,https://en.wikipedia.org/wiki/Alpine_F1_Team,Alpine F1 Team,French,5673229.0,0 days 00:00:01.808000,5.0,66.0,0 days 00:01:21.032000,kph,206.718,2021,3
3,9,9,2.0,16,66,Finished,ricciardo,3,RIC,http://en.wikipedia.org/wiki/Daniel_Ricciardo,Daniel,Ricciardo,1989-07-01,Australian,mclaren,https://en.wikipedia.org/wiki/McLaren,McLaren,British,5746790.0,0 days 00:01:15.369000,10.0,64.0,0 days 00:01:21.987000,kph,204.31,2021,3
10,10,10,1.0,9,66,Finished,gasly,10,GAS,http://en.wikipedia.org/wiki/Pierre_Gasly,Pierre,Gasly,1996-02-07,French,alphatauri,https://en.wikipedia.org/wiki/Scuderia_AlphaTauri,AlphaTauri,Italian,5747884.0,0 days 00:01:16.463000,11.0,65.0,0 days 00:01:22.014000,kph,204.243,2021,3
55,11,11,0.0,5,66,Finished,sainz,55,SAI,http://en.wikipedia.org/wiki/Carlos_Sainz_Jr.,Carlos,Sainz,1994-09-01,Spanish,ferrari,https://en.wikipedia.org/wiki/Scuderia_Ferrari,Ferrari,Italian,5750376.0,0 days 00:01:18.955000,14.0,60.0,0 days 00:01:22.325000,kph,203.471,2021,3
99,12,12,0.0,12,65,+1 Lap,giovinazzi,99,GIO,http://en.wikipedia.org/wiki/Antonio_Giovinazzi,Antonio,Giovinazzi,1993-12-14,Italian,alfa,https://en.wikipedia.org/wiki/Alfa_Romeo_in_Formula_One,Alfa Romeo,Swiss,,,13.0,60.0,0 days 00:01:22.167000,kph,203.862,2021,3
5,13,13,0.0,10,65,+1 Lap,vettel,5,VET,http://en.wikipedia.org/wiki/Sebastian_Vettel,Sebastian,Vettel,1987-07-03,German,aston_martin,https://en.wikipedia.org/wiki/Aston_Martin_in_Formula_One,Aston Martin,British,,,15.0,60.0,0 days 00:01:22.416000,kph,203.246,2021,3
18,14,14,0.0,17,65,+1 Lap,stroll,18,STR,http://en.wikipedia.org/wiki/Lance_Stroll,Lance,Stroll,1998-10-29,Canadian,aston_martin,https://en.wikipedia.org/wiki/Aston_Martin_in_Formula_One,Aston Martin,British,,,9.0,59.0,0 days 00:01:21.970000,kph,204.352,2021,3
22,15,15,0.0,14,65,+1 Lap,tsunoda,22,TSU,http://en.wikipedia.org/wiki/Yuki_Tsunoda,Yuki,Tsunoda,2000-05-11,Japanese,alphatauri,https://en.wikipedia.org/wiki/Scuderia_AlphaTauri,AlphaTauri,Italian,,,12.0,61.0,0 days 00:01:22.058000,kph,204.133,2021,3
63,16,16,0.0,11,65,+1 Lap,russell,63,RUS,http://en.wikipedia.org/wiki/George_Russell_(racing_driver),George,Russell,1998-02-15,British,williams,https://en.wikipedia.org/wiki/Williams_Racing,Williams,British,,,16.0,60.0,0 days 00:01:22.654000,kph,202.661,2021,3
47,17,17,0.0,19,64,+2 Laps,mick_schumacher,47,MSC,http://en.wikipedia.org/wiki/Mick_Schumacher,Mick,Schumacher,1999-03-22,German,haas,https://en.wikipedia.org/wiki/Haas_F1_Team,Haas F1 Team,American,,,17.0,61.0,0 days 00:01:22.755000,kph,202.414,2021,3
6,18,18,0.0,18,64,+2 Laps,latifi,6,LAT,http://en.wikipedia.org/wiki/Nicholas_Latifi,Nicholas,Latifi,1995-06-29,Canadian,williams,https://en.wikipedia.org/wiki/Williams_Racing,Williams,British,,,18.0,60.0,0 days 00:01:23.155000,kph,201.44,2021,3
9,19,19,0.0,20,64,+2 Laps,mazepin,9,MAZ,http://en.wikipedia.org/wiki/Nikita_Mazepin,Nikita,Mazepin,1999-03-02,Russian,haas,https://en.wikipedia.org/wiki/Haas_F1_Team,Haas F1 Team,American,,,19.0,64.0,0 days 00:01:23.641000,kph,200.27,2021,3
7,20,R,0.0,15,1,Collision damage,raikkonen,7,RAI,http://en.wikipedia.org/wiki/Kimi_R%C3%A4ikk%C3%B6nen,Kimi,Räikkönen,1979-10-17,Finnish,alfa,https://en.wikipedia.org/wiki/Alfa_Romeo_in_Formula_One,Alfa Romeo,Swiss,,,,,,,,2021,3
44,1,1,25.0,1,66,Finished,hamilton,44,HAM,http://en.wikipedia.org/wiki/Lewis_Hamilton,Lewis,Hamilton,1985-01-07,British,mercedes,https://en.wikipedia.org/wiki/Mercedes-Benz_in_Formula_One,Mercedes,German,5587680.0,0 days 01:33:07.680000,5.0,54.0,0 days 00:01:20.665000,kph,208.64,2021,4
33,2,2,19.0,2,66,Finished,max_verstappen,3,VER,http://en.wikipedia.org/wiki/Max_Verstappen,Max,Verstappen,1997-09-30,Dutch,red_bull,https://en.wikipedia.org/wiki/Red_Bull_Racing,Red Bull,Austrian,5603521.0,0 days 00:00:15.841000,1.0,62.0,0 days 00:01:18.149000,kph,215.357,2021,4
77,3,3,15.0,3,66,Finished,bottas,77,BOT,http://en.wikipedia.org/wiki/Valtteri_Bottas,Valtteri,Bottas,1989-08-28,Finnish,mercedes,https://en.wikipedia.org/wiki/Mercedes-Benz_in_Formula_One,Mercedes,German,5614290.0,0 days 00:00:26.610000,2.0,65.0,0 days 00:01:19.430000,kph,211.884,2021,4
16,4,4,12.0,4,66,Finished,leclerc,16,LEC,http://en.wikipedia.org/wiki/Charles_Leclerc,Charles,Leclerc,1997-10-16,Monegasque,ferrari,https://en.wikipedia.org/wiki/Scuderia_Ferrari,Ferrari,Italian,5642296.0,0 days 00:00:54.616000,4.0,64.0,0 days 00:01:20.459000,kph,209.174,2021,4
11,5,5,10.0,8,66,Finished,perez,11,PER,http://en.wikipedia.org/wiki/Sergio_P%C3%A9rez,Sergio,Pérez,1990-01-26,Mexican,red_bull,https://en.wikipedia.org/wiki/Red_Bull_Racing,Red Bull,Austrian,5651351.0,0 days 00:01:03.671000,3.0,60.0,0 days 00:01:19.483000,kph,211.743,2021,4
3,6,6,8.0,7,66,Finished,ricciardo,3,RIC,http://en.wikipedia.org/wiki/Daniel_Ricciardo,Daniel,Ricciardo,1989-07-01,Australian,mclaren,https://en.wikipedia.org/wiki/McLaren,McLaren,British,5661448.0,0 days 00:01:13.768000,10.0,60.0,0 days 00:01:21.853000,kph,205.612,2021,4
55,7,7,6.0,6,66,Finished,sainz,55,SAI,http://en.wikipedia.org/wiki/Carlos_Sainz_Jr.,Carlos,Sainz,1994-09-01,Spanish,ferrari,https://en.wikipedia.org/wiki/Scuderia_Ferrari,Ferrari,Italian,5662350.0,0 days 00:01:14.670000,9.0,53.0,0 days 00:01:21.568000,kph,206.33,2021,4
4,8,8,4.0,9,65,+1 Lap,norris,1,NOR,http://en.wikipedia.org/wiki/Lando_Norris,Lando,Norris,1999-11-13,British,mclaren,https://en.wikipedia.org/wiki/McLaren,McLaren,British,,,7.0,56.0,0 days 00:01:21.279000,kph,207.064,2021,4
31,9,9,2.0,5,65,+1 Lap,ocon,31,OCO,http://en.wikipedia.org/wiki/Esteban_Ocon,Esteban,Ocon,1996-09-17,French,alpine,https://en.wikipedia.org/wiki/Alpine_F1_Team,Alpine F1 Team,French,,,18.0,46.0,0 days 00:01:23.311000,kph,202.014,2021,4
10,10,10,1.0,12,65,+1 Lap,gasly,10,GAS,http://en.wikipedia.org/wiki/Pierre_Gasly,Pierre,Gasly,1996-02-07,French,alphatauri,https://en.wikipedia.org/wiki/Scuderia_AlphaTauri,AlphaTauri,Italian,,,8.0,64.0,0 days 00:01:21.375000,kph,206.82,2021,4
18,11,11,0.0,11,65,+1 Lap,stroll,18,STR,http://en.wikipedia.org/wiki/Lance_Stroll,Lance,Stroll,1998-10-29,Canadian,aston_martin,https://en.wikipedia.org/wiki/Aston_Martin_in_Formula_One,Aston Martin,British,,,11.0,47.0,0 days 00:01:22.607000,kph,203.735,2021,4
7,12,12,0.0,17,65,+1 Lap,raikkonen,7,RAI,http://en.wikipedia.org/wiki/Kimi_R%C3%A4ikk%C3%B6nen,Kimi,Räikkönen,1979-10-17,Finnish,alfa,https://en.wikipedia.org/wiki/Alfa_Romeo_in_Formula_One,Alfa Romeo,Swiss,,,15.0,54.0,0 days 00:01:22.868000,kph,203.094,2021,4
5,13,13,0.0,13,65,+1 Lap,vettel,5,VET,http://en.wikipedia.org/wiki/Sebastian_Vettel,Sebastian,Vettel,1987-07-03,German,aston_martin,https://en.wikipedia.org/wiki/Aston_Martin_in_Formula_One,Aston Martin,British,,,14.0,56.0,0 days 00:01:22.820000,kph,203.211,2021,4
63,14,14,0.0,15,65,+1 Lap,russell,63,RUS,http://en.wikipedia.org/wiki/George_Russell_(racing_driver),George,Russell,1998-02-15,British,williams,https://en.wikipedia.org/wiki/Williams_Racing,Williams,British,,,17.0,30.0,0 days 00:01:23.208000,kph,202.264,2021,4
99,15,15,0.0,14,65,+1 Lap,giovinazzi,99,GIO,http://en.wikipedia.org/wiki/Antonio_Giovinazzi,Antonio,Giovinazzi,1993-12-14,Italian,alfa,https://en.wikipedia.org/wiki/Alfa_Romeo_in_Formula_One,Alfa Romeo,Swiss,,,13.0,42.0,0 days 00:01:22.802000,kph,203.255,2021,4
6,16,16,0.0,19,65,+1 Lap,latifi,6,LAT,http://en.wikipedia.org/wiki/Nicholas_Latifi,Nicholas,Latifi,1995-06-29,Canadian,williams,https://en.wikipedia.org/wiki/Williams_Racing,Williams,British,,,16.0,57.0,0 days 00:01:22.905000,kph,203.003,2021,4
14,17,17,0.0,10,65,+1 Lap,alonso,14,ALO,http://en.wikipedia.org/wiki/Fernando_Alonso,Fernando,Alonso,1981-07-29,Spanish,alpine,https://en.wikipedia.org/wiki/Alpine_F1_Team,Alpine F1 Team,French,,,6.0,63.0,0 days 00:01:21.182000,kph,207.311,2021,4
47,18,18,0.0,18,64,+2 Laps,mick_schumacher,47,MSC,http://en.wikipedia.org/wiki/Mick_Schumacher,Mick,Schumacher,1999-03-22,German,haas,https://en.wikipedia.org/wiki/Haas_F1_Team,Haas F1 Team,American,,,12.0,54.0,0 days 00:01:22.637000,kph,203.661,2021,4
9,19,19,0.0,20,64,+2 Laps,mazepin,9,MAZ,http://en.wikipedia.org/wiki/Nikita_Mazepin,Nikita,Mazepin,1999-03-02,Russian,haas,https://en.wikipedia.org/wiki/Haas_F1_Team,Haas F1 Team,American,,,19.0,45.0,0 days 00:01:24.040000,kph,200.261,2021,4
22,20,R,0.0,16,6,Electrical,tsunoda,22,TSU,http://en.wikipedia.org/wiki/Yuki_Tsunoda,Yuki,Tsunoda,2000-05-11,Japanese,alphatauri,https://en.wikipedia.org/wiki/Scuderia_AlphaTauri,AlphaTauri,Italian,,,20.0,5.0,0 days 00:01:24.825000,kph,198.408,2021,4
33,1,1,25.0,2,78,Finished,max_verstappen,3,VER,http://en.wikipedia.org/wiki/Max_Verstappen,Max,Verstappen,1997-09-30,Dutch,red_bull,https://en.wikipedia.org/wiki/Red_Bull_Racing,Red Bull,Austrian,5936820.0,0 days 01:38:56.820000,6.0,58.0,0 days 00:01:14.649000,kph,160.929,2021,5
55,2,2,18.0,4,78,Finished,sainz,55,SAI,http://en.wikipedia.org/wiki/Carlos_Sainz_Jr.,Carlos,Sainz,1994-09-01,Spanish,ferrari,https://en.wikipedia.org/wiki/Scuderia_Ferrari,Ferrari,Italian,5945788.0,0 days 00:00:08.968000,5.0,35.0,0 days 00:01:14.621000,kph,160.989,2021,5
4,3,3,15.0,5,78,Finished,norris,1,NOR,http://en.wikipedia.org/wiki/Lando_Norris,Lando,Norris,1999-11-13,British,mclaren,https://en.wikipedia.org/wiki/McLaren,McLaren,British,5956247.0,0 days 00:00:19.427000,7.0,76.0,0 days 00:01:14.670000,kph,160.883,2021,5
11,4,4,12.0,9,78,Finished,perez,11,PER,http://en.wikipedia.org/wiki/Sergio_P%C3%A9rez,Sergio,Pérez,1990-01-26,Mexican,red_bull,https://en.wikipedia.org/wiki/Red_Bull_Racing,Red Bull,Austrian,5957310.0,0 days 00:00:20.490000,3.0,32.0,0 days 00:01:14.552000,kph,161.138,2021,5
5,5,5,10.0,8,78,Finished,vettel,5,VET,http://en.wikipedia.org/wiki/Sebastian_Vettel,Sebastian,Vettel,1987-07-03,German,aston_martin,https://en.wikipedia.org/wiki/Aston_Martin_in_Formula_One,Aston Martin,British,5989411.0,0 days 00:00:52.591000,11.0,33.0,0 days 00:01:15.316000,kph,159.503,2021,5
10,6,6,8.0,6,78,Finished,gasly,10,GAS,http://en.wikipedia.org/wiki/Pierre_Gasly,Pierre,Gasly,1996-02-07,French,alphatauri,https://en.wikipedia.org/wiki/Scuderia_AlphaTauri,AlphaTauri,Italian,5990716.0,0 days 00:00:53.896000,14.0,71.0,0 days 00:01:15.412000,kph,159.3,2021,5
44,7,7,7.0,7,78,Finished,hamilton,44,HAM,http://en.wikipedia.org/wiki/Lewis_Hamilton,Lewis,Hamilton,1985-01-07,British,mercedes,https://en.wikipedia.org/wiki/Mercedes-Benz_in_Formula_One,Mercedes,German,6005051.0,0 days 00:01:08.231000,1.0,69.0,0 days 00:01:12.909000,kph,164.769,2021,5
18,8,8,4.0,13,77,+1 Lap,stroll,18,STR,http://en.wikipedia.org/wiki/Lance_Stroll,Lance,Stroll,1998-10-29,Canadian,aston_martin,https://en.wikipedia.org/wiki/Aston_Martin_in_Formula_One,Aston Martin,British,,,8.0,74.0,0 days 00:01:14.674000,kph,160.875,2021,5
31,9,9,2.0,11,77,+1 Lap,ocon,31,OCO,http://en.wikipedia.org/wiki/Esteban_Ocon,Esteban,Ocon,1996-09-17,French,alpine,https://en.wikipedia.org/wiki/Alpine_F1_Team,Alpine F1 Team,French,,,12.0,41.0,0 days 00:01:15.316000,kph,159.503,2021,5
99,10,10,1.0,10,77,+1 Lap,giovinazzi,99,GIO,http://en.wikipedia.org/wiki/Antonio_Giovinazzi,Antonio,Giovinazzi,1993-12-14,Italian,alfa,https://en.wikipedia.org/wiki/Alfa_Romeo_in_Formula_One,Alfa Romeo,Swiss,,,13.0,41.0,0 days 00:01:15.331000,kph,159.472,2021,5
7,11,11,0.0,14,77,+1 Lap,raikkonen,7,RAI,http://en.wikipedia.org/wiki/Kimi_R%C3%A4ikk%C3%B6nen,Kimi,Räikkönen,1979-10-17,Finnish,alfa,https://en.wikipedia.org/wiki/Alfa_Romeo_in_Formula_One,Alfa Romeo,Swiss,,,9.0,55.0,0 days 00:01:14.971000,kph,160.237,2021,5
3,12,12,0.0,12,77,+1 Lap,ricciardo,3,RIC,http://en.wikipedia.org/wiki/Daniel_Ricciardo,Daniel,Ricciardo,1989-07-01,Australian,mclaren,https://en.wikipedia.org/wiki/McLaren,McLaren,British,,,4.0,43.0,0 days 00:01:14.578000,kph,161.082,2021,5
14,13,13,0.0,17,77,+1 Lap,alonso,14,ALO,http://en.wikipedia.org/wiki/Fernando_Alonso,Fernando,Alonso,1981-07-29,Spanish,alpine,https://en.wikipedia.org/wiki/Alpine_F1_Team,Alpine F1 Team,French,,,10.0,70.0,0 days 00:01:15.026000,kph,160.12,2021,5
63,14,14,0.0,15,77,+1 Lap,russell,63,RUS,http://en.wikipedia.org/wiki/George_Russell_(racing_driver),George,Russell,1998-02-15,British,williams,https://en.wikipedia.org/wiki/Williams_Racing,Williams,British,,,15.0,59.0,0 days 00:01:15.539000,kph,159.033,2021,5
6,15,15,0.0,18,77,+1 Lap,latifi,6,LAT,http://en.wikipedia.org/wiki/Nicholas_Latifi,Nicholas,Latifi,1995-06-29,Canadian,williams,https://en.wikipedia.org/wiki/Williams_Racing,Williams,British,,,16.0,66.0,0 days 00:01:15.573000,kph,158.961,2021,5
22,16,16,0.0,16,77,+1 Lap,tsunoda,22,TSU,http://en.wikipedia.org/wiki/Yuki_Tsunoda,Yuki,Tsunoda,2000-05-11,Japanese,alphatauri,https://en.wikipedia.org/wiki/Scuderia_AlphaTauri,AlphaTauri,Italian,,,2.0,66.0,0 days 00:01:14.037000,kph,162.259,2021,5
9,17,17,0.0,19,75,+3 Laps,mazepin,9,MAZ,http://en.wikipedia.org/wiki/Nikita_Mazepin,Nikita,Mazepin,1999-03-02,Russian,haas,https://en.wikipedia.org/wiki/Haas_F1_Team,Haas F1 Team,American,,,19.0,64.0,0 days 00:01:16.866000,kph,156.287,2021,5
47,18,18,0.0,20,75,+3 Laps,mick_schumacher,47,MSC,http://en.wikipedia.org/wiki/Mick_Schumacher,Mick,Schumacher,1999-03-22,German,haas,https://en.wikipedia.org/wiki/Haas_F1_Team,Haas F1 Team,American,,,18.0,51.0,0 days 00:01:16.425000,kph,157.189,2021,5
77,19,R,0.0,3,29,Wheel nut,bottas,77,BOT,http://en.wikipedia.org/wiki/Valtteri_Bottas,Valtteri,Bottas,1989-08-28,Finnish,mercedes,https://en.wikipedia.org/wiki/Mercedes-Benz_in_Formula_One,Mercedes,German,,,17.0,18.0,0 days 00:01:15.706000,kph,158.682,2021,5
16,20,W,0.0,1,0,Driveshaft,leclerc,16,LEC,http://en.wikipedia.org/wiki/Charles_Leclerc,Charles,Leclerc,1997-10-16,Monegasque,ferrari,https://en.wikipedia.org/wiki/Scuderia_Ferrari,Ferrari,Italian,,,,,,,,2021,5
11,1,1,25.0,6,51,Finished,perez,11,PER,http://en.wikipedia.org/wiki/Sergio_P%C3%A9rez,Sergio,Pérez,1990-01-26,Mexican,red_bull,https://en.wikipedia.org/wiki/Red_Bull_Racing,Red Bull,Austrian,8016410.0,0 days 02:13:36.410000,2.0,45.0,0 days 00:01:44.687000,kph,206.432,2021,6
5,2,2,18.0,11,51,Finished,vettel,5,VET,http://en.wikipedia.org/wiki/Sebastian_Vettel,Sebastian,Vettel,1987-07-03,German,aston_martin,https://en.wikipedia.org/wiki/Aston_Martin_in_Formula_One,Aston Martin,British,8017795.0,0 days 00:00:01.385000,4.0,41.0,0 days 00:01:44.890000,kph,206.032,2021,6
10,3,3,15.0,4,51,Finished,gasly,10,GAS,http://en.wikipedia.org/wiki/Pierre_Gasly,Pierre,Gasly,1996-02-07,French,alphatauri,https://en.wikipedia.org/wiki/Scuderia_AlphaTauri,AlphaTauri,Italian,8019172.0,0 days 00:00:02.762000,6.0,44.0,0 days 00:01:45.220000,kph,205.386,2021,6
16,4,4,12.0,1,51,Finished,leclerc,16,LEC,http://en.wikipedia.org/wiki/Charles_Leclerc,Charles,Leclerc,1997-10-16,Monegasque,ferrari,https://en.wikipedia.org/wiki/Scuderia_Ferrari,Ferrari,Italian,8020238.0,0 days 00:00:03.828000,8.0,46.0,0 days 00:01:45.382000,kph,205.071,2021,6
4,5,5,10.0,9,51,Finished,norris,1,NOR,http://en.wikipedia.org/wiki/Lando_Norris,Lando,Norris,1999-11-13,British,mclaren,https://en.wikipedia.org/wiki/McLaren,McLaren,British,8021164.0,0 days 00:00:04.754000,7.0,41.0,0 days 00:01:45.326000,kph,205.18,2021,6
14,6,6,8.0,8,51,Finished,alonso,14,ALO,http://en.wikipedia.org/wiki/Fernando_Alonso,Fernando,Alonso,1981-07-29,Spanish,alpine,https://en.wikipedia.org/wiki/Alpine_F1_Team,Alpine F1 Team,French,8022792.0,0 days 00:00:06.382000,11.0,42.0,0 days 00:01:45.624000,kph,204.601,2021,6
22,7,7,6.0,7,51,Finished,tsunoda,22,TSU,http://en.wikipedia.org/wiki/Yuki_Tsunoda,Yuki,Tsunoda,2000-05-11,Japanese,alphatauri,https://en.wikipedia.org/wiki/Scuderia_AlphaTauri,AlphaTauri,Italian,8023034.0,0 days 00:00:06.624000,5.0,46.0,0 days 00:01:44.939000,kph,205.936,2021,6
55,8,8,4.0,5,51,Finished,sainz,55,SAI,http://en.wikipedia.org/wiki/Carlos_Sainz_Jr.,Carlos,Sainz,1994-09-01,Spanish,ferrari,https://en.wikipedia.org/wiki/Scuderia_Ferrari,Ferrari,Italian,8024119.0,0 days 00:00:07.709000,13.0,42.0,0 days 00:01:45.700000,kph,204.454,2021,6
3,9,9,2.0,13,51,Finished,ricciardo,3,RIC,http://en.wikipedia.org/wiki/Daniel_Ricciardo,Daniel,Ricciardo,1989-07-01,Australian,mclaren,https://en.wikipedia.org/wiki/McLaren,McLaren,British,8025284.0,0 days 00:00:08.874000,14.0,43.0,0 days 00:01:45.713000,kph,204.428,2021,6
7,10,10,1.0,14,51,Finished,raikkonen,7,RAI,http://en.wikipedia.org/wiki/Kimi_R%C3%A4ikk%C3%B6nen,Kimi,Räikkönen,1979-10-17,Finnish,alfa,https://en.wikipedia.org/wiki/Alfa_Romeo_in_Formula_One,Alfa Romeo,Swiss,8025986.0,0 days 00:00:09.576000,10.0,43.0,0 days 00:01:45.601000,kph,204.645,2021,6
99,11,11,0.0,20,51,Finished,giovinazzi,99,GIO,http://en.wikipedia.org/wiki/Antonio_Giovinazzi,Antonio,Giovinazzi,1993-12-14,Italian,alfa,https://en.wikipedia.org/wiki/Alfa_Romeo_in_Formula_One,Alfa Romeo,Swiss,8026664.0,0 days 00:00:10.254000,9.0,44.0,0 days 00:01:45.575000,kph,204.696,2021,6
77,12,12,0.0,10,51,Finished,bottas,77,BOT,http://en.wikipedia.org/wiki/Valtteri_Bottas,Valtteri,Bottas,1989-08-28,Finnish,mercedes,https://en.wikipedia.org/wiki/Mercedes-Benz_in_Formula_One,Mercedes,German,8027674.0,0 days 00:00:11.264000,12.0,43.0,0 days 00:01:45.665000,kph,204.521,2021,6
47,13,13,0.0,17,51,Finished,mick_schumacher,47,MSC,http://en.wikipedia.org/wiki/Mick_Schumacher,Mick,Schumacher,1999-03-22,German,haas,https://en.wikipedia.org/wiki/Haas_F1_Team,Haas F1 Team,American,8030651.0,0 days 00:00:14.241000,18.0,41.0,0 days 00:01:47.624000,kph,200.799,2021,6
9,14,14,0.0,18,51,Finished,mazepin,9,MAZ,http://en.wikipedia.org/wiki/Nikita_Mazepin,Nikita,Mazepin,1999-03-02,Russian,haas,https://en.wikipedia.org/wiki/Haas_F1_Team,Haas F1 Team,American,8030725.0,0 days 00:00:14.315000,19.0,40.0,0 days 00:01:47.747000,kph,200.569,2021,6
44,15,15,0.0,2,51,Finished,hamilton,44,HAM,http://en.wikipedia.org/wiki/Lewis_Hamilton,Lewis,Hamilton,1985-01-07,British,mercedes,https://en.wikipedia.org/wiki/Mercedes-Benz_in_Formula_One,Mercedes,German,8034078.0,0 days 00:00:17.668000,3.0,43.0,0 days 00:01:44.769000,kph,206.27,2021,6
6,16,16,0.0,16,51,Finished,latifi,6,LAT,http://en.wikipedia.org/wiki/Nicholas_Latifi,Nicholas,Latifi,1995-06-29,Canadian,williams,https://en.wikipedia.org/wiki/Williams_Racing,Williams,British,8059789.0,0 days 00:00:43.379000,17.0,42.0,0 days 00:01:46.608000,kph,202.712,2021,6
63,17,R,0.0,15,48,Gearbox,russell,63,RUS,http://en.wikipedia.org/wiki/George_Russell_(racing_driver),George,Russell,1998-02-15,British,williams,https://en.wikipedia.org/wiki/Williams_Racing,Williams,British,,,15.0,43.0,0 days 00:01:45.959000,kph,203.954,2021,6
33,18,R,0.0,3,45,Accident,max_verstappen,3,VER,http://en.wikipedia.org/wiki/Max_Verstappen,Max,Verstappen,1997-09-30,Dutch,red_bull,https://en.wikipedia.org/wiki/Red_Bull_Racing,Red Bull,Austrian,,,1.0,44.0,0 days 00:01:44.481000,kph,206.839,2021,6
18,19,R,0.0,19,29,Accident,stroll,18,STR,http://en.wikipedia.org/wiki/Lance_Stroll,Lance,Stroll,1998-10-29,Canadian,aston_martin,https://en.wikipedia.org/wiki/Aston_Martin_in_Formula_One,Aston Martin,British,,,16.0,28.0,0 days 00:01:46.207000,kph,203.478,2021,6
31,20,R,0.0,12,3,Turbo,ocon,31,OCO,http://en.wikipedia.org/wiki/Esteban_Ocon,Esteban,Ocon,1996-09-17,French,alpine,https://en.wikipedia.org/wiki/Alpine_F1_Team,Alpine F1 Team,French,,,20.0,2.0,0 days 00:01:50.850000,kph,194.955,2021,6
33,1,1,26.0,1,53,Finished,max_verstappen,3,VER,http://en.wikipedia.org/wiki/Max_Verstappen,Max,Verstappen,1997-09-30,Dutch,red_bull,https://en.wikipedia.org/wiki/Red_Bull_Racing,Red Bull,Austrian,5245770.0,0 days 01:27:25.770000,1.0,35.0,0 days 00:01:36.404000,kph,218.156,2021,7
44,2,2,18.0,2,53,Finished,hamilton,44,HAM,http://en.wikipedia.org/wiki/Lewis_Hamilton,Lewis,Hamilton,1985-01-07,British,mercedes,https://en.wikipedia.org/wiki/Mercedes-Benz_in_Formula_One,Mercedes,German,5248674.0,0 days 00:00:02.904000,5.0,44.0,0 days 00:01:37.410000,kph,215.903,2021,7
11,3,3,15.0,4,53,Finished,perez,11,PER,http://en.wikipedia.org/wiki/Sergio_P%C3%A9rez,Sergio,Pérez,1990-01-26,Mexican,red_bull,https://en.wikipedia.org/wiki/Red_Bull_Racing,Red Bull,Austrian,5254581.0,0 days 00:00:08.811000,2.0,53.0,0 days 00:01:36.693000,kph,217.504,2021,7
77,4,4,12.0,3,53,Finished,bottas,77,BOT,http://en.wikipedia.org/wiki/Valtteri_Bottas,Valtteri,Bottas,1989-08-28,Finnish,mercedes,https://en.wikipedia.org/wiki/Mercedes-Benz_in_Formula_One,Mercedes,German,5260388.0,0 days 00:00:14.618000,3.0,19.0,0 days 00:01:36.960000,kph,216.905,2021,7
4,5,5,10.0,8,53,Finished,norris,1,NOR,http://en.wikipedia.org/wiki/Lando_Norris,Lando,Norris,1999-11-13,British,mclaren,https://en.wikipedia.org/wiki/McLaren,McLaren,British,5309802.0,0 days 00:01:04.032000,6.0,52.0,0 days 00:01:37.425000,kph,215.87,2021,7
3,6,6,8.0,10,53,Finished,ricciardo,3,RIC,http://en.wikipedia.org/wiki/Daniel_Ricciardo,Daniel,Ricciardo,1989-07-01,Australian,mclaren,https://en.wikipedia.org/wiki/McLaren,McLaren,British,5321627.0,0 days 00:01:15.857000,14.0,45.0,0 days 00:01:38.324000,kph,213.896,2021,7
10,7,7,6.0,6,53,Finished,gasly,10,GAS,http://en.wikipedia.org/wiki/Pierre_Gasly,Pierre,Gasly,1996-02-07,French,alphatauri,https://en.wikipedia.org/wiki/Scuderia_AlphaTauri,AlphaTauri,Italian,5322366.0,0 days 00:01:16.596000,11.0,44.0,0 days 00:01:38.103000,kph,214.378,2021,7
14,8,8,4.0,9,53,Finished,alonso,14,ALO,http://en.wikipedia.org/wiki/Fernando_Alonso,Fernando,Alonso,1981-07-29,Spanish,alpine,https://en.wikipedia.org/wiki/Alpine_F1_Team,Alpine F1 Team,French,5323465.0,0 days 00:01:17.695000,7.0,44.0,0 days 00:01:37.646000,kph,215.382,2021,7
5,9,9,2.0,12,53,Finished,vettel,5,VET,http://en.wikipedia.org/wiki/Sebastian_Vettel,Sebastian,Vettel,1987-07-03,German,aston_martin,https://en.wikipedia.org/wiki/Aston_Martin_in_Formula_One,Aston Martin,British,5325436.0,0 days 00:01:19.666000,4.0,52.0,0 days 00:01:37.138000,kph,216.508,2021,7
18,10,10,1.0,19,53,Finished,stroll,18,STR,http://en.wikipedia.org/wiki/Lance_Stroll,Lance,Stroll,1998-10-29,Canadian,aston_martin,https://en.wikipedia.org/wiki/Aston_Martin_in_Formula_One,Aston Martin,British,5337716.0,0 days 00:01:31.946000,9.0,44.0,0 days 00:01:37.828000,kph,214.981,2021,7
55,11,11,0.0,5,53,Finished,sainz,55,SAI,http://en.wikipedia.org/wiki/Carlos_Sainz_Jr.,Carlos,Sainz,1994-09-01,Spanish,ferrari,https://en.wikipedia.org/wiki/Scuderia_Ferrari,Ferrari,Italian,5345107.0,0 days 00:01:39.337000,18.0,19.0,0 days 00:01:38.931000,kph,212.584,2021,7
63,12,12,0.0,14,52,+1 Lap,russell,63,RUS,http://en.wikipedia.org/wiki/George_Russell_(racing_driver),George,Russell,1998-02-15,British,williams,https://en.wikipedia.org/wiki/Williams_Racing,Williams,British,,,13.0,52.0,0 days 00:01:38.314000,kph,213.918,2021,7
22,13,13,0.0,0,52,+1 Lap,tsunoda,22,TSU,http://en.wikipedia.org/wiki/Yuki_Tsunoda,Yuki,Tsunoda,2000-05-11,Japanese,alphatauri,https://en.wikipedia.org/wiki/Scuderia_AlphaTauri,AlphaTauri,Italian,,,19.0,18.0,0 days 00:01:38.980000,kph,212.479,2021,7
31,14,14,0.0,11,52,+1 Lap,ocon,31,OCO,http://en.wikipedia.org/wiki/Esteban_Ocon,Esteban,Ocon,1996-09-17,French,alpine,https://en.wikipedia.org/wiki/Alpine_F1_Team,Alpine F1 Team,French,,,15.0,33.0,0 days 00:01:38.645000,kph,213.2,2021,7
99,15,15,0.0,13,52,+1 Lap,giovinazzi,99,GIO,http://en.wikipedia.org/wiki/Antonio_Giovinazzi,Antonio,Giovinazzi,1993-12-14,Italian,alfa,https://en.wikipedia.org/wiki/Alfa_Romeo_in_Formula_One,Alfa Romeo,Swiss,,,16.0,36.0,0 days 00:01:38.702000,kph,213.077,2021,7
16,16,16,0.0,7,52,+1 Lap,leclerc,16,LEC,http://en.wikipedia.org/wiki/Charles_Leclerc,Charles,Leclerc,1997-10-16,Monegasque,ferrari,https://en.wikipedia.org/wiki/Scuderia_Ferrari,Ferrari,Italian,,,8.0,43.0,0 days 00:01:37.681000,kph,215.304,2021,7
7,17,17,0.0,17,52,+1 Lap,raikkonen,7,RAI,http://en.wikipedia.org/wiki/Kimi_R%C3%A4ikk%C3%B6nen,Kimi,Räikkönen,1979-10-17,Finnish,alfa,https://en.wikipedia.org/wiki/Alfa_Romeo_in_Formula_One,Alfa Romeo,Swiss,,,10.0,46.0,0 days 00:01:37.992000,kph,214.621,2021,7
6,18,18,0.0,16,52,+1 Lap,latifi,6,LAT,http://en.wikipedia.org/wiki/Nicholas_Latifi,Nicholas,Latifi,1995-06-29,Canadian,williams,https://en.wikipedia.org/wiki/Williams_Racing,Williams,British,,,12.0,50.0,0 days 00:01:38.313000,kph,213.92,2021,7
47,19,19,0.0,15,52,+1 Lap,mick_schumacher,47,MSC,http://en.wikipedia.org/wiki/Mick_Schumacher,Mick,Schumacher,1999-03-22,German,haas,https://en.wikipedia.org/wiki/Haas_F1_Team,Haas F1 Team,American,,,17.0,51.0,0 days 00:01:38.847000,kph,212.765,2021,7
9,20,20,0.0,18,52,+1 Lap,mazepin,9,MAZ,http://en.wikipedia.org/wiki/Nikita_Mazepin,Nikita,Mazepin,1999-03-02,Russian,haas,https://en.wikipedia.org/wiki/Haas_F1_Team,Haas F1 Team,American,,,20.0,34.0,0 days 00:01:39.317000,kph,211.758,2021,7
33,1,1,25.0,1,71,Finished,max_verstappen,3,VER,http://en.wikipedia.org/wiki/Max_Verstappen,Max,Verstappen,1997-09-30,Dutch,red_bull,https://en.wikipedia.org/wiki/Red_Bull_Racing,Red Bull,Austrian,4938925.0,0 days 01:22:18.925000,3.0,68.0,0 days 00:01:08.017000,kph,228.542,2021,8
44,2,2,19.0,2,71,Finished,hamilton,44,HAM,http://en.wikipedia.org/wiki/Lewis_Hamilton,Lewis,Hamilton,1985-01-07,British,mercedes,https://en.wikipedia.org/wiki/Mercedes-Benz_in_Formula_One,Mercedes,German,4974668.0,0 days 00:00:35.743000,1.0,71.0,0 days 00:01:07.058000,kph,231.811,2021,8
77,3,3,15.0,5,71,Finished,bottas,77,BOT,http://en.wikipedia.org/wiki/Valtteri_Bottas,Valtteri,Bottas,1989-08-28,Finnish,mercedes,https://en.wikipedia.org/wiki/Mercedes-Benz_in_Formula_One,Mercedes,German,4985832.0,0 days 00:00:46.907000,5.0,43.0,0 days 00:01:08.619000,kph,226.537,2021,8
11,4,4,12.0,4,71,Finished,perez,11,PER,http://en.wikipedia.org/wiki/Sergio_P%C3%A9rez,Sergio,Pérez,1990-01-26,Mexican,red_bull,https://en.wikipedia.org/wiki/Red_Bull_Racing,Red Bull,Austrian,4986359.0,0 days 00:00:47.434000,2.0,57.0,0 days 00:01:07.894000,kph,228.956,2021,8
4,5,5,10.0,3,70,+1 Lap,norris,1,NOR,http://en.wikipedia.org/wiki/Lando_Norris,Lando,Norris,1999-11-13,British,mclaren,https://en.wikipedia.org/wiki/McLaren,McLaren,British,,,7.0,65.0,0 days 00:01:08.903000,kph,225.604,2021,8
55,6,6,8.0,12,70,+1 Lap,sainz,55,SAI,http://en.wikipedia.org/wiki/Carlos_Sainz_Jr.,Carlos,Sainz,1994-09-01,Spanish,ferrari,https://en.wikipedia.org/wiki/Scuderia_Ferrari,Ferrari,Italian,,,4.0,64.0,0 days 00:01:08.609000,kph,226.57,2021,8
16,7,7,6.0,7,70,+1 Lap,leclerc,16,LEC,http://en.wikipedia.org/wiki/Charles_Leclerc,Charles,Leclerc,1997-10-16,Monegasque,ferrari,https://en.wikipedia.org/wiki/Scuderia_Ferrari,Ferrari,Italian,,,6.0,64.0,0 days 00:01:08.738000,kph,226.145,2021,8
18,8,8,4.0,9,70,+1 Lap,stroll,18,STR,http://en.wikipedia.org/wiki/Lance_Stroll,Lance,Stroll,1998-10-29,Canadian,aston_martin,https://en.wikipedia.org/wiki/Aston_Martin_in_Formula_One,Aston Martin,British,,,14.0,32.0,0 days 00:01:09.787000,kph,222.746,2021,8
14,9,9,2.0,8,70,+1 Lap,alonso,14,ALO,http://en.wikipedia.org/wiki/Fernando_Alonso,Fernando,Alonso,1981-07-29,Spanish,alpine,https://en.wikipedia.org/wiki/Alpine_F1_Team,Alpine F1 Team,French,,,13.0,61.0,0 days 00:01:09.749000,kph,222.867,2021,8
22,10,10,1.0,11,70,+1 Lap,tsunoda,22,TSU,http://en.wikipedia.org/wiki/Yuki_Tsunoda,Yuki,Tsunoda,2000-05-11,Japanese,alphatauri,https://en.wikipedia.org/wiki/Scuderia_AlphaTauri,AlphaTauri,Italian,,,11.0,41.0,0 days 00:01:09.650000,kph,223.184,2021,8
7,11,11,0.0,18,70,+1 Lap,raikkonen,7,RAI,http://en.wikipedia.org/wiki/Kimi_R%C3%A4ikk%C3%B6nen,Kimi,Räikkönen,1979-10-17,Finnish,alfa,https://en.wikipedia.org/wiki/Alfa_Romeo_in_Formula_One,Alfa Romeo,Swiss,,,8.0,57.0,0 days 00:01:09.128000,kph,224.869,2021,8
5,12,12,0.0,14,70,+1 Lap,vettel,5,VET,http://en.wikipedia.org/wiki/Sebastian_Vettel,Sebastian,Vettel,1987-07-03,German,aston_martin,https://en.wikipedia.org/wiki/Aston_Martin_in_Formula_One,Aston Martin,British,,,15.0,64.0,0 days 00:01:09.821000,kph,222.637,2021,8
3,13,13,0.0,13,70,+1 Lap,ricciardo,3,RIC,http://en.wikipedia.org/wiki/Daniel_Ricciardo,Daniel,Ricciardo,1989-07-01,Australian,mclaren,https://en.wikipedia.org/wiki/McLaren,McLaren,British,,,9.0,45.0,0 days 00:01:09.305000,kph,224.295,2021,8
31,14,14,0.0,17,70,+1 Lap,ocon,31,OCO,http://en.wikipedia.org/wiki/Esteban_Ocon,Esteban,Ocon,1996-09-17,French,alpine,https://en.wikipedia.org/wiki/Alpine_F1_Team,Alpine F1 Team,French,,,10.0,70.0,0 days 00:01:09.576000,kph,223.421,2021,8
99,15,15,0.0,15,70,+1 Lap,giovinazzi,99,GIO,http://en.wikipedia.org/wiki/Antonio_Giovinazzi,Antonio,Giovinazzi,1993-12-14,Italian,alfa,https://en.wikipedia.org/wiki/Alfa_Romeo_in_Formula_One,Alfa Romeo,Swiss,,,12.0,39.0,0 days 00:01:09.723000,kph,222.95,2021,8
47,16,16,0.0,19,69,+2 Laps,mick_schumacher,47,MSC,http://en.wikipedia.org/wiki/Mick_Schumacher,Mick,Schumacher,1999-03-22,German,haas,https://en.wikipedia.org/wiki/Haas_F1_Team,Haas F1 Team,American,,,16.0,57.0,0 days 00:01:10.005000,kph,222.052,2021,8
6,17,17,0.0,16,68,+3 Laps,latifi,6,LAT,http://en.wikipedia.org/wiki/Nicholas_Latifi,Nicholas,Latifi,1995-06-29,Canadian,williams,https://en.wikipedia.org/wiki/Williams_Racing,Williams,British,,,17.0,34.0,0 days 00:01:10.104000,kph,221.739,2021,8
9,18,18,0.0,20,68,+3 Laps,mazepin,9,MAZ,http://en.wikipedia.org/wiki/Nikita_Mazepin,Nikita,Mazepin,1999-03-02,Russian,haas,https://en.wikipedia.org/wiki/Haas_F1_Team,Haas F1 Team,American,,,19.0,39.0,0 days 00:01:10.951000,kph,219.092,2021,8
63,19,R,0.0,10,36,Engine,russell,63,RUS,http://en.wikipedia.org/wiki/George_Russell_(racing_driver),George,Russell,1998-02-15,British,williams,https://en.wikipedia.org/wiki/Williams_Racing,Williams,British,,,18.0,28.0,0 days 00:01:10.499000,kph,220.496,2021,8
10,20,R,0.0,6,1,Collision,gasly,10,GAS,http://en.wikipedia.org/wiki/Pierre_Gasly,Pierre,Gasly,1996-02-07,French,alphatauri,https://en.wikipedia.org/wiki/Scuderia_AlphaTauri,AlphaTauri,Italian,,,,,,,,2021,8
33,1,1,26.0,1,71,Finished,max_verstappen,3,VER,http://en.wikipedia.org/wiki/Max_Verstappen,Max,Verstappen,1997-09-30,Dutch,red_bull,https://en.wikipedia.org/wiki/Red_Bull_Racing,Red Bull,Austrian,5034543.0,0 days 01:23:54.543000,1.0,62.0,0 days 00:01:06.200000,kph,234.815,2021,9
77,2,2,18.0,5,71,Finished,bottas,77,BOT,http://en.wikipedia.org/wiki/Valtteri_Bottas,Valtteri,Bottas,1989-08-28,Finnish,mercedes,https://en.wikipedia.org/wiki/Mercedes-Benz_in_Formula_One,Mercedes,German,5052516.0,0 days 00:00:17.973000,6.0,52.0,0 days 00:01:08.374000,kph,227.349,2021,9
4,3,3,15.0,2,71,Finished,norris,1,NOR,http://en.wikipedia.org/wiki/Lando_Norris,Lando,Norris,1999-11-13,British,mclaren,https://en.wikipedia.org/wiki/McLaren,McLaren,British,5054562.0,0 days 00:00:20.019000,10.0,62.0,0 days 00:01:08.471000,kph,227.027,2021,9
44,4,4,12.0,4,71,Finished,hamilton,44,HAM,http://en.wikipedia.org/wiki/Lewis_Hamilton,Lewis,Hamilton,1985-01-07,British,mercedes,https://en.wikipedia.org/wiki/Mercedes-Benz_in_Formula_One,Mercedes,German,5080995.0,0 days 00:00:46.452000,3.0,55.0,0 days 00:01:08.126000,kph,228.177,2021,9
55,5,5,10.0,10,71,Finished,sainz,55,SAI,http://en.wikipedia.org/wiki/Carlos_Sainz_Jr.,Carlos,Sainz,1994-09-01,Spanish,ferrari,https://en.wikipedia.org/wiki/Scuderia_Ferrari,Ferrari,Italian,5091687.0,0 days 00:00:57.144000,2.0,70.0,0 days 00:01:07.762000,kph,229.402,2021,9
11,6,6,8.0,3,71,Finished,perez,11,PER,http://en.wikipedia.org/wiki/Sergio_P%C3%A9rez,Sergio,Pérez,1990-01-26,Mexican,red_bull,https://en.wikipedia.org/wiki/Red_Bull_Racing,Red Bull,Austrian,5092458.0,0 days 00:00:57.915000,5.0,55.0,0 days 00:01:08.192000,kph,227.956,2021,9
3,7,7,6.0,13,71,Finished,ricciardo,3,RIC,http://en.wikipedia.org/wiki/Daniel_Ricciardo,Daniel,Ricciardo,1989-07-01,Australian,mclaren,https://en.wikipedia.org/wiki/McLaren,McLaren,British,5094938.0,0 days 00:01:00.395000,14.0,56.0,0 days 00:01:08.820000,kph,225.876,2021,9
16,8,8,4.0,12,71,Finished,leclerc,16,LEC,http://en.wikipedia.org/wiki/Charles_Leclerc,Charles,Leclerc,1997-10-16,Monegasque,ferrari,https://en.wikipedia.org/wiki/Scuderia_Ferrari,Ferrari,Italian,5095738.0,0 days 00:01:01.195000,13.0,55.0,0 days 00:01:08.698000,kph,226.277,2021,9
10,9,9,2.0,6,71,Finished,gasly,10,GAS,http://en.wikipedia.org/wiki/Pierre_Gasly,Pierre,Gasly,1996-02-07,French,alphatauri,https://en.wikipedia.org/wiki/Scuderia_AlphaTauri,AlphaTauri,Italian,5096387.0,0 days 00:01:01.844000,4.0,54.0,0 days 00:01:08.146000,kph,228.11,2021,9
14,10,10,1.0,14,70,+1 Lap,alonso,14,ALO,http://en.wikipedia.org/wiki/Fernando_Alonso,Fernando,Alonso,1981-07-29,Spanish,alpine,https://en.wikipedia.org/wiki/Alpine_F1_Team,Alpine F1 Team,French,,,7.0,70.0,0 days 00:01:08.405000,kph,227.246,2021,9
63,11,11,0.0,8,70,+1 Lap,russell,63,RUS,http://en.wikipedia.org/wiki/George_Russell_(racing_driver),George,Russell,1998-02-15,British,williams,https://en.wikipedia.org/wiki/Williams_Racing,Williams,British,,,16.0,56.0,0 days 00:01:08.900000,kph,225.613,2021,9
22,12,12,0.0,7,70,+1 Lap,tsunoda,22,TSU,http://en.wikipedia.org/wiki/Yuki_Tsunoda,Yuki,Tsunoda,2000-05-11,Japanese,alphatauri,https://en.wikipedia.org/wiki/Scuderia_AlphaTauri,AlphaTauri,Italian,,,9.0,54.0,0 days 00:01:08.455000,kph,227.08,2021,9
18,13,13,0.0,9,70,+1 Lap,stroll,18,STR,http://en.wikipedia.org/wiki/Lance_Stroll,Lance,Stroll,1998-10-29,Canadian,aston_martin,https://en.wikipedia.org/wiki/Aston_Martin_in_Formula_One,Aston Martin,British,,,12.0,54.0,0 days 00:01:08.659000,kph,226.405,2021,9
99,14,14,0.0,15,70,+1 Lap,giovinazzi,99,GIO,http://en.wikipedia.org/wiki/Antonio_Giovinazzi,Antonio,Giovinazzi,1993-12-14,Italian,alfa,https://en.wikipedia.org/wiki/Alfa_Romeo_in_Formula_One,Alfa Romeo,Swiss,,,17.0,55.0,0 days 00:01:09.042000,kph,225.149,2021,9
7,15,15,0.0,16,70,+1 Lap,raikkonen,7,RAI,http://en.wikipedia.org/wiki/Kimi_R%C3%A4ikk%C3%B6nen,Kimi,Räikkönen,1979-10-17,Finnish,alfa,https://en.wikipedia.org/wiki/Alfa_Romeo_in_Formula_One,Alfa Romeo,Swiss,,,15.0,69.0,0 days 00:01:08.874000,kph,225.699,2021,9
6,16,16,0.0,18,70,+1 Lap,latifi,6,LAT,http://en.wikipedia.org/wiki/Nicholas_Latifi,Nicholas,Latifi,1995-06-29,Canadian,williams,https://en.wikipedia.org/wiki/Williams_Racing,Williams,British,,,11.0,62.0,0 days 00:01:08.520000,kph,226.865,2021,9
5,17,17,0.0,11,69,Collision,vettel,5,VET,http://en.wikipedia.org/wiki/Sebastian_Vettel,Sebastian,Vettel,1987-07-03,German,aston_martin,https://en.wikipedia.org/wiki/Aston_Martin_in_Formula_One,Aston Martin,British,,,8.0,51.0,0 days 00:01:08.420000,kph,227.196,2021,9
47,18,18,0.0,19,69,+2 Laps,mick_schumacher,47,MSC,http://en.wikipedia.org/wiki/Mick_Schumacher,Mick,Schumacher,1999-03-22,German,haas,https://en.wikipedia.org/wiki/Haas_F1_Team,Haas F1 Team,American,,,18.0,56.0,0 days 00:01:09.394000,kph,224.007,2021,9
9,19,19,0.0,20,69,+2 Laps,mazepin,9,MAZ,http://en.wikipedia.org/wiki/Nikita_Mazepin,Nikita,Mazepin,1999-03-02,Russian,haas,https://en.wikipedia.org/wiki/Haas_F1_Team,Haas F1 Team,American,,,19.0,49.0,0 days 00:01:09.757000,kph,222.842,2021,9
31,20,R,0.0,17,0,Collision,ocon,31,OCO,http://en.wikipedia.org/wiki/Esteban_Ocon,Esteban,Ocon,1996-09-17,French,alpine,https://en.wikipedia.org/wiki/Alpine_F1_Team,Alpine F1 Team,French,,,,,,,,2021,9
44,1,1,25.0,2,52,Finished,hamilton,44,HAM,http://en.wikipedia.org/wiki/Lewis_Hamilton,Lewis,Hamilton,1985-01-07,British,mercedes,https://en.wikipedia.org/wiki/Mercedes-Benz_in_Formula_One,Mercedes,German,7103284.0,0 days 01:58:23.284000,2.0,45.0,0 days 00:01:29.699000,kph,236.43,2021,10
16,2,2,18.0,4,52,Finished,leclerc,16,LEC,http://en.wikipedia.org/wiki/Charles_Leclerc,Charles,Leclerc,1997-10-16,Monegasque,ferrari,https://en.wikipedia.org/wiki/Scuderia_Ferrari,Ferrari,Italian,7107155.0,0 days 00:00:03.871000,5.0,45.0,0 days 00:01:30.569000,kph,234.159,2021,10
77,3,3,15.0,3,52,Finished,bottas,77,BOT,http://en.wikipedia.org/wiki/Valtteri_Bottas,Valtteri,Bottas,1989-08-28,Finnish,mercedes,https://en.wikipedia.org/wiki/Mercedes-Benz_in_Formula_One,Mercedes,German,7114409.0,0 days 00:00:11.125000,4.0,45.0,0 days 00:01:30.524000,kph,234.275,2021,10
4,4,4,12.0,5,52,Finished,norris,1,NOR,http://en.wikipedia.org/wiki/Lando_Norris,Lando,Norris,1999-11-13,British,mclaren,https://en.wikipedia.org/wiki/McLaren,McLaren,British,7131857.0,0 days 00:00:28.573000,9.0,44.0,0 days 00:01:31.420000,kph,231.979,2021,10
3,5,5,10.0,6,52,Finished,ricciardo,3,RIC,http://en.wikipedia.org/wiki/Daniel_Ricciardo,Daniel,Ricciardo,1989-07-01,Australian,mclaren,https://en.wikipedia.org/wiki/McLaren,McLaren,British,7145908.0,0 days 00:00:42.624000,8.0,51.0,0 days 00:01:31.284000,kph,232.325,2021,10
55,6,6,8.0,10,52,Finished,sainz,55,SAI,http://en.wikipedia.org/wiki/Carlos_Sainz_Jr.,Carlos,Sainz,1994-09-01,Spanish,ferrari,https://en.wikipedia.org/wiki/Scuderia_Ferrari,Ferrari,Italian,7146738.0,0 days 00:00:43.454000,7.0,51.0,0 days 00:01:31.223000,kph,232.48,2021,10
14,7,7,6.0,7,52,Finished,alonso,14,ALO,http://en.wikipedia.org/wiki/Fernando_Alonso,Fernando,Alonso,1981-07-29,Spanish,alpine,https://en.wikipedia.org/wiki/Alpine_F1_Team,Alpine F1 Team,French,7175377.0,0 days 00:01:12.093000,10.0,48.0,0 days 00:01:31.698000,kph,231.276,2021,10
18,8,8,4.0,14,52,Finished,stroll,18,STR,http://en.wikipedia.org/wiki/Lance_Stroll,Lance,Stroll,1998-10-29,Canadian,aston_martin,https://en.wikipedia.org/wiki/Aston_Martin_in_Formula_One,Aston Martin,British,7177573.0,0 days 00:01:14.289000,12.0,48.0,0 days 00:01:31.992000,kph,230.537,2021,10
31,9,9,2.0,9,52,Finished,ocon,31,OCO,http://en.wikipedia.org/wiki/Esteban_Ocon,Esteban,Ocon,1996-09-17,French,alpine,https://en.wikipedia.org/wiki/Alpine_F1_Team,Alpine F1 Team,French,7179446.0,0 days 00:01:16.162000,14.0,48.0,0 days 00:01:32.210000,kph,229.992,2021,10
22,10,10,1.0,16,52,Finished,tsunoda,22,TSU,http://en.wikipedia.org/wiki/Yuki_Tsunoda,Yuki,Tsunoda,2000-05-11,Japanese,alphatauri,https://en.wikipedia.org/wiki/Scuderia_AlphaTauri,AlphaTauri,Italian,7185349.0,0 days 00:01:22.065000,6.0,51.0,0 days 00:01:30.826000,kph,233.497,2021,10
10,11,11,0.0,11,52,Finished,gasly,10,GAS,http://en.wikipedia.org/wiki/Pierre_Gasly,Pierre,Gasly,1996-02-07,French,alphatauri,https://en.wikipedia.org/wiki/Scuderia_AlphaTauri,AlphaTauri,Italian,7188611.0,0 days 00:01:25.327000,3.0,52.0,0 days 00:01:30.266000,kph,234.945,2021,10
63,12,12,0.0,12,51,+1 Lap,russell,63,RUS,http://en.wikipedia.org/wiki/George_Russell_(racing_driver),George,Russell,1998-02-15,British,williams,https://en.wikipedia.org/wiki/Williams_Racing,Williams,British,,,13.0,49.0,0 days 00:01:32.049000,kph,230.394,2021,10
99,13,13,0.0,15,51,+1 Lap,giovinazzi,99,GIO,http://en.wikipedia.org/wiki/Antonio_Giovinazzi,Antonio,Giovinazzi,1993-12-14,Italian,alfa,https://en.wikipedia.org/wiki/Alfa_Romeo_in_Formula_One,Alfa Romeo,Swiss,,,15.0,49.0,0 days 00:01:32.346000,kph,229.653,2021,10
6,14,14,0.0,17,51,+1 Lap,latifi,6,LAT,http://en.wikipedia.org/wiki/Nicholas_Latifi,Nicholas,Latifi,1995-06-29,Canadian,williams,https://en.wikipedia.org/wiki/Williams_Racing,Williams,British,,,16.0,51.0,0 days 00:01:32.477000,kph,229.328,2021,10
7,15,15,0.0,13,51,+1 Lap,raikkonen,7,RAI,http://en.wikipedia.org/wiki/Kimi_R%C3%A4ikk%C3%B6nen,Kimi,Räikkönen,1979-10-17,Finnish,alfa,https://en.wikipedia.org/wiki/Alfa_Romeo_in_Formula_One,Alfa Romeo,Swiss,,,11.0,48.0,0 days 00:01:31.895000,kph,230.78,2021,10
11,16,16,0.0,0,51,+1 Lap,perez,11,PER,http://en.wikipedia.org/wiki/Sergio_P%C3%A9rez,Sergio,Pérez,1990-01-26,Mexican,red_bull,https://en.wikipedia.org/wiki/Red_Bull_Racing,Red Bull,Austrian,,,1.0,50.0,0 days 00:01:28.617000,kph,239.317,2021,10
9,17,17,0.0,19,51,+1 Lap,mazepin,9,MAZ,http://en.wikipedia.org/wiki/Nikita_Mazepin,Nikita,Mazepin,1999-03-02,Russian,haas,https://en.wikipedia.org/wiki/Haas_F1_Team,Haas F1 Team,American,,,18.0,51.0,0 days 00:01:32.909000,kph,228.262,2021,10
47,18,18,0.0,18,51,+1 Lap,mick_schumacher,47,MSC,http://en.wikipedia.org/wiki/Mick_Schumacher,Mick,Schumacher,1999-03-22,German,haas,https://en.wikipedia.org/wiki/Haas_F1_Team,Haas F1 Team,American,,,17.0,50.0,0 days 00:01:32.862000,kph,228.377,2021,10
5,19,R,0.0,8,40,Retired,vettel,5,VET,http://en.wikipedia.org/wiki/Sebastian_Vettel,Sebastian,Vettel,1987-07-03,German,aston_martin,https://en.wikipedia.org/wiki/Aston_Martin_in_Formula_One,Aston Martin,British,,,19.0,35.0,0 days 00:01:33.059000,kph,227.894,2021,10
33,20,R,0.0,1,0,Collision,max_verstappen,3,VER,http://en.wikipedia.org/wiki/Max_Verstappen,Max,Verstappen,1997-09-30,Dutch,red_bull,https://en.wikipedia.org/wiki/Red_Bull_Racing,Red Bull,Austrian,,,,,,,,2021,10
31,1,1,25.0,8,70,Finished,ocon,31,OCO,http://en.wikipedia.org/wiki/Esteban_Ocon,Esteban,Ocon,1996-09-17,French,alpine,https://en.wikipedia.org/wiki/Alpine_F1_Team,Alpine F1 Team,French,7483199.0,0 days 02:04:43.199000,5.0,54.0,0 days 00:01:21.421000,kph,193.704,2021,11
44,2,2,18.0,1,70,Finished,hamilton,44,HAM,http://en.wikipedia.org/wiki/Lewis_Hamilton,Lewis,Hamilton,1985-01-07,British,mercedes,https://en.wikipedia.org/wiki/Mercedes-Benz_in_Formula_One,Mercedes,German,7485935.0,0 days 00:00:02.736000,2.0,49.0,0 days 00:01:18.715000,kph,200.363,2021,11
55,3,3,15.0,15,70,Finished,sainz,55,SAI,http://en.wikipedia.org/wiki/Carlos_Sainz_Jr.,Carlos,Sainz,1994-09-01,Spanish,ferrari,https://en.wikipedia.org/wiki/Scuderia_Ferrari,Ferrari,Italian,7498217.0,0 days 00:00:15.018000,6.0,54.0,0 days 00:01:21.423000,kph,193.699,2021,11
14,4,4,12.0,9,70,Finished,alonso,14,ALO,http://en.wikipedia.org/wiki/Fernando_Alonso,Fernando,Alonso,1981-07-29,Spanish,alpine,https://en.wikipedia.org/wiki/Alpine_F1_Team,Alpine F1 Team,French,7498850.0,0 days 00:00:15.651000,3.0,41.0,0 days 00:01:20.359000,kph,196.264,2021,11
10,5,5,11.0,5,70,Finished,gasly,10,GAS,http://en.wikipedia.org/wiki/Pierre_Gasly,Pierre,Gasly,1996-02-07,French,alphatauri,https://en.wikipedia.org/wiki/Scuderia_AlphaTauri,AlphaTauri,Italian,7546813.0,0 days 00:01:03.614000,1.0,70.0,0 days 00:01:18.394000,kph,201.183,2021,11
22,6,6,8.0,16,70,Finished,tsunoda,22,TSU,http://en.wikipedia.org/wiki/Yuki_Tsunoda,Yuki,Tsunoda,2000-05-11,Japanese,alphatauri,https://en.wikipedia.org/wiki/Scuderia_AlphaTauri,AlphaTauri,Italian,7559002.0,0 days 00:01:15.803000,10.0,43.0,0 days 00:01:22.450000,kph,191.286,2021,11
6,7,7,6.0,18,70,Finished,latifi,6,LAT,http://en.wikipedia.org/wiki/Nicholas_Latifi,Nicholas,Latifi,1995-06-29,Canadian,williams,https://en.wikipedia.org/wiki/Williams_Racing,Williams,British,7561109.0,0 days 00:01:17.910000,14.0,62.0,0 days 00:01:22.831000,kph,190.406,2021,11
63,8,8,4.0,17,70,Finished,russell,63,RUS,http://en.wikipedia.org/wiki/George_Russell_(racing_driver),George,Russell,1998-02-15,British,williams,https://en.wikipedia.org/wiki/Williams_Racing,Williams,British,7562293.0,0 days 00:01:19.094000,9.0,62.0,0 days 00:01:22.112000,kph,192.074,2021,11
33,9,9,2.0,3,70,Finished,max_verstappen,3,VER,http://en.wikipedia.org/wiki/Max_Verstappen,Max,Verstappen,1997-09-30,Dutch,red_bull,https://en.wikipedia.org/wiki/Red_Bull_Racing,Red Bull,Austrian,7563443.0,0 days 00:01:20.244000,4.0,43.0,0 days 00:01:20.945000,kph,194.843,2021,11
7,10,10,1.0,13,69,+1 Lap,raikkonen,7,RAI,http://en.wikipedia.org/wiki/Kimi_R%C3%A4ikk%C3%B6nen,Kimi,Räikkönen,1979-10-17,Finnish,alfa,https://en.wikipedia.org/wiki/Alfa_Romeo_in_Formula_One,Alfa Romeo,Swiss,,,8.0,58.0,0 days 00:01:21.518000,kph,193.473,2021,11
3,11,11,0.0,11,69,+1 Lap,ricciardo,3,RIC,http://en.wikipedia.org/wiki/Daniel_Ricciardo,Daniel,Ricciardo,1989-07-01,Australian,mclaren,https://en.wikipedia.org/wiki/McLaren,McLaren,British,,,13.0,58.0,0 days 00:01:22.802000,kph,190.473,2021,11
47,12,12,0.0,20,69,+1 Lap,mick_schumacher,47,MSC,http://en.wikipedia.org/wiki/Mick_Schumacher,Mick,Schumacher,1999-03-22,German,haas,https://en.wikipedia.org/wiki/Haas_F1_Team,Haas F1 Team,American,,,11.0,44.0,0 days 00:01:22.711000,kph,190.683,2021,11
99,13,13,0.0,0,69,+1 Lap,giovinazzi,99,GIO,http://en.wikipedia.org/wiki/Antonio_Giovinazzi,Antonio,Giovinazzi,1993-12-14,Italian,alfa,https://en.wikipedia.org/wiki/Alfa_Romeo_in_Formula_One,Alfa Romeo,Swiss,,,12.0,44.0,0 days 00:01:22.736000,kph,190.625,2021,11
9,14,R,0.0,19,3,Collision,mazepin,9,MAZ,http://en.wikipedia.org/wiki/Nikita_Mazepin,Nikita,Mazepin,1999-03-02,Russian,haas,https://en.wikipedia.org/wiki/Haas_F1_Team,Haas F1 Team,American,,,,,,,,2021,11
4,15,R,0.0,6,2,Collision,norris,1,NOR,http://en.wikipedia.org/wiki/Lando_Norris,Lando,Norris,1999-11-13,British,mclaren,https://en.wikipedia.org/wiki/McLaren,McLaren,British,,,,,,,,2021,11
77,16,R,0.0,2,0,Collision,bottas,77,BOT,http://en.wikipedia.org/wiki/Valtteri_Bottas,Valtteri,Bottas,1989-08-28,Finnish,mercedes,https://en.wikipedia.org/wiki/Mercedes-Benz_in_Formula_One,Mercedes,German,,,,,,,,2021,11
11,17,R,0.0,4,0,Collision,perez,11,PER,http://en.wikipedia.org/wiki/Sergio_P%C3%A9rez,Sergio,Pérez,1990-01-26,Mexican,red_bull,https://en.wikipedia.org/wiki/Red_Bull_Racing,Red Bull,Austrian,,,,,,,,2021,11
16,18,R,0.0,7,0,Collision,leclerc,16,LEC,http://en.wikipedia.org/wiki/Charles_Leclerc,Charles,Leclerc,1997-10-16,Monegasque,ferrari,https://en.wikipedia.org/wiki/Scuderia_Ferrari,Ferrari,Italian,,,,,,,,2021,11
18,19,R,0.0,12,0,Collision,stroll,18,STR,http://en.wikipedia.org/wiki/Lance_Stroll,Lance,Stroll,1998-10-29,Canadian,aston_martin,https://en.wikipedia.org/wiki/Aston_Martin_in_Formula_One,Aston Martin,British,,,,,,,,2021,11
5,20,D,0.0,10,70,Disqualified,vettel,5,VET,http://en.wikipedia.org/wiki/Sebastian_Vettel,Sebastian,Vettel,1987-07-03,German,aston_martin,https://en.wikipedia.org/wiki/Aston_Martin_in_Formula_One,Aston Martin,British,,,7.0,60.0,0 days 00:01:21.459000,kph,193.613,2021,11
33,1,1,12.5,1,1,Finished,max_verstappen,3,VER,http://en.wikipedia.org/wiki/Max_Verstappen,Max,Verstappen,1997-09-30,Dutch,red_bull,https://en.wikipedia.org/wiki/Red_Bull_Racing,Red Bull,Austrian,207071.0,0 days 00:03:27.071000,,,,,,2021,12
63,2,2,9.0,2,1,Finished,russell,63,RUS,http://en.wikipedia.org/wiki/George_Russell_(racing_driver),George,Russell,1998-02-15,British,williams,https://en.wikipedia.org/wiki/Williams_Racing,Williams,British,209066.0,0 days 00:00:01.995000,,,,,,2021,12
44,3,3,7.5,3,1,Finished,hamilton,44,HAM,http://en.wikipedia.org/wiki/Lewis_Hamilton,Lewis,Hamilton,1985-01-07,British,mercedes,https://en.wikipedia.org/wiki/Mercedes-Benz_in_Formula_One,Mercedes,German,209672.0,0 days 00:00:02.601000,,,,,,2021,12
3,4,4,6.0,4,1,Finished,ricciardo,3,RIC,http://en.wikipedia.org/wiki/Daniel_Ricciardo,Daniel,Ricciardo,1989-07-01,Australian,mclaren,https://en.wikipedia.org/wiki/McLaren,McLaren,British,211567.0,0 days 00:00:04.496000,,,,,,2021,12
5,5,5,5.0,5,1,Finished,vettel,5,VET,http://en.wikipedia.org/wiki/Sebastian_Vettel,Sebastian,Vettel,1987-07-03,German,aston_martin,https://en.wikipedia.org/wiki/Aston_Martin_in_Formula_One,Aston Martin,British,214550.0,0 days 00:00:07.479000,,,,,,2021,12
10,6,6,4.0,6,1,Finished,gasly,10,GAS,http://en.wikipedia.org/wiki/Pierre_Gasly,Pierre,Gasly,1996-02-07,French,alphatauri,https://en.wikipedia.org/wiki/Scuderia_AlphaTauri,AlphaTauri,Italian,217248.0,0 days 00:00:10.177000,,,,,,2021,12
31,7,7,3.0,8,1,Finished,ocon,31,OCO,http://en.wikipedia.org/wiki/Esteban_Ocon,Esteban,Ocon,1996-09-17,French,alpine,https://en.wikipedia.org/wiki/Alpine_F1_Team,Alpine F1 Team,French,218650.0,0 days 00:00:11.579000,,,,,,2021,12
16,8,8,2.0,9,1,Finished,leclerc,16,LEC,http://en.wikipedia.org/wiki/Charles_Leclerc,Charles,Leclerc,1997-10-16,Monegasque,ferrari,https://en.wikipedia.org/wiki/Scuderia_Ferrari,Ferrari,Italian,219679.0,0 days 00:00:12.608000,,,,,,2021,12
6,9,9,1.0,10,1,Finished,latifi,6,LAT,http://en.wikipedia.org/wiki/Nicholas_Latifi,Nicholas,Latifi,1995-06-29,Canadian,williams,https://en.wikipedia.org/wiki/Williams_Racing,Williams,British,222556.0,0 days 00:00:15.485000,,,,,,2021,12
55,10,10,0.5,11,1,Finished,sainz,55,SAI,http://en.wikipedia.org/wiki/Carlos_Sainz_Jr.,Carlos,Sainz,1994-09-01,Spanish,ferrari,https://en.wikipedia.org/wiki/Scuderia_Ferrari,Ferrari,Italian,223237.0,0 days 00:00:16.166000,,,,,,2021,12
14,11,11,0.0,12,1,Finished,alonso,14,ALO,http://en.wikipedia.org/wiki/Fernando_Alonso,Fernando,Alonso,1981-07-29,Spanish,alpine,https://en.wikipedia.org/wiki/Alpine_F1_Team,Alpine F1 Team,French,227661.0,0 days 00:00:20.590000,,,,,,2021,12
77,12,12,0.0,13,1,Finished,bottas,77,BOT,http://en.wikipedia.org/wiki/Valtteri_Bottas,Valtteri,Bottas,1989-08-28,Finnish,mercedes,https://en.wikipedia.org/wiki/Mercedes-Benz_in_Formula_One,Mercedes,German,229485.0,0 days 00:00:22.414000,,,,,,2021,12
99,13,13,0.0,14,1,Finished,giovinazzi,99,GIO,http://en.wikipedia.org/wiki/Antonio_Giovinazzi,Antonio,Giovinazzi,1993-12-14,Italian,alfa,https://en.wikipedia.org/wiki/Alfa_Romeo_in_Formula_One,Alfa Romeo,Swiss,231234.0,0 days 00:00:24.163000,,,,,,2021,12
4,14,14,0.0,15,1,Finished,norris,1,NOR,http://en.wikipedia.org/wiki/Lando_Norris,Lando,Norris,1999-11-13,British,mclaren,https://en.wikipedia.org/wiki/McLaren,McLaren,British,234181.0,0 days 00:00:27.110000,,,,,,2021,12
22,15,15,0.0,16,1,Finished,tsunoda,22,TSU,http://en.wikipedia.org/wiki/Yuki_Tsunoda,Yuki,Tsunoda,2000-05-11,Japanese,alphatauri,https://en.wikipedia.org/wiki/Scuderia_AlphaTauri,AlphaTauri,Italian,235400.0,0 days 00:00:28.329000,,,,,,2021,12
47,16,16,0.0,17,1,Finished,mick_schumacher,47,MSC,http://en.wikipedia.org/wiki/Mick_Schumacher,Mick,Schumacher,1999-03-22,German,haas,https://en.wikipedia.org/wiki/Haas_F1_Team,Haas F1 Team,American,236578.0,0 days 00:00:29.507000,,,,,,2021,12
9,17,17,0.0,18,1,Finished,mazepin,9,MAZ,http://en.wikipedia.org/wiki/Nikita_Mazepin,Nikita,Mazepin,1999-03-02,Russian,haas,https://en.wikipedia.org/wiki/Haas_F1_Team,Haas F1 Team,American,239064.0,0 days 00:00:31.993000,,,,,,2021,12
7,18,18,0.0,0,1,Finished,raikkonen,7,RAI,http://en.wikipedia.org/wiki/Kimi_R%C3%A4ikk%C3%B6nen,Kimi,Räikkönen,1979-10-17,Finnish,alfa,https://en.wikipedia.org/wiki/Alfa_Romeo_in_Formula_One,Alfa Romeo,Swiss,243125.0,0 days 00:00:36.054000,,,,,,2021,12
11,19,19,0.0,0,1,Finished,perez,11,PER,http://en.wikipedia.org/wiki/Sergio_P%C3%A9rez,Sergio,Pérez,1990-01-26,Mexican,red_bull,https://en.wikipedia.org/wiki/Red_Bull_Racing,Red Bull,Austrian,245276.0,0 days 00:00:38.205000,,,,,,2021,12
18,20,20,0.0,19,1,Finished,stroll,18,STR,http://en.wikipedia.org/wiki/Lance_Stroll,Lance,Stroll,1998-10-29,Canadian,aston_martin,https://en.wikipedia.org/wiki/Aston_Martin_in_Formula_One,Aston Martin,British,251179.0,0 days 00:00:44.108000,,,,,,2021,12
33,1,1,25.0,1,72,Finished,max_verstappen,3,VER,http://en.wikipedia.org/wiki/Max_Verstappen,Max,Verstappen,1997-09-30,Dutch,red_bull,https://en.wikipedia.org/wiki/Red_Bull_Racing,Red Bull,Austrian,5405395.0,0 days 01:30:05.395000,3.0,60.0,0 days 00:01:13.275000,kph,209.244,2021,13
44,2,2,19.0,2,72,Finished,hamilton,44,HAM,http://en.wikipedia.org/wiki/Lewis_Hamilton,Lewis,Hamilton,1985-01-07,British,mercedes,https://en.wikipedia.org/wiki/Mercedes-Benz_in_Formula_One,Mercedes,German,5426327.0,0 days 00:00:20.932000,1.0,72.0,0 days 00:01:11.097000,kph,215.654,2021,13
77,3,3,15.0,3,72,Finished,bottas,77,BOT,http://en.wikipedia.org/wiki/Valtteri_Bottas,Valtteri,Bottas,1989-08-28,Finnish,mercedes,https://en.wikipedia.org/wiki/Mercedes-Benz_in_Formula_One,Mercedes,German,5461855.0,0 days 00:00:56.460000,2.0,69.0,0 days 00:01:12.549000,kph,211.338,2021,13
10,4,4,12.0,4,71,+1 Lap,gasly,10,GAS,http://en.wikipedia.org/wiki/Pierre_Gasly,Pierre,Gasly,1996-02-07,French,alphatauri,https://en.wikipedia.org/wiki/Scuderia_AlphaTauri,AlphaTauri,Italian,,,10.0,57.0,0 days 00:01:14.818000,kph,204.929,2021,13
16,5,5,10.0,5,71,+1 Lap,leclerc,16,LEC,http://en.wikipedia.org/wiki/Charles_Leclerc,Charles,Leclerc,1997-10-16,Monegasque,ferrari,https://en.wikipedia.org/wiki/Scuderia_Ferrari,Ferrari,Italian,,,9.0,58.0,0 days 00:01:14.780000,kph,205.033,2021,13
14,6,6,8.0,9,71,+1 Lap,alonso,14,ALO,http://en.wikipedia.org/wiki/Fernando_Alonso,Fernando,Alonso,1981-07-29,Spanish,alpine,https://en.wikipedia.org/wiki/Alpine_F1_Team,Alpine F1 Team,French,,,7.0,60.0,0 days 00:01:14.323000,kph,206.294,2021,13
55,7,7,6.0,6,71,+1 Lap,sainz,55,SAI,http://en.wikipedia.org/wiki/Carlos_Sainz_Jr.,Carlos,Sainz,1994-09-01,Spanish,ferrari,https://en.wikipedia.org/wiki/Scuderia_Ferrari,Ferrari,Italian,,,13.0,45.0,0 days 00:01:15.260000,kph,203.725,2021,13
11,8,8,4.0,0,71,+1 Lap,perez,11,PER,http://en.wikipedia.org/wiki/Sergio_P%C3%A9rez,Sergio,Pérez,1990-01-26,Mexican,red_bull,https://en.wikipedia.org/wiki/Red_Bull_Racing,Red Bull,Austrian,,,4.0,59.0,0 days 00:01:13.461000,kph,208.714,2021,13
31,9,9,2.0,8,71,+1 Lap,ocon,31,OCO,http://en.wikipedia.org/wiki/Esteban_Ocon,Esteban,Ocon,1996-09-17,French,alpine,https://en.wikipedia.org/wiki/Alpine_F1_Team,Alpine F1 Team,French,,,8.0,54.0,0 days 00:01:14.675000,kph,205.321,2021,13
4,10,10,1.0,13,71,+1 Lap,norris,1,NOR,http://en.wikipedia.org/wiki/Lando_Norris,Lando,Norris,1999-11-13,British,mclaren,https://en.wikipedia.org/wiki/McLaren,McLaren,British,,,6.0,48.0,0 days 00:01:14.236000,kph,206.535,2021,13
3,11,11,0.0,10,71,+1 Lap,ricciardo,3,RIC,http://en.wikipedia.org/wiki/Daniel_Ricciardo,Daniel,Ricciardo,1989-07-01,Australian,mclaren,https://en.wikipedia.org/wiki/McLaren,McLaren,British,,,11.0,59.0,0 days 00:01:14.920000,kph,204.65,2021,13
18,12,12,0.0,12,70,+2 Laps,stroll,18,STR,http://en.wikipedia.org/wiki/Lance_Stroll,Lance,Stroll,1998-10-29,Canadian,aston_martin,https://en.wikipedia.org/wiki/Aston_Martin_in_Formula_One,Aston Martin,British,,,15.0,57.0,0 days 00:01:15.611000,kph,202.78,2021,13
5,13,13,0.0,15,70,+2 Laps,vettel,5,VET,http://en.wikipedia.org/wiki/Sebastian_Vettel,Sebastian,Vettel,1987-07-03,German,aston_martin,https://en.wikipedia.org/wiki/Aston_Martin_in_Formula_One,Aston Martin,British,,,5.0,63.0,0 days 00:01:13.958000,kph,207.312,2021,13
99,14,14,0.0,7,70,+2 Laps,giovinazzi,99,GIO,http://en.wikipedia.org/wiki/Antonio_Giovinazzi,Antonio,Giovinazzi,1993-12-14,Italian,alfa,https://en.wikipedia.org/wiki/Alfa_Romeo_in_Formula_One,Alfa Romeo,Swiss,,,12.0,66.0,0 days 00:01:15.125000,kph,204.091,2021,13
88,15,15,0.0,16,70,+2 Laps,kubica,88,KUB,http://en.wikipedia.org/wiki/Robert_Kubica,Robert,Kubica,1984-12-07,Polish,alfa,https://en.wikipedia.org/wiki/Alfa_Romeo_in_Formula_One,Alfa Romeo,Swiss,,,14.0,44.0,0 days 00:01:15.442000,kph,203.234,2021,13
6,16,16,0.0,0,70,+2 Laps,latifi,6,LAT,http://en.wikipedia.org/wiki/Nicholas_Latifi,Nicholas,Latifi,1995-06-29,Canadian,williams,https://en.wikipedia.org/wiki/Williams_Racing,Williams,British,,,18.0,25.0,0 days 00:01:15.790000,kph,202.301,2021,13
63,17,17,0.0,11,69,Gearbox,russell,63,RUS,http://en.wikipedia.org/wiki/George_Russell_(racing_driver),George,Russell,1998-02-15,British,williams,https://en.wikipedia.org/wiki/Williams_Racing,Williams,British,,,16.0,57.0,0 days 00:01:15.628000,kph,202.734,2021,13
47,18,18,0.0,17,69,+3 Laps,mick_schumacher,47,MSC,http://en.wikipedia.org/wiki/Mick_Schumacher,Mick,Schumacher,1999-03-22,German,haas,https://en.wikipedia.org/wiki/Haas_F1_Team,Haas F1 Team,American,,,19.0,36.0,0 days 00:01:15.927000,kph,201.936,2021,13
22,19,R,0.0,14,48,Power Unit,tsunoda,22,TSU,http://en.wikipedia.org/wiki/Yuki_Tsunoda,Yuki,Tsunoda,2000-05-11,Japanese,alphatauri,https://en.wikipedia.org/wiki/Scuderia_AlphaTauri,AlphaTauri,Italian,,,17.0,44.0,0 days 00:01:15.783000,kph,202.319,2021,13
9,20,R,0.0,18,41,Hydraulics,mazepin,9,MAZ,http://en.wikipedia.org/wiki/Nikita_Mazepin,Nikita,Mazepin,1999-03-02,Russian,haas,https://en.wikipedia.org/wiki/Haas_F1_Team,Haas F1 Team,American,,,20.0,35.0,0 days 00:01:16.066000,kph,201.567,2021,13
3,1,1,26.0,2,53,Finished,ricciardo,3,RIC,http://en.wikipedia.org/wiki/Daniel_Ricciardo,Daniel,Ricciardo,1989-07-01,Australian,mclaren,https://en.wikipedia.org/wiki/McLaren,McLaren,British,4914365.0,0 days 01:21:54.365000,1.0,53.0,0 days 00:01:24.812000,kph,245.894,2021,14
4,2,2,18.0,3,53,Finished,norris,1,NOR,http://en.wikipedia.org/wiki/Lando_Norris,Lando,Norris,1999-11-13,British,mclaren,https://en.wikipedia.org/wiki/McLaren,McLaren,British,4916112.0,0 days 00:00:01.747000,3.0,53.0,0 days 00:01:24.971000,kph,245.434,2021,14
77,3,3,15.0,19,53,Finished,bottas,77,BOT,http://en.wikipedia.org/wiki/Valtteri_Bottas,Valtteri,Bottas,1989-08-28,Finnish,mercedes,https://en.wikipedia.org/wiki/Mercedes-Benz_in_Formula_One,Mercedes,German,4919286.0,0 days 00:00:04.921000,2.0,34.0,0 days 00:01:24.827000,kph,245.85,2021,14
16,4,4,12.0,5,53,Finished,leclerc,16,LEC,http://en.wikipedia.org/wiki/Charles_Leclerc,Charles,Leclerc,1997-10-16,Monegasque,ferrari,https://en.wikipedia.org/wiki/Scuderia_Ferrari,Ferrari,Italian,4921674.0,0 days 00:00:07.309000,6.0,53.0,0 days 00:01:25.319000,kph,244.433,2021,14
11,5,5,10.0,8,53,Finished,perez,11,PER,http://en.wikipedia.org/wiki/Sergio_P%C3%A9rez,Sergio,Pérez,1990-01-26,Mexican,red_bull,https://en.wikipedia.org/wiki/Red_Bull_Racing,Red Bull,Austrian,4923088.0,0 days 00:00:08.723000,4.0,53.0,0 days 00:01:25.156000,kph,244.901,2021,14
55,6,6,8.0,6,53,Finished,sainz,55,SAI,http://en.wikipedia.org/wiki/Carlos_Sainz_Jr.,Carlos,Sainz,1994-09-01,Spanish,ferrari,https://en.wikipedia.org/wiki/Scuderia_Ferrari,Ferrari,Italian,4924900.0,0 days 00:00:10.535000,8.0,53.0,0 days 00:01:25.559000,kph,243.747,2021,14
18,7,7,6.0,9,53,Finished,stroll,18,STR,http://en.wikipedia.org/wiki/Lance_Stroll,Lance,Stroll,1998-10-29,Canadian,aston_martin,https://en.wikipedia.org/wiki/Aston_Martin_in_Formula_One,Aston Martin,British,4930169.0,0 days 00:00:15.804000,13.0,52.0,0 days 00:01:25.853000,kph,242.912,2021,14
14,8,8,4.0,10,53,Finished,alonso,14,ALO,http://en.wikipedia.org/wiki/Fernando_Alonso,Fernando,Alonso,1981-07-29,Spanish,alpine,https://en.wikipedia.org/wiki/Alpine_F1_Team,Alpine F1 Team,French,4931566.0,0 days 00:00:17.201000,7.0,52.0,0 days 00:01:25.472000,kph,243.995,2021,14
63,9,9,2.0,14,53,Finished,russell,63,RUS,http://en.wikipedia.org/wiki/George_Russell_(racing_driver),George,Russell,1998-02-15,British,williams,https://en.wikipedia.org/wiki/Williams_Racing,Williams,British,4934107.0,0 days 00:00:19.742000,11.0,53.0,0 days 00:01:25.835000,kph,242.963,2021,14
31,10,10,1.0,12,53,Finished,ocon,31,OCO,http://en.wikipedia.org/wiki/Esteban_Ocon,Esteban,Ocon,1996-09-17,French,alpine,https://en.wikipedia.org/wiki/Alpine_F1_Team,Alpine F1 Team,French,4935233.0,0 days 00:00:20.868000,9.0,53.0,0 days 00:01:25.566000,kph,243.727,2021,14
6,11,11,0.0,13,53,Finished,latifi,6,LAT,http://en.wikipedia.org/wiki/Nicholas_Latifi,Nicholas,Latifi,1995-06-29,Canadian,williams,https://en.wikipedia.org/wiki/Williams_Racing,Williams,British,4938108.0,0 days 00:00:23.743000,16.0,50.0,0 days 00:01:25.953000,kph,242.63,2021,14
5,12,12,0.0,11,53,Finished,vettel,5,VET,http://en.wikipedia.org/wiki/Sebastian_Vettel,Sebastian,Vettel,1987-07-03,German,aston_martin,https://en.wikipedia.org/wiki/Aston_Martin_in_Formula_One,Aston Martin,British,4938986.0,0 days 00:00:24.621000,15.0,50.0,0 days 00:01:25.938000,kph,242.672,2021,14
99,13,13,0.0,7,53,Finished,giovinazzi,99,GIO,http://en.wikipedia.org/wiki/Antonio_Giovinazzi,Antonio,Giovinazzi,1993-12-14,Italian,alfa,https://en.wikipedia.org/wiki/Alfa_Romeo_in_Formula_One,Alfa Romeo,Swiss,4941581.0,0 days 00:00:27.216000,10.0,50.0,0 days 00:01:25.718000,kph,243.295,2021,14
88,14,14,0.0,17,53,Finished,kubica,88,KUB,http://en.wikipedia.org/wiki/Robert_Kubica,Robert,Kubica,1984-12-07,Polish,alfa,https://en.wikipedia.org/wiki/Alfa_Romeo_in_Formula_One,Alfa Romeo,Swiss,4944134.0,0 days 00:00:29.769000,12.0,53.0,0 days 00:01:25.849000,kph,242.924,2021,14
47,15,15,0.0,18,53,Finished,mick_schumacher,47,MSC,http://en.wikipedia.org/wiki/Mick_Schumacher,Mick,Schumacher,1999-03-22,German,haas,https://en.wikipedia.org/wiki/Haas_F1_Team,Haas F1 Team,American,4965453.0,0 days 00:00:51.088000,17.0,52.0,0 days 00:01:26.707000,kph,240.52,2021,14
9,16,R,0.0,16,41,Power Unit,mazepin,9,MAZ,http://en.wikipedia.org/wiki/Nikita_Mazepin,Nikita,Mazepin,1999-03-02,Russian,haas,https://en.wikipedia.org/wiki/Haas_F1_Team,Haas F1 Team,American,,,18.0,41.0,0 days 00:01:27.202000,kph,239.155,2021,14
44,17,R,0.0,4,25,Collision,hamilton,44,HAM,http://en.wikipedia.org/wiki/Lewis_Hamilton,Lewis,Hamilton,1985-01-07,British,mercedes,https://en.wikipedia.org/wiki/Mercedes-Benz_in_Formula_One,Mercedes,German,,,14.0,3.0,0 days 00:01:25.870000,kph,242.864,2021,14
33,18,R,0.0,1,25,Collision,max_verstappen,3,VER,http://en.wikipedia.org/wiki/Max_Verstappen,Max,Verstappen,1997-09-30,Dutch,red_bull,https://en.wikipedia.org/wiki/Red_Bull_Racing,Red Bull,Austrian,,,5.0,25.0,0 days 00:01:25.173000,kph,244.852,2021,14
10,19,R,0.0,0,3,Suspension,gasly,10,GAS,http://en.wikipedia.org/wiki/Pierre_Gasly,Pierre,Gasly,1996-02-07,French,alphatauri,https://en.wikipedia.org/wiki/Scuderia_AlphaTauri,AlphaTauri,Italian,,,19.0,2.0,0 days 00:01:29.005000,kph,234.31,2021,14
22,20,W,0.0,0,0,Brakes,tsunoda,22,TSU,http://en.wikipedia.org/wiki/Yuki_Tsunoda,Yuki,Tsunoda,2000-05-11,Japanese,alphatauri,https://en.wikipedia.org/wiki/Scuderia_AlphaTauri,AlphaTauri,Italian,,,,,,,,2021,14
44,1,1,25.0,4,53,Finished,hamilton,44,HAM,http://en.wikipedia.org/wiki/Lewis_Hamilton,Lewis,Hamilton,1985-01-07,British,mercedes,https://en.wikipedia.org/wiki/Mercedes-Benz_in_Formula_One,Mercedes,German,5441001.0,0 days 01:30:41.001000,2.0,43.0,0 days 00:01:37.575000,kph,215.76,2021,15
33,2,2,18.0,20,53,Finished,max_verstappen,3,VER,http://en.wikipedia.org/wiki/Max_Verstappen,Max,Verstappen,1997-09-30,Dutch,red_bull,https://en.wikipedia.org/wiki/Red_Bull_Racing,Red Bull,Austrian,5494272.0,0 days 00:00:53.271000,5.0,28.0,0 days 00:01:38.396000,kph,213.959,2021,15
55,3,3,15.0,2,53,Finished,sainz,55,SAI,http://en.wikipedia.org/wiki/Carlos_Sainz_Jr.,Carlos,Sainz,1994-09-01,Spanish,ferrari,https://en.wikipedia.org/wiki/Scuderia_Ferrari,Ferrari,Italian,5503476.0,0 days 00:01:02.475000,12.0,40.0,0 days 00:01:39.294000,kph,212.024,2021,15
3,4,4,12.0,5,53,Finished,ricciardo,3,RIC,http://en.wikipedia.org/wiki/Daniel_Ricciardo,Daniel,Ricciardo,1989-07-01,Australian,mclaren,https://en.wikipedia.org/wiki/McLaren,McLaren,British,5506608.0,0 days 00:01:05.607000,9.0,24.0,0 days 00:01:39.124000,kph,212.388,2021,15
77,5,5,10.0,16,53,Finished,bottas,77,BOT,http://en.wikipedia.org/wiki/Valtteri_Bottas,Valtteri,Bottas,1989-08-28,Finnish,mercedes,https://en.wikipedia.org/wiki/Mercedes-Benz_in_Formula_One,Mercedes,German,5508534.0,0 days 00:01:07.533000,3.0,31.0,0 days 00:01:38.216000,kph,214.352,2021,15
14,6,6,8.0,6,53,Finished,alonso,14,ALO,http://en.wikipedia.org/wiki/Fernando_Alonso,Fernando,Alonso,1981-07-29,Spanish,alpine,https://en.wikipedia.org/wiki/Alpine_F1_Team,Alpine F1 Team,French,5522322.0,0 days 00:01:21.321000,6.0,44.0,0 days 00:01:38.686000,kph,213.331,2021,15
4,7,7,7.0,1,53,Finished,norris,1,NOR,http://en.wikipedia.org/wiki/Lando_Norris,Lando,Norris,1999-11-13,British,mclaren,https://en.wikipedia.org/wiki/McLaren,McLaren,British,5528225.0,0 days 00:01:27.224000,1.0,39.0,0 days 00:01:37.423000,kph,216.096,2021,15
7,8,8,4.0,13,53,Finished,raikkonen,7,RAI,http://en.wikipedia.org/wiki/Kimi_R%C3%A4ikk%C3%B6nen,Kimi,Räikkönen,1979-10-17,Finnish,alfa,https://en.wikipedia.org/wiki/Alfa_Romeo_in_Formula_One,Alfa Romeo,Swiss,5529956.0,0 days 00:01:28.955000,16.0,34.0,0 days 00:01:40.289000,kph,209.921,2021,15
11,9,9,2.0,8,53,Finished,perez,11,PER,http://en.wikipedia.org/wiki/Sergio_P%C3%A9rez,Sergio,Pérez,1990-01-26,Mexican,red_bull,https://en.wikipedia.org/wiki/Red_Bull_Racing,Red Bull,Austrian,5531077.0,0 days 00:01:30.076000,10.0,45.0,0 days 00:01:39.215000,kph,212.193,2021,15
63,10,10,1.0,3,53,Finished,russell,63,RUS,http://en.wikipedia.org/wiki/George_Russell_(racing_driver),George,Russell,1998-02-15,British,williams,https://en.wikipedia.org/wiki/Williams_Racing,Williams,British,5541552.0,0 days 00:01:40.551000,18.0,40.0,0 days 00:01:40.596000,kph,209.28,2021,15
18,11,11,0.0,7,53,Finished,stroll,18,STR,http://en.wikipedia.org/wiki/Lance_Stroll,Lance,Stroll,1998-10-29,Canadian,aston_martin,https://en.wikipedia.org/wiki/Aston_Martin_in_Formula_One,Aston Martin,British,5547199.0,0 days 00:01:46.198000,17.0,35.0,0 days 00:01:40.464000,kph,209.555,2021,15
5,12,12,0.0,10,52,+1 Lap,vettel,5,VET,http://en.wikipedia.org/wiki/Sebastian_Vettel,Sebastian,Vettel,1987-07-03,German,aston_martin,https://en.wikipedia.org/wiki/Aston_Martin_in_Formula_One,Aston Martin,British,,,11.0,44.0,0 days 00:01:39.251000,kph,212.116,2021,15
10,13,13,0.0,11,52,+1 Lap,gasly,10,GAS,http://en.wikipedia.org/wiki/Pierre_Gasly,Pierre,Gasly,1996-02-07,French,alphatauri,https://en.wikipedia.org/wiki/Scuderia_AlphaTauri,AlphaTauri,Italian,,,4.0,35.0,0 days 00:01:38.279000,kph,214.214,2021,15
31,14,14,0.0,9,52,+1 Lap,ocon,31,OCO,http://en.wikipedia.org/wiki/Esteban_Ocon,Esteban,Ocon,1996-09-17,French,alpine,https://en.wikipedia.org/wiki/Alpine_F1_Team,Alpine F1 Team,French,,,19.0,34.0,0 days 00:01:40.598000,kph,209.276,2021,15
16,15,15,0.0,19,52,+1 Lap,leclerc,16,LEC,http://en.wikipedia.org/wiki/Charles_Leclerc,Charles,Leclerc,1997-10-16,Monegasque,ferrari,https://en.wikipedia.org/wiki/Scuderia_Ferrari,Ferrari,Italian,,,7.0,45.0,0 days 00:01:38.994000,kph,212.667,2021,15
99,16,16,0.0,17,52,+1 Lap,giovinazzi,99,GIO,http://en.wikipedia.org/wiki/Antonio_Giovinazzi,Antonio,Giovinazzi,1993-12-14,Italian,alfa,https://en.wikipedia.org/wiki/Alfa_Romeo_in_Formula_One,Alfa Romeo,Swiss,,,8.0,39.0,0 days 00:01:39.058000,kph,212.53,2021,15
22,17,17,0.0,12,52,+1 Lap,tsunoda,22,TSU,http://en.wikipedia.org/wiki/Yuki_Tsunoda,Yuki,Tsunoda,2000-05-11,Japanese,alphatauri,https://en.wikipedia.org/wiki/Scuderia_AlphaTauri,AlphaTauri,Italian,,,13.0,42.0,0 days 00:01:39.960000,kph,210.612,2021,15
9,18,18,0.0,15,51,+2 Laps,mazepin,9,MAZ,http://en.wikipedia.org/wiki/Nikita_Mazepin,Nikita,Mazepin,1999-03-02,Russian,haas,https://en.wikipedia.org/wiki/Haas_F1_Team,Haas F1 Team,American,,,20.0,24.0,0 days 00:01:41.713000,kph,206.982,2021,15
6,19,19,0.0,18,47,Accident,latifi,6,LAT,http://en.wikipedia.org/wiki/Nicholas_Latifi,Nicholas,Latifi,1995-06-29,Canadian,williams,https://en.wikipedia.org/wiki/Williams_Racing,Williams,British,,,14.0,42.0,0 days 00:01:40,kph,210.528,2021,15
47,20,R,0.0,14,32,Oil leak,mick_schumacher,47,MSC,http://en.wikipedia.org/wiki/Mick_Schumacher,Mick,Schumacher,1999-03-22,German,haas,https://en.wikipedia.org/wiki/Haas_F1_Team,Haas F1 Team,American,,,15.0,22.0,0 days 00:01:40.276000,kph,209.948,2021,15
77,1,1,26.0,1,58,Finished,bottas,77,BOT,http://en.wikipedia.org/wiki/Valtteri_Bottas,Valtteri,Bottas,1989-08-28,Finnish,mercedes,https://en.wikipedia.org/wiki/Mercedes-Benz_in_Formula_One,Mercedes,German,5464103.0,0 days 01:31:04.103000,1.0,58.0,0 days 00:01:30.432000,kph,212.5,2021,16
33,2,2,18.0,2,58,Finished,max_verstappen,3,VER,http://en.wikipedia.org/wiki/Max_Verstappen,Max,Verstappen,1997-09-30,Dutch,red_bull,https://en.wikipedia.org/wiki/Red_Bull_Racing,Red Bull,Austrian,5478687.0,0 days 00:00:14.584000,9.0,53.0,0 days 00:01:32.759000,kph,207.169,2021,16
11,3,3,15.0,6,58,Finished,perez,11,PER,http://en.wikipedia.org/wiki/Sergio_P%C3%A9rez,Sergio,Pérez,1990-01-26,Mexican,red_bull,https://en.wikipedia.org/wiki/Red_Bull_Racing,Red Bull,Austrian,5497574.0,0 days 00:00:33.471000,4.0,53.0,0 days 00:01:32.459000,kph,207.841,2021,16
16,4,4,12.0,3,58,Finished,leclerc,16,LEC,http://en.wikipedia.org/wiki/Charles_Leclerc,Charles,Leclerc,1997-10-16,Monegasque,ferrari,https://en.wikipedia.org/wiki/Scuderia_Ferrari,Ferrari,Italian,5501917.0,0 days 00:00:37.814000,8.0,57.0,0 days 00:01:32.737000,kph,207.218,2021,16
44,5,5,10.0,11,58,Finished,hamilton,44,HAM,http://en.wikipedia.org/wiki/Lewis_Hamilton,Lewis,Hamilton,1985-01-07,British,mercedes,https://en.wikipedia.org/wiki/Mercedes-Benz_in_Formula_One,Mercedes,German,5505915.0,0 days 00:00:41.812000,10.0,52.0,0 days 00:01:32.763000,kph,207.16,2021,16
10,6,6,8.0,4,58,Finished,gasly,10,GAS,http://en.wikipedia.org/wiki/Pierre_Gasly,Pierre,Gasly,1996-02-07,French,alphatauri,https://en.wikipedia.org/wiki/Scuderia_AlphaTauri,AlphaTauri,Italian,5508395.0,0 days 00:00:44.292000,11.0,50.0,0 days 00:01:32.814000,kph,207.046,2021,16
4,7,7,6.0,7,58,Finished,norris,1,NOR,http://en.wikipedia.org/wiki/Lando_Norris,Lando,Norris,1999-11-13,British,mclaren,https://en.wikipedia.org/wiki/McLaren,McLaren,British,5511316.0,0 days 00:00:47.213000,3.0,50.0,0 days 00:01:32.446000,kph,207.87,2021,16
55,8,8,4.0,19,58,Finished,sainz,55,SAI,http://en.wikipedia.org/wiki/Carlos_Sainz_Jr.,Carlos,Sainz,1994-09-01,Spanish,ferrari,https://en.wikipedia.org/wiki/Scuderia_Ferrari,Ferrari,Italian,5515629.0,0 days 00:00:51.526000,2.0,49.0,0 days 00:01:31.921000,kph,209.057,2021,16
18,9,9,2.0,8,58,Finished,stroll,18,STR,http://en.wikipedia.org/wiki/Lance_Stroll,Lance,Stroll,1998-10-29,Canadian,aston_martin,https://en.wikipedia.org/wiki/Aston_Martin_in_Formula_One,Aston Martin,British,5546121.0,0 days 00:01:22.018000,6.0,58.0,0 days 00:01:32.608000,kph,207.506,2021,16
31,10,10,1.0,12,57,+1 Lap,ocon,31,OCO,http://en.wikipedia.org/wiki/Esteban_Ocon,Esteban,Ocon,1996-09-17,French,alpine,https://en.wikipedia.org/wiki/Alpine_F1_Team,Alpine F1 Team,French,,,19.0,24.0,0 days 00:01:34.584000,kph,203.171,2021,16
99,11,11,0.0,16,57,+1 Lap,giovinazzi,99,GIO,http://en.wikipedia.org/wiki/Antonio_Giovinazzi,Antonio,Giovinazzi,1993-12-14,Italian,alfa,https://en.wikipedia.org/wiki/Alfa_Romeo_in_Formula_One,Alfa Romeo,Swiss,,,13.0,57.0,0 days 00:01:32.904000,kph,206.845,2021,16
7,12,12,0.0,17,57,+1 Lap,raikkonen,7,RAI,http://en.wikipedia.org/wiki/Kimi_R%C3%A4ikk%C3%B6nen,Kimi,Räikkönen,1979-10-17,Finnish,alfa,https://en.wikipedia.org/wiki/Alfa_Romeo_in_Formula_One,Alfa Romeo,Swiss,,,5.0,50.0,0 days 00:01:32.586000,kph,207.556,2021,16
3,13,13,0.0,20,57,+1 Lap,ricciardo,3,RIC,http://en.wikipedia.org/wiki/Daniel_Ricciardo,Daniel,Ricciardo,1989-07-01,Australian,mclaren,https://en.wikipedia.org/wiki/McLaren,McLaren,British,,,15.0,34.0,0 days 00:01:33.255000,kph,206.067,2021,16
22,14,14,0.0,9,57,+1 Lap,tsunoda,22,TSU,http://en.wikipedia.org/wiki/Yuki_Tsunoda,Yuki,Tsunoda,2000-05-11,Japanese,alphatauri,https://en.wikipedia.org/wiki/Scuderia_AlphaTauri,AlphaTauri,Italian,,,12.0,54.0,0 days 00:01:32.844000,kph,206.979,2021,16
63,15,15,0.0,13,57,+1 Lap,russell,63,RUS,http://en.wikipedia.org/wiki/George_Russell_(racing_driver),George,Russell,1998-02-15,British,williams,https://en.wikipedia.org/wiki/Williams_Racing,Williams,British,,,16.0,53.0,0 days 00:01:33.399000,kph,205.749,2021,16
14,16,16,0.0,5,57,+1 Lap,alonso,14,ALO,http://en.wikipedia.org/wiki/Fernando_Alonso,Fernando,Alonso,1981-07-29,Spanish,alpine,https://en.wikipedia.org/wiki/Alpine_F1_Team,Alpine F1 Team,French,,,14.0,55.0,0 days 00:01:33.252000,kph,206.073,2021,16
6,17,17,0.0,15,57,+1 Lap,latifi,6,LAT,http://en.wikipedia.org/wiki/Nicholas_Latifi,Nicholas,Latifi,1995-06-29,Canadian,williams,https://en.wikipedia.org/wiki/Williams_Racing,Williams,British,,,17.0,48.0,0 days 00:01:33.672000,kph,205.149,2021,16
5,18,18,0.0,10,57,+1 Lap,vettel,5,VET,http://en.wikipedia.org/wiki/Sebastian_Vettel,Sebastian,Vettel,1987-07-03,German,aston_martin,https://en.wikipedia.org/wiki/Aston_Martin_in_Formula_One,Aston Martin,British,,,7.0,54.0,0 days 00:01:32.730000,kph,207.233,2021,16
47,19,19,0.0,14,56,+2 Laps,mick_schumacher,47,MSC,http://en.wikipedia.org/wiki/Mick_Schumacher,Mick,Schumacher,1999-03-22,German,haas,https://en.wikipedia.org/wiki/Haas_F1_Team,Haas F1 Team,American,,,18.0,52.0,0 days 00:01:34.209000,kph,203.98,2021,16
9,20,20,0.0,18,56,+2 Laps,mazepin,9,MAZ,http://en.wikipedia.org/wiki/Nikita_Mazepin,Nikita,Mazepin,1999-03-02,Russian,haas,https://en.wikipedia.org/wiki/Haas_F1_Team,Haas F1 Team,American,,,20.0,52.0,0 days 00:01:35.438000,kph,201.353,2021,16
33,1,1,25.0,1,56,Finished,max_verstappen,3,VER,http://en.wikipedia.org/wiki/Max_Verstappen,Max,Verstappen,1997-09-30,Dutch,red_bull,https://en.wikipedia.org/wiki/Red_Bull_Racing,Red Bull,Austrian,5676552.0,0 days 01:34:36.552000,2.0,52.0,0 days 00:01:39.096000,kph,200.278,2021,17
44,2,2,19.0,2,56,Finished,hamilton,44,HAM,http://en.wikipedia.org/wiki/Lewis_Hamilton,Lewis,Hamilton,1985-01-07,British,mercedes,https://en.wikipedia.org/wiki/Mercedes-Benz_in_Formula_One,Mercedes,German,5677885.0,0 days 00:00:01.333000,1.0,41.0,0 days 00:01:38.485000,kph,201.521,2021,17
11,3,3,15.0,3,56,Finished,perez,11,PER,http://en.wikipedia.org/wiki/Sergio_P%C3%A9rez,Sergio,Pérez,1990-01-26,Mexican,red_bull,https://en.wikipedia.org/wiki/Red_Bull_Racing,Red Bull,Austrian,5718775.0,0 days 00:00:42.223000,4.0,32.0,0 days 00:01:39.566000,kph,199.333,2021,17
16,4,4,12.0,4,56,Finished,leclerc,16,LEC,http://en.wikipedia.org/wiki/Charles_Leclerc,Charles,Leclerc,1997-10-16,Monegasque,ferrari,https://en.wikipedia.org/wiki/Scuderia_Ferrari,Ferrari,Italian,5728798.0,0 days 00:00:52.246000,3.0,41.0,0 days 00:01:39.303000,kph,199.861,2021,17
3,5,5,10.0,6,56,Finished,ricciardo,3,RIC,http://en.wikipedia.org/wiki/Daniel_Ricciardo,Daniel,Ricciardo,1989-07-01,Australian,mclaren,https://en.wikipedia.org/wiki/McLaren,McLaren,British,5753406.0,0 days 00:01:16.854000,8.0,43.0,0 days 00:01:40.345000,kph,197.785,2021,17
77,6,6,8.0,9,56,Finished,bottas,77,BOT,http://en.wikipedia.org/wiki/Valtteri_Bottas,Valtteri,Bottas,1989-08-28,Finnish,mercedes,https://en.wikipedia.org/wiki/Mercedes-Benz_in_Formula_One,Mercedes,German,5756680.0,0 days 00:01:20.128000,6.0,41.0,0 days 00:01:40.147000,kph,198.176,2021,17
55,7,7,6.0,5,56,Finished,sainz,55,SAI,http://en.wikipedia.org/wiki/Carlos_Sainz_Jr.,Carlos,Sainz,1994-09-01,Spanish,ferrari,https://en.wikipedia.org/wiki/Scuderia_Ferrari,Ferrari,Italian,5760097.0,0 days 00:01:23.545000,9.0,40.0,0 days 00:01:40.377000,kph,197.722,2021,17
4,8,8,4.0,7,56,Finished,norris,1,NOR,http://en.wikipedia.org/wiki/Lando_Norris,Lando,Norris,1999-11-13,British,mclaren,https://en.wikipedia.org/wiki/McLaren,McLaren,British,5760947.0,0 days 00:01:24.395000,7.0,41.0,0 days 00:01:40.228000,kph,198.016,2021,17
22,9,9,2.0,10,55,+1 Lap,tsunoda,22,TSU,http://en.wikipedia.org/wiki/Yuki_Tsunoda,Yuki,Tsunoda,2000-05-11,Japanese,alphatauri,https://en.wikipedia.org/wiki/Scuderia_AlphaTauri,AlphaTauri,Italian,,,13.0,47.0,0 days 00:01:41.151000,kph,196.209,2021,17
5,10,10,1.0,18,55,+1 Lap,vettel,5,VET,http://en.wikipedia.org/wiki/Sebastian_Vettel,Sebastian,Vettel,1987-07-03,German,aston_martin,https://en.wikipedia.org/wiki/Aston_Martin_in_Formula_One,Aston Martin,British,,,10.0,40.0,0 days 00:01:40.481000,kph,197.517,2021,17
99,11,11,0.0,12,55,+1 Lap,giovinazzi,99,GIO,http://en.wikipedia.org/wiki/Antonio_Giovinazzi,Antonio,Giovinazzi,1993-12-14,Italian,alfa,https://en.wikipedia.org/wiki/Alfa_Romeo_in_Formula_One,Alfa Romeo,Swiss,,,12.0,44.0,0 days 00:01:41.145000,kph,196.221,2021,17
18,12,12,0.0,13,55,+1 Lap,stroll,18,STR,http://en.wikipedia.org/wiki/Lance_Stroll,Lance,Stroll,1998-10-29,Canadian,aston_martin,https://en.wikipedia.org/wiki/Aston_Martin_in_Formula_One,Aston Martin,British,,,14.0,36.0,0 days 00:01:41.189000,kph,196.135,2021,17
7,13,13,0.0,15,55,+1 Lap,raikkonen,7,RAI,http://en.wikipedia.org/wiki/Kimi_R%C3%A4ikk%C3%B6nen,Kimi,Räikkönen,1979-10-17,Finnish,alfa,https://en.wikipedia.org/wiki/Alfa_Romeo_in_Formula_One,Alfa Romeo,Swiss,,,15.0,43.0,0 days 00:01:41.340000,kph,195.843,2021,17
63,14,14,0.0,20,55,+1 Lap,russell,63,RUS,http://en.wikipedia.org/wiki/George_Russell_(racing_driver),George,Russell,1998-02-15,British,williams,https://en.wikipedia.org/wiki/Williams_Racing,Williams,British,,,11.0,36.0,0 days 00:01:41.120000,kph,196.269,2021,17
6,15,15,0.0,14,55,+1 Lap,latifi,6,LAT,http://en.wikipedia.org/wiki/Nicholas_Latifi,Nicholas,Latifi,1995-06-29,Canadian,williams,https://en.wikipedia.org/wiki/Williams_Racing,Williams,British,,,17.0,46.0,0 days 00:01:41.818000,kph,194.924,2021,17
47,16,16,0.0,16,54,+2 Laps,mick_schumacher,47,MSC,http://en.wikipedia.org/wiki/Mick_Schumacher,Mick,Schumacher,1999-03-22,German,haas,https://en.wikipedia.org/wiki/Haas_F1_Team,Haas F1 Team,American,,,16.0,36.0,0 days 00:01:41.395000,kph,195.737,2021,17
9,17,17,0.0,17,54,+2 Laps,mazepin,9,MAZ,http://en.wikipedia.org/wiki/Nikita_Mazepin,Nikita,Mazepin,1999-03-02,Russian,haas,https://en.wikipedia.org/wiki/Haas_F1_Team,Haas F1 Team,American,,,20.0,42.0,0 days 00:01:42.886000,kph,192.9,2021,17
14,18,R,0.0,19,49,Rear wing,alonso,14,ALO,http://en.wikipedia.org/wiki/Fernando_Alonso,Fernando,Alonso,1981-07-29,Spanish,alpine,https://en.wikipedia.org/wiki/Alpine_F1_Team,Alpine F1 Team,French,,,5.0,46.0,0 days 00:01:40.067000,kph,198.335,2021,17
31,19,R,0.0,11,40,Mechanical,ocon,31,OCO,http://en.wikipedia.org/wiki/Esteban_Ocon,Esteban,Ocon,1996-09-17,French,alpine,https://en.wikipedia.org/wiki/Alpine_F1_Team,Alpine F1 Team,French,,,19.0,28.0,0 days 00:01:42.194000,kph,194.207,2021,17
10,20,R,0.0,8,14,Suspension,gasly,10,GAS,http://en.wikipedia.org/wiki/Pierre_Gasly,Pierre,Gasly,1996-02-07,French,alphatauri,https://en.wikipedia.org/wiki/Scuderia_AlphaTauri,AlphaTauri,Italian,,,18.0,12.0,0 days 00:01:42.015000,kph,194.547,2021,17
33,1,1,25.0,3,71,Finished,max_verstappen,3,VER,http://en.wikipedia.org/wiki/Max_Verstappen,Max,Verstappen,1997-09-30,Dutch,red_bull,https://en.wikipedia.org/wiki/Red_Bull_Racing,Red Bull,Austrian,5919086.0,0 days 01:38:39.086000,2.0,52.0,0 days 00:01:18.999000,kph,196.134,2021,18
44,2,2,18.0,2,71,Finished,hamilton,44,HAM,http://en.wikipedia.org/wiki/Lewis_Hamilton,Lewis,Hamilton,1985-01-07,British,mercedes,https://en.wikipedia.org/wiki/Mercedes-Benz_in_Formula_One,Mercedes,German,5935641.0,0 days 00:00:16.555000,4.0,66.0,0 days 00:01:19.820000,kph,194.116,2021,18
11,3,3,15.0,4,71,Finished,perez,11,PER,http://en.wikipedia.org/wiki/Sergio_P%C3%A9rez,Sergio,Pérez,1990-01-26,Mexican,red_bull,https://en.wikipedia.org/wiki/Red_Bull_Racing,Red Bull,Austrian,5936838.0,0 days 00:00:17.752000,3.0,49.0,0 days 00:01:19.468000,kph,194.976,2021,18
10,4,4,12.0,5,71,Finished,gasly,10,GAS,http://en.wikipedia.org/wiki/Pierre_Gasly,Pierre,Gasly,1996-02-07,French,alphatauri,https://en.wikipedia.org/wiki/Scuderia_AlphaTauri,AlphaTauri,Italian,5982931.0,0 days 00:01:03.845000,7.0,66.0,0 days 00:01:20.510000,kph,192.453,2021,18
16,5,5,10.0,8,71,Finished,leclerc,16,LEC,http://en.wikipedia.org/wiki/Charles_Leclerc,Charles,Leclerc,1997-10-16,Monegasque,ferrari,https://en.wikipedia.org/wiki/Scuderia_Ferrari,Ferrari,Italian,6000123.0,0 days 00:01:21.037000,9.0,63.0,0 days 00:01:20.665000,kph,192.083,2021,18
55,6,6,8.0,6,70,+1 Lap,sainz,55,SAI,http://en.wikipedia.org/wiki/Carlos_Sainz_Jr.,Carlos,Sainz,1994-09-01,Spanish,ferrari,https://en.wikipedia.org/wiki/Scuderia_Ferrari,Ferrari,Italian,,,5.0,63.0,0 days 00:01:20.081000,kph,193.484,2021,18
5,7,7,6.0,9,70,+1 Lap,vettel,5,VET,http://en.wikipedia.org/wiki/Sebastian_Vettel,Sebastian,Vettel,1987-07-03,German,aston_martin,https://en.wikipedia.org/wiki/Aston_Martin_in_Formula_One,Aston Martin,British,,,6.0,70.0,0 days 00:01:20.460000,kph,192.572,2021,18
7,8,8,4.0,10,70,+1 Lap,raikkonen,7,RAI,http://en.wikipedia.org/wiki/Kimi_R%C3%A4ikk%C3%B6nen,Kimi,Räikkönen,1979-10-17,Finnish,alfa,https://en.wikipedia.org/wiki/Alfa_Romeo_in_Formula_One,Alfa Romeo,Swiss,,,11.0,63.0,0 days 00:01:20.713000,kph,191.969,2021,18
14,9,9,2.0,12,70,+1 Lap,alonso,14,ALO,http://en.wikipedia.org/wiki/Fernando_Alonso,Fernando,Alonso,1981-07-29,Spanish,alpine,https://en.wikipedia.org/wiki/Alpine_F1_Team,Alpine F1 Team,French,,,10.0,54.0,0 days 00:01:20.711000,kph,191.973,2021,18
4,10,10,1.0,18,70,+1 Lap,norris,1,NOR,http://en.wikipedia.org/wiki/Lando_Norris,Lando,Norris,1999-11-13,British,mclaren,https://en.wikipedia.org/wiki/McLaren,McLaren,British,,,8.0,67.0,0 days 00:01:20.617000,kph,192.197,2021,18
99,11,11,0.0,11,70,+1 Lap,giovinazzi,99,GIO,http://en.wikipedia.org/wiki/Antonio_Giovinazzi,Antonio,Giovinazzi,1993-12-14,Italian,alfa,https://en.wikipedia.org/wiki/Alfa_Romeo_in_Formula_One,Alfa Romeo,Swiss,,,16.0,68.0,0 days 00:01:21.523000,kph,190.061,2021,18
3,12,12,0.0,7,70,+1 Lap,ricciardo,3,RIC,http://en.wikipedia.org/wiki/Daniel_Ricciardo,Daniel,Ricciardo,1989-07-01,Australian,mclaren,https://en.wikipedia.org/wiki/McLaren,McLaren,British,,,13.0,40.0,0 days 00:01:21.069000,kph,191.126,2021,18
31,13,13,0.0,19,70,+1 Lap,ocon,31,OCO,http://en.wikipedia.org/wiki/Esteban_Ocon,Esteban,Ocon,1996-09-17,French,alpine,https://en.wikipedia.org/wiki/Alpine_F1_Team,Alpine F1 Team,French,,,14.0,67.0,0 days 00:01:21.348000,kph,190.47,2021,18
18,14,14,0.0,20,69,+2 Laps,stroll,18,STR,http://en.wikipedia.org/wiki/Lance_Stroll,Lance,Stroll,1998-10-29,Canadian,aston_martin,https://en.wikipedia.org/wiki/Aston_Martin_in_Formula_One,Aston Martin,British,,,12.0,61.0,0 days 00:01:20.930000,kph,191.454,2021,18
77,15,15,0.0,1,69,+2 Laps,bottas,77,BOT,http://en.wikipedia.org/wiki/Valtteri_Bottas,Valtteri,Bottas,1989-08-28,Finnish,mercedes,https://en.wikipedia.org/wiki/Mercedes-Benz_in_Formula_One,Mercedes,German,,,1.0,69.0,0 days 00:01:17.774000,kph,199.223,2021,18
63,16,16,0.0,16,69,+2 Laps,russell,63,RUS,http://en.wikipedia.org/wiki/George_Russell_(racing_driver),George,Russell,1998-02-15,British,williams,https://en.wikipedia.org/wiki/Williams_Racing,Williams,British,,,18.0,61.0,0 days 00:01:22.016000,kph,188.919,2021,18
6,17,17,0.0,13,69,+2 Laps,latifi,6,LAT,http://en.wikipedia.org/wiki/Nicholas_Latifi,Nicholas,Latifi,1995-06-29,Canadian,williams,https://en.wikipedia.org/wiki/Williams_Racing,Williams,British,,,17.0,66.0,0 days 00:01:21.546000,kph,190.008,2021,18
9,18,18,0.0,15,68,+3 Laps,mazepin,9,MAZ,http://en.wikipedia.org/wiki/Nikita_Mazepin,Nikita,Mazepin,1999-03-02,Russian,haas,https://en.wikipedia.org/wiki/Haas_F1_Team,Haas F1 Team,American,,,15.0,61.0,0 days 00:01:21.402000,kph,190.344,2021,18
47,19,R,0.0,14,0,Collision,mick_schumacher,47,MSC,http://en.wikipedia.org/wiki/Mick_Schumacher,Mick,Schumacher,1999-03-22,German,haas,https://en.wikipedia.org/wiki/Haas_F1_Team,Haas F1 Team,American,,,,,,,,2021,18
22,20,R,0.0,17,0,Collision,tsunoda,22,TSU,http://en.wikipedia.org/wiki/Yuki_Tsunoda,Yuki,Tsunoda,2000-05-11,Japanese,alphatauri,https://en.wikipedia.org/wiki/Scuderia_AlphaTauri,AlphaTauri,Italian,,,,,,,,2021,18
44,1,1,25.0,10,71,Finished,hamilton,44,HAM,http://en.wikipedia.org/wiki/Lewis_Hamilton,Lewis,Hamilton,1985-01-07,British,mercedes,https://en.wikipedia.org/wiki/Mercedes-Benz_in_Formula_One,Mercedes,German,5542851.0,0 days 01:32:22.851000,2.0,46.0,0 days 00:01:11.982000,kph,215.503,2021,19
33,2,2,18.0,2,71,Finished,max_verstappen,3,VER,http://en.wikipedia.org/wiki/Max_Verstappen,Max,Verstappen,1997-09-30,Dutch,red_bull,https://en.wikipedia.org/wiki/Red_Bull_Racing,Red Bull,Austrian,5553347.0,0 days 00:00:10.496000,3.0,47.0,0 days 00:01:12.486000,kph,214.005,2021,19
77,3,3,15.0,1,71,Finished,bottas,77,BOT,http://en.wikipedia.org/wiki/Valtteri_Bottas,Valtteri,Bottas,1989-08-28,Finnish,mercedes,https://en.wikipedia.org/wiki/Mercedes-Benz_in_Formula_One,Mercedes,German,5556427.0,0 days 00:00:13.576000,4.0,49.0,0 days 00:01:12.526000,kph,213.887,2021,19
11,4,4,13.0,4,71,Finished,perez,11,PER,http://en.wikipedia.org/wiki/Sergio_P%C3%A9rez,Sergio,Pérez,1990-01-26,Mexican,red_bull,https://en.wikipedia.org/wiki/Red_Bull_Racing,Red Bull,Austrian,5582791.0,0 days 00:00:39.940000,1.0,71.0,0 days 00:01:11.010000,kph,218.453,2021,19
16,5,5,10.0,6,71,Finished,leclerc,16,LEC,http://en.wikipedia.org/wiki/Charles_Leclerc,Charles,Leclerc,1997-10-16,Monegasque,ferrari,https://en.wikipedia.org/wiki/Scuderia_Ferrari,Ferrari,Italian,5592368.0,0 days 00:00:49.517000,7.0,61.0,0 days 00:01:12.822000,kph,213.018,2021,19
55,6,6,8.0,3,71,Finished,sainz,55,SAI,http://en.wikipedia.org/wiki/Carlos_Sainz_Jr.,Carlos,Sainz,1994-09-01,Spanish,ferrari,https://en.wikipedia.org/wiki/Scuderia_Ferrari,Ferrari,Italian,5594671.0,0 days 00:00:51.820000,6.0,63.0,0 days 00:01:12.710000,kph,213.346,2021,19
10,7,7,6.0,7,70,+1 Lap,gasly,10,GAS,http://en.wikipedia.org/wiki/Pierre_Gasly,Pierre,Gasly,1996-02-07,French,alphatauri,https://en.wikipedia.org/wiki/Scuderia_AlphaTauri,AlphaTauri,Italian,,,8.0,53.0,0 days 00:01:13.227000,kph,211.839,2021,19
31,8,8,4.0,8,70,+1 Lap,ocon,31,OCO,http://en.wikipedia.org/wiki/Esteban_Ocon,Esteban,Ocon,1996-09-17,French,alpine,https://en.wikipedia.org/wiki/Alpine_F1_Team,Alpine F1 Team,French,,,16.0,48.0,0 days 00:01:14.430000,kph,208.415,2021,19
14,9,9,2.0,12,70,+1 Lap,alonso,14,ALO,http://en.wikipedia.org/wiki/Fernando_Alonso,Fernando,Alonso,1981-07-29,Spanish,alpine,https://en.wikipedia.org/wiki/Alpine_F1_Team,Alpine F1 Team,French,,,12.0,37.0,0 days 00:01:13.922000,kph,209.848,2021,19
4,10,10,1.0,5,70,+1 Lap,norris,1,NOR,http://en.wikipedia.org/wiki/Lando_Norris,Lando,Norris,1999-11-13,British,mclaren,https://en.wikipedia.org/wiki/McLaren,McLaren,British,,,10.0,53.0,0 days 00:01:13.761000,kph,210.306,2021,19
5,11,11,0.0,9,70,+1 Lap,vettel,5,VET,http://en.wikipedia.org/wiki/Sebastian_Vettel,Sebastian,Vettel,1987-07-03,German,aston_martin,https://en.wikipedia.org/wiki/Aston_Martin_in_Formula_One,Aston Martin,British,,,9.0,69.0,0 days 00:01:13.634000,kph,210.668,2021,19
7,12,12,0.0,0,70,+1 Lap,raikkonen,7,RAI,http://en.wikipedia.org/wiki/Kimi_R%C3%A4ikk%C3%B6nen,Kimi,Räikkönen,1979-10-17,Finnish,alfa,https://en.wikipedia.org/wiki/Alfa_Romeo_in_Formula_One,Alfa Romeo,Swiss,,,5.0,54.0,0 days 00:01:12.621000,kph,213.607,2021,19
63,13,13,0.0,17,70,+1 Lap,russell,63,RUS,http://en.wikipedia.org/wiki/George_Russell_(racing_driver),George,Russell,1998-02-15,British,williams,https://en.wikipedia.org/wiki/Williams_Racing,Williams,British,,,15.0,45.0,0 days 00:01:14.355000,kph,208.626,2021,19
99,14,14,0.0,13,70,+1 Lap,giovinazzi,99,GIO,http://en.wikipedia.org/wiki/Antonio_Giovinazzi,Antonio,Giovinazzi,1993-12-14,Italian,alfa,https://en.wikipedia.org/wiki/Alfa_Romeo_in_Formula_One,Alfa Romeo,Swiss,,,14.0,44.0,0 days 00:01:14.227000,kph,208.985,2021,19
22,15,15,0.0,15,70,+1 Lap,tsunoda,22,TSU,http://en.wikipedia.org/wiki/Yuki_Tsunoda,Yuki,Tsunoda,2000-05-11,Japanese,alphatauri,https://en.wikipedia.org/wiki/Scuderia_AlphaTauri,AlphaTauri,Italian,,,13.0,62.0,0 days 00:01:14.204000,kph,209.05,2021,19
6,16,16,0.0,16,70,+1 Lap,latifi,6,LAT,http://en.wikipedia.org/wiki/Nicholas_Latifi,Nicholas,Latifi,1995-06-29,Canadian,williams,https://en.wikipedia.org/wiki/Williams_Racing,Williams,British,,,18.0,57.0,0 days 00:01:14.616000,kph,207.896,2021,19
9,17,17,0.0,19,69,+2 Laps,mazepin,9,MAZ,http://en.wikipedia.org/wiki/Nikita_Mazepin,Nikita,Mazepin,1999-03-02,Russian,haas,https://en.wikipedia.org/wiki/Haas_F1_Team,Haas F1 Team,American,,,19.0,36.0,0 days 00:01:14.954000,kph,206.958,2021,19
47,18,18,0.0,18,69,+2 Laps,mick_schumacher,47,MSC,http://en.wikipedia.org/wiki/Mick_Schumacher,Mick,Schumacher,1999-03-22,German,haas,https://en.wikipedia.org/wiki/Haas_F1_Team,Haas F1 Team,American,,,11.0,66.0,0 days 00:01:13.793000,kph,210.215,2021,19
3,19,R,0.0,11,49,Power loss,ricciardo,3,RIC,http://en.wikipedia.org/wiki/Daniel_Ricciardo,Daniel,Ricciardo,1989-07-01,Australian,mclaren,https://en.wikipedia.org/wiki/McLaren,McLaren,British,,,17.0,40.0,0 days 00:01:14.443000,kph,208.379,2021,19
18,20,R,0.0,14,47,Collision damage,stroll,18,STR,http://en.wikipedia.org/wiki/Lance_Stroll,Lance,Stroll,1998-10-29,Canadian,aston_martin,https://en.wikipedia.org/wiki/Aston_Martin_in_Formula_One,Aston Martin,British,,,20.0,25.0,0 days 00:01:15.344000,kph,205.887,2021,19
44,1,1,25.0,1,57,Finished,hamilton,44,HAM,http://en.wikipedia.org/wiki/Lewis_Hamilton,Lewis,Hamilton,1985-01-07,British,mercedes,https://en.wikipedia.org/wiki/Mercedes-Benz_in_Formula_One,Mercedes,German,5068471.0,0 days 01:24:28.471000,2.0,50.0,0 days 00:01:25.084000,kph,227.633,2021,20
33,2,2,19.0,7,57,Finished,max_verstappen,3,VER,http://en.wikipedia.org/wiki/Max_Verstappen,Max,Verstappen,1997-09-30,Dutch,red_bull,https://en.wikipedia.org/wiki/Red_Bull_Racing,Red Bull,Austrian,5094214.0,0 days 00:00:25.743000,1.0,57.0,0 days 00:01:23.196000,kph,232.799,2021,20
14,3,3,15.0,3,57,Finished,alonso,14,ALO,http://en.wikipedia.org/wiki/Fernando_Alonso,Fernando,Alonso,1981-07-29,Spanish,alpine,https://en.wikipedia.org/wiki/Alpine_F1_Team,Alpine F1 Team,French,5127928.0,0 days 00:00:59.457000,10.0,48.0,0 days 00:01:26.682000,kph,223.437,2021,20
11,4,4,12.0,11,57,Finished,perez,11,PER,http://en.wikipedia.org/wiki/Sergio_P%C3%A9rez,Sergio,Pérez,1990-01-26,Mexican,red_bull,https://en.wikipedia.org/wiki/Red_Bull_Racing,Red Bull,Austrian,5130777.0,0 days 00:01:02.306000,3.0,49.0,0 days 00:01:25.613000,kph,226.227,2021,20
31,5,5,10.0,9,57,Finished,ocon,31,OCO,http://en.wikipedia.org/wiki/Esteban_Ocon,Esteban,Ocon,1996-09-17,French,alpine,https://en.wikipedia.org/wiki/Alpine_F1_Team,Alpine F1 Team,French,5149041.0,0 days 00:01:20.570000,13.0,46.0,0 days 00:01:27.061000,kph,222.464,2021,20
18,6,6,8.0,12,57,Finished,stroll,18,STR,http://en.wikipedia.org/wiki/Lance_Stroll,Lance,Stroll,1998-10-29,Canadian,aston_martin,https://en.wikipedia.org/wiki/Aston_Martin_in_Formula_One,Aston Martin,British,5149745.0,0 days 00:01:21.274000,17.0,44.0,0 days 00:01:27.356000,kph,221.713,2021,20
55,7,7,6.0,5,57,Finished,sainz,55,SAI,http://en.wikipedia.org/wiki/Carlos_Sainz_Jr.,Carlos,Sainz,1994-09-01,Spanish,ferrari,https://en.wikipedia.org/wiki/Scuderia_Ferrari,Ferrari,Italian,5150382.0,0 days 00:01:21.911000,9.0,46.0,0 days 00:01:26.570000,kph,223.726,2021,20
16,8,8,4.0,13,57,Finished,leclerc,16,LEC,http://en.wikipedia.org/wiki/Charles_Leclerc,Charles,Leclerc,1997-10-16,Monegasque,ferrari,https://en.wikipedia.org/wiki/Scuderia_Ferrari,Ferrari,Italian,5151597.0,0 days 00:01:23.126000,8.0,46.0,0 days 00:01:26.555000,kph,223.765,2021,20
4,9,9,2.0,4,56,+1 Lap,norris,1,NOR,http://en.wikipedia.org/wiki/Lando_Norris,Lando,Norris,1999-11-13,British,mclaren,https://en.wikipedia.org/wiki/McLaren,McLaren,British,,,4.0,51.0,0 days 00:01:25.746000,kph,225.876,2021,20
5,10,10,1.0,10,56,+1 Lap,vettel,5,VET,http://en.wikipedia.org/wiki/Sebastian_Vettel,Sebastian,Vettel,1987-07-03,German,aston_martin,https://en.wikipedia.org/wiki/Aston_Martin_in_Formula_One,Aston Martin,British,,,7.0,53.0,0 days 00:01:26.434000,kph,224.078,2021,20
10,11,11,0.0,2,56,+1 Lap,gasly,10,GAS,http://en.wikipedia.org/wiki/Pierre_Gasly,Pierre,Gasly,1996-02-07,French,alphatauri,https://en.wikipedia.org/wiki/Scuderia_AlphaTauri,AlphaTauri,Italian,,,11.0,46.0,0 days 00:01:27.019000,kph,222.572,2021,20
3,12,12,0.0,14,56,+1 Lap,ricciardo,3,RIC,http://en.wikipedia.org/wiki/Daniel_Ricciardo,Daniel,Ricciardo,1989-07-01,Australian,mclaren,https://en.wikipedia.org/wiki/McLaren,McLaren,British,,,14.0,50.0,0 days 00:01:27.198000,kph,222.115,2021,20
22,13,13,0.0,8,56,+1 Lap,tsunoda,22,TSU,http://en.wikipedia.org/wiki/Yuki_Tsunoda,Yuki,Tsunoda,2000-05-11,Japanese,alphatauri,https://en.wikipedia.org/wiki/Scuderia_AlphaTauri,AlphaTauri,Italian,,,12.0,50.0,0 days 00:01:27.043000,kph,222.51,2021,20
7,14,14,0.0,16,56,+1 Lap,raikkonen,7,RAI,http://en.wikipedia.org/wiki/Kimi_R%C3%A4ikk%C3%B6nen,Kimi,Räikkönen,1979-10-17,Finnish,alfa,https://en.wikipedia.org/wiki/Alfa_Romeo_in_Formula_One,Alfa Romeo,Swiss,,,6.0,53.0,0 days 00:01:26.358000,kph,224.275,2021,20
99,15,15,0.0,18,56,+1 Lap,giovinazzi,99,GIO,http://en.wikipedia.org/wiki/Antonio_Giovinazzi,Antonio,Giovinazzi,1993-12-14,Italian,alfa,https://en.wikipedia.org/wiki/Alfa_Romeo_in_Formula_One,Alfa Romeo,Swiss,,,18.0,40.0,0 days 00:01:27.823000,kph,220.534,2021,20
47,16,16,0.0,19,56,+1 Lap,mick_schumacher,47,MSC,http://en.wikipedia.org/wiki/Mick_Schumacher,Mick,Schumacher,1999-03-22,German,haas,https://en.wikipedia.org/wiki/Haas_F1_Team,Haas F1 Team,American,,,19.0,46.0,0 days 00:01:28.412000,kph,219.065,2021,20
63,17,17,0.0,15,55,+2 Laps,russell,63,RUS,http://en.wikipedia.org/wiki/George_Russell_(racing_driver),George,Russell,1998-02-15,British,williams,https://en.wikipedia.org/wiki/Williams_Racing,Williams,British,,,5.0,55.0,0 days 00:01:25.768000,kph,225.818,2021,20
9,18,18,0.0,20,55,+2 Laps,mazepin,9,MAZ,http://en.wikipedia.org/wiki/Nikita_Mazepin,Nikita,Mazepin,1999-03-02,Russian,haas,https://en.wikipedia.org/wiki/Haas_F1_Team,Haas F1 Team,American,,,16.0,55.0,0 days 00:01:27.340000,kph,221.754,2021,20
6,19,R,0.0,17,50,Puncture,latifi,6,LAT,http://en.wikipedia.org/wiki/Nicholas_Latifi,Nicholas,Latifi,1995-06-29,Canadian,williams,https://en.wikipedia.org/wiki/Williams_Racing,Williams,British,,,20.0,44.0,0 days 00:01:28.732000,kph,218.275,2021,20
77,20,R,0.0,6,48,Damage,bottas,77,BOT,http://en.wikipedia.org/wiki/Valtteri_Bottas,Valtteri,Bottas,1989-08-28,Finnish,mercedes,https://en.wikipedia.org/wiki/Mercedes-Benz_in_Formula_One,Mercedes,German,,,15.0,39.0,0 days 00:01:27.246000,kph,221.992,2021,20
44,1,1,26.0,1,50,Finished,hamilton,44,HAM,http://en.wikipedia.org/wiki/Lewis_Hamilton,Lewis,Hamilton,1985-01-07,British,mercedes,https://en.wikipedia.org/wiki/Mercedes-Benz_in_Formula_One,Mercedes,German,7575118.0,0 days 02:06:15.118000,1.0,47.0,0 days 00:01:30.734000,kph,244.962,2021,21
33,2,2,18.0,3,50,Finished,max_verstappen,3,VER,http://en.wikipedia.org/wiki/Max_Verstappen,Max,Verstappen,1997-09-30,Dutch,red_bull,https://en.wikipedia.org/wiki/Red_Bull_Racing,Red Bull,Austrian,7586943.0,0 days 00:00:11.825000,3.0,35.0,0 days 00:01:31.488000,kph,242.943,2021,21
77,3,3,15.0,2,50,Finished,bottas,77,BOT,http://en.wikipedia.org/wiki/Valtteri_Bottas,Valtteri,Bottas,1989-08-28,Finnish,mercedes,https://en.wikipedia.org/wiki/Mercedes-Benz_in_Formula_One,Mercedes,German,7602649.0,0 days 00:00:27.531000,2.0,47.0,0 days 00:01:31.408000,kph,243.155,2021,21
31,4,4,12.0,9,50,Finished,ocon,31,OCO,http://en.wikipedia.org/wiki/Esteban_Ocon,Esteban,Ocon,1996-09-17,French,alpine,https://en.wikipedia.org/wiki/Alpine_F1_Team,Alpine F1 Team,French,7602751.0,0 days 00:00:27.633000,6.0,47.0,0 days 00:01:31.797000,kph,242.125,2021,21
3,5,5,10.0,11,50,Finished,ricciardo,3,RIC,http://en.wikipedia.org/wiki/Daniel_Ricciardo,Daniel,Ricciardo,1989-07-01,Australian,mclaren,https://en.wikipedia.org/wiki/McLaren,McLaren,British,7615239.0,0 days 00:00:40.121000,11.0,43.0,0 days 00:01:32.716000,kph,239.725,2021,21
10,6,6,8.0,6,50,Finished,gasly,10,GAS,http://en.wikipedia.org/wiki/Pierre_Gasly,Pierre,Gasly,1996-02-07,French,alphatauri,https://en.wikipedia.org/wiki/Scuderia_AlphaTauri,AlphaTauri,Italian,7616731.0,0 days 00:00:41.613000,9.0,46.0,0 days 00:01:32.297000,kph,240.813,2021,21
16,7,7,6.0,4,50,Finished,leclerc,16,LEC,http://en.wikipedia.org/wiki/Charles_Leclerc,Charles,Leclerc,1997-10-16,Monegasque,ferrari,https://en.wikipedia.org/wiki/Scuderia_Ferrari,Ferrari,Italian,7619593.0,0 days 00:00:44.475000,4.0,46.0,0 days 00:01:31.601000,kph,242.643,2021,21
55,8,8,4.0,15,50,Finished,sainz,55,SAI,http://en.wikipedia.org/wiki/Carlos_Sainz_Jr.,Carlos,Sainz,1994-09-01,Spanish,ferrari,https://en.wikipedia.org/wiki/Scuderia_Ferrari,Ferrari,Italian,7621724.0,0 days 00:00:46.606000,7.0,37.0,0 days 00:01:31.851000,kph,241.983,2021,21
99,9,9,2.0,10,50,Finished,giovinazzi,99,GIO,http://en.wikipedia.org/wiki/Antonio_Giovinazzi,Antonio,Giovinazzi,1993-12-14,Italian,alfa,https://en.wikipedia.org/wiki/Alfa_Romeo_in_Formula_One,Alfa Romeo,Swiss,7633623.0,0 days 00:00:58.505000,15.0,37.0,0 days 00:01:32.865000,kph,239.34,2021,21
4,10,10,1.0,7,50,Finished,norris,1,NOR,http://en.wikipedia.org/wiki/Lando_Norris,Lando,Norris,1999-11-13,British,mclaren,https://en.wikipedia.org/wiki/McLaren,McLaren,British,7636476.0,0 days 00:01:01.358000,8.0,49.0,0 days 00:01:31.914000,kph,241.817,2021,21
18,11,11,0.0,18,50,Finished,stroll,18,STR,http://en.wikipedia.org/wiki/Lance_Stroll,Lance,Stroll,1998-10-29,Canadian,aston_martin,https://en.wikipedia.org/wiki/Aston_Martin_in_Formula_One,Aston Martin,British,7652330.0,0 days 00:01:17.212000,14.0,45.0,0 days 00:01:32.804000,kph,239.498,2021,21
6,12,12,0.0,16,50,Finished,latifi,6,LAT,http://en.wikipedia.org/wiki/Nicholas_Latifi,Nicholas,Latifi,1995-06-29,Canadian,williams,https://en.wikipedia.org/wiki/Williams_Racing,Williams,British,7658367.0,0 days 00:01:23.249000,12.0,49.0,0 days 00:01:32.751000,kph,239.635,2021,21
14,13,13,0.0,13,49,+1 Lap,alonso,14,ALO,http://en.wikipedia.org/wiki/Fernando_Alonso,Fernando,Alonso,1981-07-29,Spanish,alpine,https://en.wikipedia.org/wiki/Alpine_F1_Team,Alpine F1 Team,French,,,5.0,46.0,0 days 00:01:31.633000,kph,242.558,2021,21
22,14,14,0.0,8,49,+1 Lap,tsunoda,22,TSU,http://en.wikipedia.org/wiki/Yuki_Tsunoda,Yuki,Tsunoda,2000-05-11,Japanese,alphatauri,https://en.wikipedia.org/wiki/Scuderia_AlphaTauri,AlphaTauri,Italian,,,10.0,44.0,0 days 00:01:32.506000,kph,240.269,2021,21
7,15,15,0.0,12,49,+1 Lap,raikkonen,7,RAI,http://en.wikipedia.org/wiki/Kimi_R%C3%A4ikk%C3%B6nen,Kimi,Räikkönen,1979-10-17,Finnish,alfa,https://en.wikipedia.org/wiki/Alfa_Romeo_in_Formula_One,Alfa Romeo,Swiss,,,13.0,45.0,0 days 00:01:32.778000,kph,239.565,2021,21
5,16,R,0.0,17,44,Collision damage,vettel,5,VET,http://en.wikipedia.org/wiki/Sebastian_Vettel,Sebastian,Vettel,1987-07-03,German,aston_martin,https://en.wikipedia.org/wiki/Aston_Martin_in_Formula_One,Aston Martin,British,,,16.0,41.0,0 days 00:01:34.030000,kph,236.375,2021,21
11,17,R,0.0,5,14,Collision,perez,11,PER,http://en.wikipedia.org/wiki/Sergio_P%C3%A9rez,Sergio,Pérez,1990-01-26,Mexican,red_bull,https://en.wikipedia.org/wiki/Red_Bull_Racing,Red Bull,Austrian,,,17.0,9.0,0 days 00:01:34.138000,kph,236.104,2021,21
9,18,R,0.0,20,14,Collision,mazepin,9,MAZ,http://en.wikipedia.org/wiki/Nikita_Mazepin,Nikita,Mazepin,1999-03-02,Russian,haas,https://en.wikipedia.org/wiki/Haas_F1_Team,Haas F1 Team,American,,,20.0,7.0,0 days 00:01:37.043000,kph,229.036,2021,21
63,19,R,0.0,14,14,Collision,russell,63,RUS,http://en.wikipedia.org/wiki/George_Russell_(racing_driver),George,Russell,1998-02-15,British,williams,https://en.wikipedia.org/wiki/Williams_Racing,Williams,British,,,19.0,7.0,0 days 00:01:36.130000,kph,231.211,2021,21
47,20,R,0.0,19,8,Accident,mick_schumacher,47,MSC,http://en.wikipedia.org/wiki/Mick_Schumacher,Mick,Schumacher,1999-03-22,German,haas,https://en.wikipedia.org/wiki/Haas_F1_Team,Haas F1 Team,American,,,18.0,8.0,0 days 00:01:36.043000,kph,231.421,2021,21
33,1,1,26.0,1,58,Finished,max_verstappen,3,VER,http://en.wikipedia.org/wiki/Max_Verstappen,Max,Verstappen,1997-09-30,Dutch,red_bull,https://en.wikipedia.org/wiki/Red_Bull_Racing,Red Bull,Austrian,5417345.0,0 days 01:30:17.345000,1.0,39.0,0 days 00:01:26.103000,kph,220.8,2021,22
44,2,2,18.0,2,58,Finished,hamilton,44,HAM,http://en.wikipedia.org/wiki/Lewis_Hamilton,Lewis,Hamilton,1985-01-07,British,mercedes,https://en.wikipedia.org/wiki/Mercedes-Benz_in_Formula_One,Mercedes,German,5419601.0,0 days 00:00:02.256000,3.0,43.0,0 days 00:01:26.615000,kph,219.495,2021,22
55,3,3,15.0,5,58,Finished,sainz,55,SAI,http://en.wikipedia.org/wiki/Carlos_Sainz_Jr.,Carlos,Sainz,1994-09-01,Spanish,ferrari,https://en.wikipedia.org/wiki/Scuderia_Ferrari,Ferrari,Italian,5422518.0,0 days 00:00:05.173000,9.0,51.0,0 days 00:01:27.618000,kph,216.982,2021,22
22,4,4,12.0,8,58,Finished,tsunoda,22,TSU,http://en.wikipedia.org/wiki/Yuki_Tsunoda,Yuki,Tsunoda,2000-05-11,Japanese,alphatauri,https://en.wikipedia.org/wiki/Scuderia_AlphaTauri,AlphaTauri,Italian,5423037.0,0 days 00:00:05.692000,7.0,50.0,0 days 00:01:27.496000,kph,217.285,2021,22
10,5,5,10.0,12,58,Finished,gasly,10,GAS,http://en.wikipedia.org/wiki/Pierre_Gasly,Pierre,Gasly,1996-02-07,French,alphatauri,https://en.wikipedia.org/wiki/Scuderia_AlphaTauri,AlphaTauri,Italian,5423876.0,0 days 00:00:06.531000,6.0,49.0,0 days 00:01:27.342000,kph,217.668,2021,22
77,6,6,8.0,6,58,Finished,bottas,77,BOT,http://en.wikipedia.org/wiki/Valtteri_Bottas,Valtteri,Bottas,1989-08-28,Finnish,mercedes,https://en.wikipedia.org/wiki/Mercedes-Benz_in_Formula_One,Mercedes,German,5424808.0,0 days 00:00:07.463000,5.0,51.0,0 days 00:01:26.862000,kph,218.871,2021,22
4,7,7,6.0,3,58,Finished,norris,1,NOR,http://en.wikipedia.org/wiki/Lando_Norris,Lando,Norris,1999-11-13,British,mclaren,https://en.wikipedia.org/wiki/McLaren,McLaren,British,5476545.0,0 days 00:00:59.200000,4.0,58.0,0 days 00:01:26.762000,kph,219.123,2021,22
14,8,8,4.0,11,58,Finished,alonso,14,ALO,http://en.wikipedia.org/wiki/Fernando_Alonso,Fernando,Alonso,1981-07-29,Spanish,alpine,https://en.wikipedia.org/wiki/Alpine_F1_Team,Alpine F1 Team,French,5479053.0,0 days 00:01:01.708000,8.0,58.0,0 days 00:01:27.607000,kph,217.01,2021,22
31,9,9,2.0,9,58,Finished,ocon,31,OCO,http://en.wikipedia.org/wiki/Esteban_Ocon,Esteban,Ocon,1996-09-17,French,alpine,https://en.wikipedia.org/wiki/Alpine_F1_Team,Alpine F1 Team,French,5481371.0,0 days 00:01:04.026000,10.0,58.0,0 days 00:01:28.249000,kph,215.431,2021,22
16,10,10,1.0,7,58,Finished,leclerc,16,LEC,http://en.wikipedia.org/wiki/Charles_Leclerc,Charles,Leclerc,1997-10-16,Monegasque,ferrari,https://en.wikipedia.org/wiki/Scuderia_Ferrari,Ferrari,Italian,5483402.0,0 days 00:01:06.057000,12.0,40.0,0 days 00:01:28.433000,kph,214.983,2021,22
5,11,11,0.0,15,58,Finished,vettel,5,VET,http://en.wikipedia.org/wiki/Sebastian_Vettel,Sebastian,Vettel,1987-07-03,German,aston_martin,https://en.wikipedia.org/wiki/Aston_Martin_in_Formula_One,Aston Martin,British,5484872.0,0 days 00:01:07.527000,11.0,58.0,0 days 00:01:28.303000,kph,215.299,2021,22
3,12,12,0.0,10,57,+1 Lap,ricciardo,3,RIC,http://en.wikipedia.org/wiki/Daniel_Ricciardo,Daniel,Ricciardo,1989-07-01,Australian,mclaren,https://en.wikipedia.org/wiki/McLaren,McLaren,British,,,14.0,48.0,0 days 00:01:28.723000,kph,214.28,2021,22
18,13,13,0.0,13,57,+1 Lap,stroll,18,STR,http://en.wikipedia.org/wiki/Lance_Stroll,Lance,Stroll,1998-10-29,Canadian,aston_martin,https://en.wikipedia.org/wiki/Aston_Martin_in_Formula_One,Aston Martin,British,,,13.0,48.0,0 days 00:01:28.567000,kph,214.657,2021,22
47,14,14,0.0,19,57,+1 Lap,mick_schumacher,47,MSC,http://en.wikipedia.org/wiki/Mick_Schumacher,Mick,Schumacher,1999-03-22,German,haas,https://en.wikipedia.org/wiki/Haas_F1_Team,Haas F1 Team,American,,,17.0,42.0,0 days 00:01:29.457000,kph,212.522,2021,22
11,15,15,0.0,4,55,Engine,perez,11,PER,http://en.wikipedia.org/wiki/Sergio_P%C3%A9rez,Sergio,Pérez,1990-01-26,Mexican,red_bull,https://en.wikipedia.org/wiki/Red_Bull_Racing,Red Bull,Austrian,,,2.0,51.0,0 days 00:01:26.419000,kph,219.993,2021,22
6,16,R,0.0,16,50,Accident,latifi,6,LAT,http://en.wikipedia.org/wiki/Nicholas_Latifi,Nicholas,Latifi,1995-06-29,Canadian,williams,https://en.wikipedia.org/wiki/Williams_Racing,Williams,British,,,15.0,30.0,0 days 00:01:29.293000,kph,212.912,2021,22
99,17,R,0.0,14,33,Gearbox,giovinazzi,99,GIO,http://en.wikipedia.org/wiki/Antonio_Giovinazzi,Antonio,Giovinazzi,1993-12-14,Italian,alfa,https://en.wikipedia.org/wiki/Alfa_Romeo_in_Formula_One,Alfa Romeo,Swiss,,,16.0,33.0,0 days 00:01:29.442000,kph,212.557,2021,22
63,18,R,0.0,17,26,Gearbox,russell,63,RUS,http://en.wikipedia.org/wiki/George_Russell_(racing_driver),George,Russell,1998-02-15,British,williams,https://en.wikipedia.org/wiki/Williams_Racing,Williams,British,,,19.0,23.0,0 days 00:01:30.647000,kph,209.732,2021,22
7,19,R,0.0,18,25,Brakes,raikkonen,7,RAI,http://en.wikipedia.org/wiki/Kimi_R%C3%A4ikk%C3%B6nen,Kimi,Räikkönen,1979-10-17,Finnish,alfa,https://en.wikipedia.org/wiki/Alfa_Romeo_in_Formula_One,Alfa Romeo,Swiss,,,18.0,23.0,0 days 00:01:29.698000,kph,211.951,2021,22
9,20,W,0.0,20,0,Illness,mazepin,9,MAZ,http://en.wikipedia.org/wiki/Nikita_Mazepin,Nikita,Mazepin,1999-03-02,Russian,haas,https://en.wikipedia.org/wiki/Haas_F1_Team,Haas F1 Team,American,,,,,,,,2021,22
16,1,1,26.0,1,57,Finished,leclerc,16,LEC,http://en.wikipedia.org/wiki/Charles_Leclerc,Charles,Leclerc,1997-10-16,Monegasque,ferrari,https://en.wikipedia.org/wiki/Scuderia_Ferrari,Ferrari,Italian,5853584.0,0 days 01:37:33.584000,1.0,51.0,0 days 00:01:34.570000,kph,206.018,2022,1
55,2,2,18.0,3,57,Finished,sainz,55,SAI,http://en.wikipedia.org/wiki/Carlos_Sainz_Jr.,Carlos,Sainz,1994-09-01,Spanish,ferrari,https://en.wikipedia.org/wiki/Scuderia_Ferrari,Ferrari,Italian,5859182.0,0 days 00:00:05.598000,3.0,52.0,0 days 00:01:35.740000,kph,203.501,2022,1
44,3,3,15.0,5,57,Finished,hamilton,44,HAM,http://en.wikipedia.org/wiki/Lewis_Hamilton,Lewis,Hamilton,1985-01-07,British,mercedes,https://en.wikipedia.org/wiki/Mercedes-Benz_in_Formula_One,Mercedes,German,5863259.0,0 days 00:00:09.675000,5.0,53.0,0 days 00:01:36.228000,kph,202.469,2022,1
63,4,4,12.0,9,57,Finished,russell,63,RUS,http://en.wikipedia.org/wiki/George_Russell_(racing_driver),George,Russell,1998-02-15,British,mercedes,https://en.wikipedia.org/wiki/Mercedes-Benz_in_Formula_One,Mercedes,German,5864795.0,0 days 00:00:11.211000,6.0,56.0,0 days 00:01:36.302000,kph,202.313,2022,1
20,5,5,10.0,7,57,Finished,kevin_magnussen,20,MAG,http://en.wikipedia.org/wiki/Kevin_Magnussen,Kevin,Magnussen,1992-10-05,Danish,haas,https://en.wikipedia.org/wiki/Haas_F1_Team,Haas F1 Team,American,5868338.0,0 days 00:00:14.754000,8.0,53.0,0 days 00:01:36.623000,kph,201.641,2022,1
77,6,6,8.0,6,57,Finished,bottas,77,BOT,http://en.wikipedia.org/wiki/Valtteri_Bottas,Valtteri,Bottas,1989-08-28,Finnish,alfa,https://en.wikipedia.org/wiki/Alfa_Romeo_in_Formula_One,Alfa Romeo,Swiss,5869703.0,0 days 00:00:16.119000,7.0,53.0,0 days 00:01:36.599000,kph,201.691,2022,1
31,7,7,6.0,11,57,Finished,ocon,31,OCO,http://en.wikipedia.org/wiki/Esteban_Ocon,Esteban,Ocon,1996-09-17,French,alpine,https://en.wikipedia.org/wiki/Alpine_F1_Team,Alpine F1 Team,French,5873007.0,0 days 00:00:19.423000,14.0,53.0,0 days 00:01:37.110000,kph,200.63,2022,1
22,8,8,4.0,16,57,Finished,tsunoda,22,TSU,http://en.wikipedia.org/wiki/Yuki_Tsunoda,Yuki,Tsunoda,2000-05-11,Japanese,alphatauri,https://en.wikipedia.org/wiki/Scuderia_AlphaTauri,AlphaTauri,Italian,5873970.0,0 days 00:00:20.386000,13.0,53.0,0 days 00:01:37.104000,kph,200.642,2022,1
14,9,9,2.0,8,57,Finished,alonso,14,ALO,http://en.wikipedia.org/wiki/Fernando_Alonso,Fernando,Alonso,1981-07-29,Spanish,alpine,https://en.wikipedia.org/wiki/Alpine_F1_Team,Alpine F1 Team,French,5875974.0,0 days 00:00:22.390000,10.0,44.0,0 days 00:01:36.733000,kph,201.412,2022,1
24,10,10,1.0,15,57,Finished,zhou,24,ZHO,http://en.wikipedia.org/wiki/Zhou_Guanyu,Guanyu,Zhou,1999-05-30,Chinese,alfa,https://en.wikipedia.org/wiki/Alfa_Romeo_in_Formula_One,Alfa Romeo,Swiss,5876648.0,0 days 00:00:23.064000,9.0,39.0,0 days 00:01:36.685000,kph,201.512,2022,1
47,11,11,0.0,12,57,Finished,mick_schumacher,47,MSC,http://en.wikipedia.org/wiki/Mick_Schumacher,Mick,Schumacher,1999-03-22,German,haas,https://en.wikipedia.org/wiki/Haas_F1_Team,Haas F1 Team,American,5886158.0,0 days 00:00:32.574000,11.0,37.0,0 days 00:01:36.956000,kph,200.948,2022,1
18,12,12,0.0,19,57,Finished,stroll,18,STR,http://en.wikipedia.org/wiki/Lance_Stroll,Lance,Stroll,1998-10-29,Canadian,aston_martin,https://en.wikipedia.org/wiki/Aston_Martin_in_Formula_One,Aston Martin,British,5899457.0,0 days 00:00:45.873000,15.0,49.0,0 days 00:01:37.146000,kph,200.555,2022,1
23,13,13,0.0,14,57,Finished,albon,23,ALB,http://en.wikipedia.org/wiki/Alexander_Albon,Alexander,Albon,1996-03-23,Thai,williams,https://en.wikipedia.org/wiki/Williams_Racing,Williams,British,5907516.0,0 days 00:00:53.932000,18.0,50.0,0 days 00:01:37.355000,kph,200.125,2022,1
3,14,14,0.0,18,57,Finished,ricciardo,3,RIC,http://en.wikipedia.org/wiki/Daniel_Ricciardo,Daniel,Ricciardo,1989-07-01,Australian,mclaren,https://en.wikipedia.org/wiki/McLaren,McLaren,British,5908559.0,0 days 00:00:54.975000,16.0,50.0,0 days 00:01:37.261000,kph,200.318,2022,1
4,15,15,0.0,13,57,Finished,norris,1,NOR,http://en.wikipedia.org/wiki/Lando_Norris,Lando,Norris,1999-11-13,British,mclaren,https://en.wikipedia.org/wiki/McLaren,McLaren,British,5909919.0,0 days 00:00:56.335000,12.0,51.0,0 days 00:01:36.988000,kph,200.882,2022,1
6,16,16,0.0,20,57,Finished,latifi,6,LAT,http://en.wikipedia.org/wiki/Nicholas_Latifi,Nicholas,Latifi,1995-06-29,Canadian,williams,https://en.wikipedia.org/wiki/Williams_Racing,Williams,British,5915379.0,0 days 00:01:01.795000,20.0,51.0,0 days 00:01:38.251000,kph,198.3,2022,1
27,17,17,0.0,17,57,Finished,hulkenberg,27,HUL,http://en.wikipedia.org/wiki/Nico_H%C3%BClkenberg,Nico,Hülkenberg,1987-08-19,German,aston_martin,https://en.wikipedia.org/wiki/Aston_Martin_in_Formula_One,Aston Martin,British,5917413.0,0 days 00:01:03.829000,19.0,49.0,0 days 00:01:38.201000,kph,198.401,2022,1
11,18,18,0.0,4,56,Fuel pressure,perez,11,PER,http://en.wikipedia.org/wiki/Sergio_P%C3%A9rez,Sergio,Pérez,1990-01-26,Mexican,red_bull,https://en.wikipedia.org/wiki/Red_Bull_Racing,Red Bull,Austrian,,,4.0,52.0,0 days 00:01:36.089000,kph,202.762,2022,1
1,19,19,0.0,2,54,Fuel pressure,max_verstappen,3,VER,http://en.wikipedia.org/wiki/Max_Verstappen,Max,Verstappen,1997-09-30,Dutch,red_bull,https://en.wikipedia.org/wiki/Red_Bull_Racing,Red Bull,Austrian,,,2.0,51.0,0 days 00:01:35.440000,kph,204.14,2022,1
10,20,R,0.0,10,44,Power Unit,gasly,10,GAS,http://en.wikipedia.org/wiki/Pierre_Gasly,Pierre,Gasly,1996-02-07,French,alphatauri,https://en.wikipedia.org/wiki/Scuderia_AlphaTauri,AlphaTauri,Italian,,,17.0,34.0,0 days 00:01:37.324000,kph,200.189,2022,1
1,1,1,25.0,4,50,Finished,max_verstappen,3,VER,http://en.wikipedia.org/wiki/Max_Verstappen,Max,Verstappen,1997-09-30,Dutch,red_bull,https://en.wikipedia.org/wiki/Red_Bull_Racing,Red Bull,Austrian,5059293.0,0 days 01:24:19.293000,2.0,50.0,0 days 00:01:31.772000,kph,242.191,2022,2
16,2,2,19.0,2,50,Finished,leclerc,16,LEC,http://en.wikipedia.org/wiki/Charles_Leclerc,Charles,Leclerc,1997-10-16,Monegasque,ferrari,https://en.wikipedia.org/wiki/Scuderia_Ferrari,Ferrari,Italian,5059842.0,0 days 00:00:00.549000,1.0,48.0,0 days 00:01:31.634000,kph,242.556,2022,2
55,3,3,15.0,3,50,Finished,sainz,55,SAI,http://en.wikipedia.org/wiki/Carlos_Sainz_Jr.,Carlos,Sainz,1994-09-01,Spanish,ferrari,https://en.wikipedia.org/wiki/Scuderia_Ferrari,Ferrari,Italian,5067390.0,0 days 00:00:08.097000,3.0,48.0,0 days 00:01:31.905000,kph,241.841,2022,2
11,4,4,12.0,1,50,Finished,perez,11,PER,http://en.wikipedia.org/wiki/Sergio_P%C3%A9rez,Sergio,Pérez,1990-01-26,Mexican,red_bull,https://en.wikipedia.org/wiki/Red_Bull_Racing,Red Bull,Austrian,5070093.0,0 days 00:00:10.800000,4.0,46.0,0 days 00:01:32.042000,kph,241.481,2022,2
63,5,5,10.0,6,50,Finished,russell,63,RUS,http://en.wikipedia.org/wiki/George_Russell_(racing_driver),George,Russell,1998-02-15,British,mercedes,https://en.wikipedia.org/wiki/Mercedes-Benz_in_Formula_One,Mercedes,German,5092025.0,0 days 00:00:32.732000,7.0,43.0,0 days 00:01:32.821000,kph,239.454,2022,2
31,6,6,8.0,5,50,Finished,ocon,31,OCO,http://en.wikipedia.org/wiki/Esteban_Ocon,Esteban,Ocon,1996-09-17,French,alpine,https://en.wikipedia.org/wiki/Alpine_F1_Team,Alpine F1 Team,French,5115310.0,0 days 00:00:56.017000,9.0,46.0,0 days 00:01:33.103000,kph,238.729,2022,2
4,7,7,6.0,11,50,Finished,norris,1,NOR,http://en.wikipedia.org/wiki/Lando_Norris,Lando,Norris,1999-11-13,British,mclaren,https://en.wikipedia.org/wiki/McLaren,McLaren,British,5115417.0,0 days 00:00:56.124000,5.0,46.0,0 days 00:01:32.753000,kph,239.629,2022,2
10,8,8,4.0,9,50,Finished,gasly,10,GAS,http://en.wikipedia.org/wiki/Pierre_Gasly,Pierre,Gasly,1996-02-07,French,alphatauri,https://en.wikipedia.org/wiki/Scuderia_AlphaTauri,AlphaTauri,Italian,5122239.0,0 days 00:01:02.946000,10.0,42.0,0 days 00:01:33.468000,kph,237.796,2022,2
20,9,9,2.0,10,50,Finished,kevin_magnussen,20,MAG,http://en.wikipedia.org/wiki/Kevin_Magnussen,Kevin,Magnussen,1992-10-05,Danish,haas,https://en.wikipedia.org/wiki/Haas_F1_Team,Haas F1 Team,American,5123601.0,0 days 00:01:04.308000,6.0,48.0,0 days 00:01:32.779000,kph,239.562,2022,2
44,10,10,1.0,15,50,Finished,hamilton,44,HAM,http://en.wikipedia.org/wiki/Lewis_Hamilton,Lewis,Hamilton,1985-01-07,British,mercedes,https://en.wikipedia.org/wiki/Mercedes-Benz_in_Formula_One,Mercedes,German,5133241.0,0 days 00:01:13.948000,8.0,47.0,0 days 00:01:32.997000,kph,239.001,2022,2
24,11,11,0.0,12,50,Finished,zhou,24,ZHO,http://en.wikipedia.org/wiki/Zhou_Guanyu,Guanyu,Zhou,1999-05-30,Chinese,alfa,https://en.wikipedia.org/wiki/Alfa_Romeo_in_Formula_One,Alfa Romeo,Swiss,5141508.0,0 days 00:01:22.215000,13.0,45.0,0 days 00:01:33.924000,kph,236.642,2022,2
27,12,12,0.0,17,50,Finished,hulkenberg,27,HUL,http://en.wikipedia.org/wiki/Nico_H%C3%BClkenberg,Nico,Hülkenberg,1987-08-19,German,aston_martin,https://en.wikipedia.org/wiki/Aston_Martin_in_Formula_One,Aston Martin,British,5151035.0,0 days 00:01:31.742000,11.0,47.0,0 days 00:01:33.651000,kph,237.332,2022,2
18,13,13,0.0,13,49,+1 Lap,stroll,18,STR,http://en.wikipedia.org/wiki/Lance_Stroll,Lance,Stroll,1998-10-29,Canadian,aston_martin,https://en.wikipedia.org/wiki/Aston_Martin_in_Formula_One,Aston Martin,British,,,16.0,46.0,0 days 00:01:34.446000,kph,235.334,2022,2
23,14,14,0.0,16,47,Collision damage,albon,23,ALB,http://en.wikipedia.org/wiki/Alexander_Albon,Alexander,Albon,1996-03-23,Thai,williams,https://en.wikipedia.org/wiki/Williams_Racing,Williams,British,,,15.0,46.0,0 days 00:01:34.368000,kph,235.528,2022,2
77,15,R,0.0,8,36,Cooling system,bottas,77,BOT,http://en.wikipedia.org/wiki/Valtteri_Bottas,Valtteri,Bottas,1989-08-28,Finnish,alfa,https://en.wikipedia.org/wiki/Alfa_Romeo_in_Formula_One,Alfa Romeo,Swiss,,,14.0,31.0,0 days 00:01:33.979000,kph,236.503,2022,2
14,16,R,0.0,7,35,Water pump,alonso,14,ALO,http://en.wikipedia.org/wiki/Fernando_Alonso,Fernando,Alonso,1981-07-29,Spanish,alpine,https://en.wikipedia.org/wiki/Alpine_F1_Team,Alpine F1 Team,French,,,12.0,33.0,0 days 00:01:33.831000,kph,236.876,2022,2
3,17,R,0.0,14,35,Gearbox,ricciardo,3,RIC,http://en.wikipedia.org/wiki/Daniel_Ricciardo,Daniel,Ricciardo,1989-07-01,Australian,mclaren,https://en.wikipedia.org/wiki/McLaren,McLaren,British,,,17.0,34.0,0 days 00:01:34.487000,kph,235.232,2022,2
6,18,R,0.0,18,14,Accident,latifi,6,LAT,http://en.wikipedia.org/wiki/Nicholas_Latifi,Nicholas,Latifi,1995-06-29,Canadian,williams,https://en.wikipedia.org/wiki/Williams_Racing,Williams,British,,,18.0,9.0,0 days 00:01:37.530000,kph,227.892,2022,2
22,19,R,0.0,19,0,Power Unit,tsunoda,22,TSU,http://en.wikipedia.org/wiki/Yuki_Tsunoda,Yuki,Tsunoda,2000-05-11,Japanese,alphatauri,https://en.wikipedia.org/wiki/Scuderia_AlphaTauri,AlphaTauri,Italian,,,,,,,,2022,2
47,20,W,0.0,0,0,Withdrew,mick_schumacher,47,MSC,http://en.wikipedia.org/wiki/Mick_Schumacher,Mick,Schumacher,1999-03-22,German,haas,https://en.wikipedia.org/wiki/Haas_F1_Team,Haas F1 Team,American,,,,,,,,2022,2
16,1,1,26.0,1,58,Finished,leclerc,16,LEC,http://en.wikipedia.org/wiki/Charles_Leclerc,Charles,Leclerc,1997-10-16,Monegasque,ferrari,https://en.wikipedia.org/wiki/Scuderia_Ferrari,Ferrari,Italian,5266548.0,0 days 01:27:46.548000,1.0,58.0,0 days 00:01:20.260000,kph,236.74,2022,3
11,2,2,18.0,3,58,Finished,perez,11,PER,http://en.wikipedia.org/wiki/Sergio_P%C3%A9rez,Sergio,Pérez,1990-01-26,Mexican,red_bull,https://en.wikipedia.org/wiki/Red_Bull_Racing,Red Bull,Austrian,5287072.0,0 days 00:00:20.524000,3.0,58.0,0 days 00:01:21.094000,kph,234.305,2022,3
63,3,3,15.0,6,58,Finished,russell,63,RUS,http://en.wikipedia.org/wiki/George_Russell_(racing_driver),George,Russell,1998-02-15,British,mercedes,https://en.wikipedia.org/wiki/Mercedes-Benz_in_Formula_One,Mercedes,German,5292141.0,0 days 00:00:25.593000,4.0,53.0,0 days 00:01:21.495000,kph,233.152,2022,3
44,4,4,12.0,5,58,Finished,hamilton,44,HAM,http://en.wikipedia.org/wiki/Lewis_Hamilton,Lewis,Hamilton,1985-01-07,British,mercedes,https://en.wikipedia.org/wiki/Mercedes-Benz_in_Formula_One,Mercedes,German,5295091.0,0 days 00:00:28.543000,7.0,51.0,0 days 00:01:21.886000,kph,232.039,2022,3
4,5,5,10.0,4,58,Finished,norris,1,NOR,http://en.wikipedia.org/wiki/Lando_Norris,Lando,Norris,1999-11-13,British,mclaren,https://en.wikipedia.org/wiki/McLaren,McLaren,British,5319851.0,0 days 00:00:53.303000,8.0,55.0,0 days 00:01:22.248000,kph,231.018,2022,3
3,6,6,8.0,7,58,Finished,ricciardo,3,RIC,http://en.wikipedia.org/wiki/Daniel_Ricciardo,Daniel,Ricciardo,1989-07-01,Australian,mclaren,https://en.wikipedia.org/wiki/McLaren,McLaren,British,5320285.0,0 days 00:00:53.737000,9.0,54.0,0 days 00:01:22.451000,kph,230.449,2022,3
31,7,7,6.0,8,58,Finished,ocon,31,OCO,http://en.wikipedia.org/wiki/Esteban_Ocon,Esteban,Ocon,1996-09-17,French,alpine,https://en.wikipedia.org/wiki/Alpine_F1_Team,Alpine F1 Team,French,5328231.0,0 days 00:01:01.683000,10.0,58.0,0 days 00:01:22.469000,kph,230.399,2022,3
77,8,8,4.0,12,58,Finished,bottas,77,BOT,http://en.wikipedia.org/wiki/Valtteri_Bottas,Valtteri,Bottas,1989-08-28,Finnish,alfa,https://en.wikipedia.org/wiki/Alfa_Romeo_in_Formula_One,Alfa Romeo,Swiss,5334987.0,0 days 00:01:08.439000,5.0,54.0,0 days 00:01:21.651000,kph,232.707,2022,3
10,9,9,2.0,11,58,Finished,gasly,10,GAS,http://en.wikipedia.org/wiki/Pierre_Gasly,Pierre,Gasly,1996-02-07,French,alphatauri,https://en.wikipedia.org/wiki/Scuderia_AlphaTauri,AlphaTauri,Italian,5342769.0,0 days 00:01:16.221000,13.0,52.0,0 days 00:01:22.731000,kph,229.669,2022,3
23,10,10,1.0,20,58,Finished,albon,23,ALB,http://en.wikipedia.org/wiki/Alexander_Albon,Alexander,Albon,1996-03-23,Thai,williams,https://en.wikipedia.org/wiki/Williams_Racing,Williams,British,5345930.0,0 days 00:01:19.382000,12.0,54.0,0 days 00:01:22.589000,kph,230.064,2022,3
24,11,11,0.0,14,58,Finished,zhou,24,ZHO,http://en.wikipedia.org/wiki/Zhou_Guanyu,Guanyu,Zhou,1999-05-30,Chinese,alfa,https://en.wikipedia.org/wiki/Alfa_Romeo_in_Formula_One,Alfa Romeo,Swiss,5348243.0,0 days 00:01:21.695000,11.0,55.0,0 days 00:01:22.541000,kph,230.198,2022,3
18,12,12,0.0,19,58,Finished,stroll,18,STR,http://en.wikipedia.org/wiki/Lance_Stroll,Lance,Stroll,1998-10-29,Canadian,aston_martin,https://en.wikipedia.org/wiki/Aston_Martin_in_Formula_One,Aston Martin,British,5355146.0,0 days 00:01:28.598000,17.0,48.0,0 days 00:01:23.592000,kph,227.304,2022,3
47,13,13,0.0,15,57,+1 Lap,mick_schumacher,47,MSC,http://en.wikipedia.org/wiki/Mick_Schumacher,Mick,Schumacher,1999-03-22,German,haas,https://en.wikipedia.org/wiki/Haas_F1_Team,Haas F1 Team,American,,,14.0,55.0,0 days 00:01:23.006000,kph,228.908,2022,3
20,14,14,0.0,16,57,+1 Lap,kevin_magnussen,20,MAG,http://en.wikipedia.org/wiki/Kevin_Magnussen,Kevin,Magnussen,1992-10-05,Danish,haas,https://en.wikipedia.org/wiki/Haas_F1_Team,Haas F1 Team,American,,,15.0,44.0,0 days 00:01:23.071000,kph,228.729,2022,3
22,15,15,0.0,13,57,+1 Lap,tsunoda,22,TSU,http://en.wikipedia.org/wiki/Yuki_Tsunoda,Yuki,Tsunoda,2000-05-11,Japanese,alphatauri,https://en.wikipedia.org/wiki/Scuderia_AlphaTauri,AlphaTauri,Italian,,,16.0,56.0,0 days 00:01:23.342000,kph,227.985,2022,3
6,16,16,0.0,18,57,+1 Lap,latifi,6,LAT,http://en.wikipedia.org/wiki/Nicholas_Latifi,Nicholas,Latifi,1995-06-29,Canadian,williams,https://en.wikipedia.org/wiki/Williams_Racing,Williams,British,,,18.0,49.0,0 days 00:01:23.882000,kph,226.518,2022,3
14,17,17,0.0,10,57,+1 Lap,alonso,14,ALO,http://en.wikipedia.org/wiki/Fernando_Alonso,Fernando,Alonso,1981-07-29,Spanish,alpine,https://en.wikipedia.org/wiki/Alpine_F1_Team,Alpine F1 Team,French,,,2.0,57.0,0 days 00:01:20.846000,kph,235.024,2022,3
1,18,R,0.0,2,38,Fuel leak,max_verstappen,3,VER,http://en.wikipedia.org/wiki/Max_Verstappen,Max,Verstappen,1997-09-30,Dutch,red_bull,https://en.wikipedia.org/wiki/Red_Bull_Racing,Red Bull,Austrian,,,6.0,37.0,0 days 00:01:21.677000,kph,232.633,2022,3
5,19,R,0.0,17,22,Accident,vettel,5,VET,http://en.wikipedia.org/wiki/Sebastian_Vettel,Sebastian,Vettel,1987-07-03,German,aston_martin,https://en.wikipedia.org/wiki/Aston_Martin_in_Formula_One,Aston Martin,British,,,19.0,17.0,0 days 00:01:25.189000,kph,223.042,2022,3
55,20,R,0.0,9,1,Spun off,sainz,55,SAI,http://en.wikipedia.org/wiki/Carlos_Sainz_Jr.,Carlos,Sainz,1994-09-01,Spanish,ferrari,https://en.wikipedia.org/wiki/Scuderia_Ferrari,Ferrari,Italian,,,,,,,,2022,3
1,1,1,26.0,1,63,Finished,max_verstappen,3,VER,http://en.wikipedia.org/wiki/Max_Verstappen,Max,Verstappen,1997-09-30,Dutch,red_bull,https://en.wikipedia.org/wiki/Red_Bull_Racing,Red Bull,Austrian,5527986.0,0 days 01:32:07.986000,1.0,55.0,0 days 00:01:18.446000,kph,225.281,2022,4
11,2,2,18.0,3,63,Finished,perez,11,PER,http://en.wikipedia.org/wiki/Sergio_P%C3%A9rez,Sergio,Pérez,1990-01-26,Mexican,red_bull,https://en.wikipedia.org/wiki/Red_Bull_Racing,Red Bull,Austrian,5544513.0,0 days 00:00:16.527000,3.0,52.0,0 days 00:01:18.949000,kph,223.845,2022,4
4,3,3,15.0,5,63,Finished,norris,1,NOR,http://en.wikipedia.org/wiki/Lando_Norris,Lando,Norris,1999-11-13,British,mclaren,https://en.wikipedia.org/wiki/McLaren,McLaren,British,5562820.0,0 days 00:00:34.834000,7.0,61.0,0 days 00:01:20.903000,kph,218.439,2022,4
63,4,4,12.0,11,63,Finished,russell,63,RUS,http://en.wikipedia.org/wiki/George_Russell_(racing_driver),George,Russell,1998-02-15,British,mercedes,https://en.wikipedia.org/wiki/Mercedes-Benz_in_Formula_One,Mercedes,German,5570492.0,0 days 00:00:42.506000,8.0,57.0,0 days 00:01:20.962000,kph,218.28,2022,4
77,5,5,10.0,7,63,Finished,bottas,77,BOT,http://en.wikipedia.org/wiki/Valtteri_Bottas,Valtteri,Bottas,1989-08-28,Finnish,alfa,https://en.wikipedia.org/wiki/Alfa_Romeo_in_Formula_One,Alfa Romeo,Swiss,5571167.0,0 days 00:00:43.181000,6.0,43.0,0 days 00:01:20.758000,kph,218.831,2022,4
16,6,6,8.0,2,63,Finished,leclerc,16,LEC,http://en.wikipedia.org/wiki/Charles_Leclerc,Charles,Leclerc,1997-10-16,Monegasque,ferrari,https://en.wikipedia.org/wiki/Scuderia_Ferrari,Ferrari,Italian,5584058.0,0 days 00:00:56.072000,2.0,63.0,0 days 00:01:18.574000,kph,224.914,2022,4
22,7,7,6.0,12,63,Finished,tsunoda,22,TSU,http://en.wikipedia.org/wiki/Yuki_Tsunoda,Yuki,Tsunoda,2000-05-11,Japanese,alphatauri,https://en.wikipedia.org/wiki/Scuderia_AlphaTauri,AlphaTauri,Italian,5589096.0,0 days 00:01:01.110000,5.0,61.0,0 days 00:01:20.544000,kph,219.412,2022,4
5,8,8,4.0,13,63,Finished,vettel,5,VET,http://en.wikipedia.org/wiki/Sebastian_Vettel,Sebastian,Vettel,1987-07-03,German,aston_martin,https://en.wikipedia.org/wiki/Aston_Martin_in_Formula_One,Aston Martin,British,5598878.0,0 days 00:01:10.892000,9.0,47.0,0 days 00:01:21.211000,kph,217.61,2022,4
20,9,9,2.0,8,63,Finished,kevin_magnussen,20,MAG,http://en.wikipedia.org/wiki/Kevin_Magnussen,Kevin,Magnussen,1992-10-05,Danish,haas,https://en.wikipedia.org/wiki/Haas_F1_Team,Haas F1 Team,American,5603246.0,0 days 00:01:15.260000,10.0,61.0,0 days 00:01:21.238000,kph,217.538,2022,4
18,10,10,1.0,15,62,+1 Lap,stroll,18,STR,http://en.wikipedia.org/wiki/Lance_Stroll,Lance,Stroll,1998-10-29,Canadian,aston_martin,https://en.wikipedia.org/wiki/Aston_Martin_in_Formula_One,Aston Martin,British,,,16.0,46.0,0 days 00:01:21.750000,kph,216.176,2022,4
23,11,11,0.0,18,62,+1 Lap,albon,23,ALB,http://en.wikipedia.org/wiki/Alexander_Albon,Alexander,Albon,1996-03-23,Thai,williams,https://en.wikipedia.org/wiki/Williams_Racing,Williams,British,,,17.0,61.0,0 days 00:01:21.757000,kph,216.157,2022,4
10,12,12,0.0,17,62,+1 Lap,gasly,10,GAS,http://en.wikipedia.org/wiki/Pierre_Gasly,Pierre,Gasly,1996-02-07,French,alphatauri,https://en.wikipedia.org/wiki/Scuderia_AlphaTauri,AlphaTauri,Italian,,,15.0,34.0,0 days 00:01:21.713000,kph,216.274,2022,4
44,13,13,0.0,14,62,+1 Lap,hamilton,44,HAM,http://en.wikipedia.org/wiki/Lewis_Hamilton,Lewis,Hamilton,1985-01-07,British,mercedes,https://en.wikipedia.org/wiki/Mercedes-Benz_in_Formula_One,Mercedes,German,,,13.0,50.0,0 days 00:01:21.419000,kph,217.054,2022,4
31,14,14,0.0,16,62,+1 Lap,ocon,31,OCO,http://en.wikipedia.org/wiki/Esteban_Ocon,Esteban,Ocon,1996-09-17,French,alpine,https://en.wikipedia.org/wiki/Alpine_F1_Team,Alpine F1 Team,French,,,18.0,37.0,0 days 00:01:21.887000,kph,215.814,2022,4
24,15,15,0.0,0,62,+1 Lap,zhou,24,ZHO,http://en.wikipedia.org/wiki/Zhou_Guanyu,Guanyu,Zhou,1999-05-30,Chinese,alfa,https://en.wikipedia.org/wiki/Alfa_Romeo_in_Formula_One,Alfa Romeo,Swiss,,,11.0,61.0,0 days 00:01:21.286000,kph,217.41,2022,4
6,16,16,0.0,19,62,+1 Lap,latifi,6,LAT,http://en.wikipedia.org/wiki/Nicholas_Latifi,Nicholas,Latifi,1995-06-29,Canadian,williams,https://en.wikipedia.org/wiki/Williams_Racing,Williams,British,,,12.0,62.0,0 days 00:01:21.338000,kph,217.271,2022,4
47,17,17,0.0,10,62,+1 Lap,mick_schumacher,47,MSC,http://en.wikipedia.org/wiki/Mick_Schumacher,Mick,Schumacher,1999-03-22,German,haas,https://en.wikipedia.org/wiki/Haas_F1_Team,Haas F1 Team,American,,,4.0,55.0,0 days 00:01:18.999000,kph,223.704,2022,4
3,18,18,0.0,6,62,+1 Lap,ricciardo,3,RIC,http://en.wikipedia.org/wiki/Daniel_Ricciardo,Daniel,Ricciardo,1989-07-01,Australian,mclaren,https://en.wikipedia.org/wiki/McLaren,McLaren,British,,,14.0,61.0,0 days 00:01:21.577000,kph,216.634,2022,4
14,19,R,0.0,9,6,Collision damage,alonso,14,ALO,http://en.wikipedia.org/wiki/Fernando_Alonso,Fernando,Alonso,1981-07-29,Spanish,alpine,https://en.wikipedia.org/wiki/Alpine_F1_Team,Alpine F1 Team,French,,,19.0,5.0,0 days 00:01:39.685000,kph,177.282,2022,4
55,20,R,0.0,4,0,Collision,sainz,55,SAI,http://en.wikipedia.org/wiki/Carlos_Sainz_Jr.,Carlos,Sainz,1994-09-01,Spanish,ferrari,https://en.wikipedia.org/wiki/Scuderia_Ferrari,Ferrari,Italian,,,,,,,,2022,4
1,1,1,26.0,3,57,Finished,max_verstappen,3,VER,http://en.wikipedia.org/wiki/Max_Verstappen,Max,Verstappen,1997-09-30,Dutch,red_bull,https://en.wikipedia.org/wiki/Red_Bull_Racing,Red Bull,Austrian,5664258.0,0 days 01:34:24.258000,1.0,54.0,0 days 00:01:31.361000,kph,213.255,2022,5
16,2,2,18.0,1,57,Finished,leclerc,16,LEC,http://en.wikipedia.org/wiki/Charles_Leclerc,Charles,Leclerc,1997-10-16,Monegasque,ferrari,https://en.wikipedia.org/wiki/Scuderia_Ferrari,Ferrari,Italian,5668044.0,0 days 00:00:03.786000,2.0,53.0,0 days 00:01:31.488000,kph,212.959,2022,5
55,3,3,15.0,2,57,Finished,sainz,55,SAI,http://en.wikipedia.org/wiki/Carlos_Sainz_Jr.,Carlos,Sainz,1994-09-01,Spanish,ferrari,https://en.wikipedia.org/wiki/Scuderia_Ferrari,Ferrari,Italian,5672487.0,0 days 00:00:08.229000,3.0,56.0,0 days 00:01:31.790000,kph,212.258,2022,5
11,4,4,12.0,4,57,Finished,perez,11,PER,http://en.wikipedia.org/wiki/Sergio_P%C3%A9rez,Sergio,Pérez,1990-01-26,Mexican,red_bull,https://en.wikipedia.org/wiki/Red_Bull_Racing,Red Bull,Austrian,5674896.0,0 days 00:00:10.638000,4.0,54.0,0 days 00:01:31.819000,kph,212.191,2022,5
63,5,5,10.0,12,57,Finished,russell,63,RUS,http://en.wikipedia.org/wiki/George_Russell_(racing_driver),George,Russell,1998-02-15,British,mercedes,https://en.wikipedia.org/wiki/Mercedes-Benz_in_Formula_One,Mercedes,German,5682840.0,0 days 00:00:18.582000,5.0,56.0,0 days 00:01:32.195000,kph,211.325,2022,5
44,6,6,8.0,6,57,Finished,hamilton,44,HAM,http://en.wikipedia.org/wiki/Lewis_Hamilton,Lewis,Hamilton,1985-01-07,British,mercedes,https://en.wikipedia.org/wiki/Mercedes-Benz_in_Formula_One,Mercedes,German,5685626.0,0 days 00:00:21.368000,7.0,55.0,0 days 00:01:32.941000,kph,209.629,2022,5
77,7,7,6.0,5,57,Finished,bottas,77,BOT,http://en.wikipedia.org/wiki/Valtteri_Bottas,Valtteri,Bottas,1989-08-28,Finnish,alfa,https://en.wikipedia.org/wiki/Alfa_Romeo_in_Formula_One,Alfa Romeo,Swiss,5689331.0,0 days 00:00:25.073000,10.0,56.0,0 days 00:01:33.184000,kph,209.083,2022,5
31,8,8,4.0,20,57,Finished,ocon,31,OCO,http://en.wikipedia.org/wiki/Esteban_Ocon,Esteban,Ocon,1996-09-17,French,alpine,https://en.wikipedia.org/wiki/Alpine_F1_Team,Alpine F1 Team,French,5692644.0,0 days 00:00:28.386000,9.0,56.0,0 days 00:01:33.163000,kph,209.13,2022,5
23,9,9,2.0,18,57,Finished,albon,23,ALB,http://en.wikipedia.org/wiki/Alexander_Albon,Alexander,Albon,1996-03-23,Thai,williams,https://en.wikipedia.org/wiki/Williams_Racing,Williams,British,5696623.0,0 days 00:00:32.365000,15.0,57.0,0 days 00:01:33.447000,kph,208.494,2022,5
18,10,10,1.0,0,57,Finished,stroll,18,STR,http://en.wikipedia.org/wiki/Lance_Stroll,Lance,Stroll,1998-10-29,Canadian,aston_martin,https://en.wikipedia.org/wiki/Aston_Martin_in_Formula_One,Aston Martin,British,5701284.0,0 days 00:00:37.026000,12.0,52.0,0 days 00:01:33.312000,kph,208.796,2022,5
14,11,11,0.0,11,57,Finished,alonso,14,ALO,http://en.wikipedia.org/wiki/Fernando_Alonso,Fernando,Alonso,1981-07-29,Spanish,alpine,https://en.wikipedia.org/wiki/Alpine_F1_Team,Alpine F1 Team,French,5701386.0,0 days 00:00:37.128000,13.0,53.0,0 days 00:01:33.331000,kph,208.753,2022,5
22,12,12,0.0,9,57,Finished,tsunoda,22,TSU,http://en.wikipedia.org/wiki/Yuki_Tsunoda,Yuki,Tsunoda,2000-05-11,Japanese,alphatauri,https://en.wikipedia.org/wiki/Scuderia_AlphaTauri,AlphaTauri,Italian,5704404.0,0 days 00:00:40.146000,8.0,55.0,0 days 00:01:33.035000,kph,209.417,2022,5
3,13,13,0.0,14,57,Finished,ricciardo,3,RIC,http://en.wikipedia.org/wiki/Daniel_Ricciardo,Daniel,Ricciardo,1989-07-01,Australian,mclaren,https://en.wikipedia.org/wiki/McLaren,McLaren,British,5705160.0,0 days 00:00:40.902000,11.0,56.0,0 days 00:01:33.265000,kph,208.901,2022,5
6,14,14,0.0,19,57,Finished,latifi,6,LAT,http://en.wikipedia.org/wiki/Nicholas_Latifi,Nicholas,Latifi,1995-06-29,Canadian,williams,https://en.wikipedia.org/wiki/Williams_Racing,Williams,British,5714194.0,0 days 00:00:49.936000,18.0,53.0,0 days 00:01:34.169000,kph,206.896,2022,5
47,15,15,0.0,15,57,Finished,mick_schumacher,47,MSC,http://en.wikipedia.org/wiki/Mick_Schumacher,Mick,Schumacher,1999-03-22,German,haas,https://en.wikipedia.org/wiki/Haas_F1_Team,Haas F1 Team,American,5737563.0,0 days 00:01:13.305000,6.0,57.0,0 days 00:01:32.528000,kph,210.565,2022,5
20,16,16,0.0,16,56,Front wing,kevin_magnussen,20,MAG,http://en.wikipedia.org/wiki/Kevin_Magnussen,Kevin,Magnussen,1992-10-05,Danish,haas,https://en.wikipedia.org/wiki/Haas_F1_Team,Haas F1 Team,American,,,17.0,52.0,0 days 00:01:33.511000,kph,208.351,2022,5
5,17,17,0.0,0,54,Collision,vettel,5,VET,http://en.wikipedia.org/wiki/Sebastian_Vettel,Sebastian,Vettel,1987-07-03,German,aston_martin,https://en.wikipedia.org/wiki/Aston_Martin_in_Formula_One,Aston Martin,British,,,16.0,50.0,0 days 00:01:33.479000,kph,208.423,2022,5
10,18,R,0.0,7,45,Suspension,gasly,10,GAS,http://en.wikipedia.org/wiki/Pierre_Gasly,Pierre,Gasly,1996-02-07,French,alphatauri,https://en.wikipedia.org/wiki/Scuderia_AlphaTauri,AlphaTauri,Italian,,,19.0,38.0,0 days 00:01:34.487000,kph,206.199,2022,5
4,19,R,0.0,8,39,Collision,norris,1,NOR,http://en.wikipedia.org/wiki/Lando_Norris,Lando,Norris,1999-11-13,British,mclaren,https://en.wikipedia.org/wiki/McLaren,McLaren,British,,,14.0,37.0,0 days 00:01:33.411000,kph,208.575,2022,5
24,20,R,0.0,17,6,Water leak,zhou,24,ZHO,http://en.wikipedia.org/wiki/Zhou_Guanyu,Guanyu,Zhou,1999-05-30,Chinese,alfa,https://en.wikipedia.org/wiki/Alfa_Romeo_in_Formula_One,Alfa Romeo,Swiss,,,20.0,4.0,0 days 00:01:35.731000,kph,203.52,2022,5
1,1,1,25.0,2,66,Finished,max_verstappen,3,VER,http://en.wikipedia.org/wiki/Max_Verstappen,Max,Verstappen,1997-09-30,Dutch,red_bull,https://en.wikipedia.org/wiki/Red_Bull_Racing,Red Bull,Austrian,5840475.0,0 days 01:37:20.475000,4.0,46.0,0 days 00:01:25.456000,kph,196.943,2022,6
11,2,2,19.0,5,66,Finished,perez,11,PER,http://en.wikipedia.org/wiki/Sergio_P%C3%A9rez,Sergio,Pérez,1990-01-26,Mexican,red_bull,https://en.wikipedia.org/wiki/Red_Bull_Racing,Red Bull,Austrian,5853547.0,0 days 00:00:13.072000,1.0,55.0,0 days 00:01:24.108000,kph,200.099,2022,6
63,3,3,15.0,4,66,Finished,russell,63,RUS,http://en.wikipedia.org/wiki/George_Russell_(racing_driver),George,Russell,1998-02-15,British,mercedes,https://en.wikipedia.org/wiki/Mercedes-Benz_in_Formula_One,Mercedes,German,5873402.0,0 days 00:00:32.927000,3.0,53.0,0 days 00:01:24.636000,kph,198.851,2022,6
55,4,4,12.0,3,66,Finished,sainz,55,SAI,http://en.wikipedia.org/wiki/Carlos_Sainz_Jr.,Carlos,Sainz,1994-09-01,Spanish,ferrari,https://en.wikipedia.org/wiki/Scuderia_Ferrari,Ferrari,Italian,5885683.0,0 days 00:00:45.208000,7.0,49.0,0 days 00:01:25.985000,kph,195.731,2022,6
44,5,5,10.0,6,66,Finished,hamilton,44,HAM,http://en.wikipedia.org/wiki/Lewis_Hamilton,Lewis,Hamilton,1985-01-07,British,mercedes,https://en.wikipedia.org/wiki/Mercedes-Benz_in_Formula_One,Mercedes,German,5895009.0,0 days 00:00:54.534000,2.0,51.0,0 days 00:01:24.253000,kph,199.755,2022,6
77,6,6,8.0,7,66,Finished,bottas,77,BOT,http://en.wikipedia.org/wiki/Valtteri_Bottas,Valtteri,Bottas,1989-08-28,Finnish,alfa,https://en.wikipedia.org/wiki/Alfa_Romeo_in_Formula_One,Alfa Romeo,Swiss,5900451.0,0 days 00:00:59.976000,8.0,36.0,0 days 00:01:26.395000,kph,194.802,2022,6
31,7,7,6.0,12,66,Finished,ocon,31,OCO,http://en.wikipedia.org/wiki/Esteban_Ocon,Esteban,Ocon,1996-09-17,French,alpine,https://en.wikipedia.org/wiki/Alpine_F1_Team,Alpine F1 Team,French,5915872.0,0 days 00:01:15.397000,6.0,54.0,0 days 00:01:25.935000,kph,195.845,2022,6
4,8,8,4.0,11,66,Finished,norris,1,NOR,http://en.wikipedia.org/wiki/Lando_Norris,Lando,Norris,1999-11-13,British,mclaren,https://en.wikipedia.org/wiki/McLaren,McLaren,British,5923710.0,0 days 00:01:23.235000,5.0,53.0,0 days 00:01:25.619000,kph,196.568,2022,6
14,9,9,2.0,20,65,+1 Lap,alonso,14,ALO,http://en.wikipedia.org/wiki/Fernando_Alonso,Fernando,Alonso,1981-07-29,Spanish,alpine,https://en.wikipedia.org/wiki/Alpine_F1_Team,Alpine F1 Team,French,,,9.0,56.0,0 days 00:01:26.599000,kph,194.344,2022,6
22,10,10,1.0,13,65,+1 Lap,tsunoda,22,TSU,http://en.wikipedia.org/wiki/Yuki_Tsunoda,Yuki,Tsunoda,2000-05-11,Japanese,alphatauri,https://en.wikipedia.org/wiki/Scuderia_AlphaTauri,AlphaTauri,Italian,,,10.0,59.0,0 days 00:01:26.828000,kph,193.831,2022,6
5,11,11,0.0,16,65,+1 Lap,vettel,5,VET,http://en.wikipedia.org/wiki/Sebastian_Vettel,Sebastian,Vettel,1987-07-03,German,aston_martin,https://en.wikipedia.org/wiki/Aston_Martin_in_Formula_One,Aston Martin,British,,,18.0,59.0,0 days 00:01:27.629000,kph,192.059,2022,6
3,12,12,0.0,9,65,+1 Lap,ricciardo,3,RIC,http://en.wikipedia.org/wiki/Daniel_Ricciardo,Daniel,Ricciardo,1989-07-01,Australian,mclaren,https://en.wikipedia.org/wiki/McLaren,McLaren,British,,,15.0,54.0,0 days 00:01:27.285000,kph,192.816,2022,6
10,13,13,0.0,14,65,+1 Lap,gasly,10,GAS,http://en.wikipedia.org/wiki/Pierre_Gasly,Pierre,Gasly,1996-02-07,French,alphatauri,https://en.wikipedia.org/wiki/Scuderia_AlphaTauri,AlphaTauri,Italian,,,12.0,51.0,0 days 00:01:26.987000,kph,193.477,2022,6
47,14,14,0.0,10,65,+1 Lap,mick_schumacher,47,MSC,http://en.wikipedia.org/wiki/Mick_Schumacher,Mick,Schumacher,1999-03-22,German,haas,https://en.wikipedia.org/wiki/Haas_F1_Team,Haas F1 Team,American,,,16.0,32.0,0 days 00:01:27.447000,kph,192.459,2022,6
18,15,15,0.0,17,65,+1 Lap,stroll,18,STR,http://en.wikipedia.org/wiki/Lance_Stroll,Lance,Stroll,1998-10-29,Canadian,aston_martin,https://en.wikipedia.org/wiki/Aston_Martin_in_Formula_One,Aston Martin,British,,,11.0,54.0,0 days 00:01:26.876000,kph,193.724,2022,6
6,16,16,0.0,19,64,+2 Laps,latifi,6,LAT,http://en.wikipedia.org/wiki/Nicholas_Latifi,Nicholas,Latifi,1995-06-29,Canadian,williams,https://en.wikipedia.org/wiki/Williams_Racing,Williams,British,,,14.0,52.0,0 days 00:01:27.246000,kph,192.902,2022,6
20,17,17,0.0,8,64,+2 Laps,kevin_magnussen,20,MAG,http://en.wikipedia.org/wiki/Kevin_Magnussen,Kevin,Magnussen,1992-10-05,Danish,haas,https://en.wikipedia.org/wiki/Haas_F1_Team,Haas F1 Team,American,,,17.0,3.0,0 days 00:01:27.537000,kph,192.261,2022,6
23,18,18,0.0,18,64,+2 Laps,albon,23,ALB,http://en.wikipedia.org/wiki/Alexander_Albon,Alexander,Albon,1996-03-23,Thai,williams,https://en.wikipedia.org/wiki/Williams_Racing,Williams,British,,,19.0,56.0,0 days 00:01:28.281000,kph,190.641,2022,6
24,19,R,0.0,15,28,Power loss,zhou,24,ZHO,http://en.wikipedia.org/wiki/Zhou_Guanyu,Guanyu,Zhou,1999-05-30,Chinese,alfa,https://en.wikipedia.org/wiki/Alfa_Romeo_in_Formula_One,Alfa Romeo,Swiss,,,20.0,12.0,0 days 00:01:28.415000,kph,190.352,2022,6
16,20,R,0.0,1,27,Turbo,leclerc,16,LEC,http://en.wikipedia.org/wiki/Charles_Leclerc,Charles,Leclerc,1997-10-16,Monegasque,ferrari,https://en.wikipedia.org/wiki/Scuderia_Ferrari,Ferrari,Italian,,,13.0,25.0,0 days 00:01:27.030000,kph,193.381,2022,6
11,1,1,25.0,3,64,Finished,perez,11,PER,http://en.wikipedia.org/wiki/Sergio_P%C3%A9rez,Sergio,Pérez,1990-01-26,Mexican,red_bull,https://en.wikipedia.org/wiki/Red_Bull_Racing,Red Bull,Austrian,6990265.0,0 days 01:56:30.265000,4.0,46.0,0 days 00:01:16.028000,kph,158.01,2022,7
55,2,2,18.0,2,64,Finished,sainz,55,SAI,http://en.wikipedia.org/wiki/Carlos_Sainz_Jr.,Carlos,Sainz,1994-09-01,Spanish,ferrari,https://en.wikipedia.org/wiki/Scuderia_Ferrari,Ferrari,Italian,6991419.0,0 days 00:00:01.154000,7.0,47.0,0 days 00:01:16.421000,kph,157.197,2022,7
1,3,3,15.0,4,64,Finished,max_verstappen,3,VER,http://en.wikipedia.org/wiki/Max_Verstappen,Max,Verstappen,1997-09-30,Dutch,red_bull,https://en.wikipedia.org/wiki/Red_Bull_Racing,Red Bull,Austrian,6991756.0,0 days 00:00:01.491000,5.0,47.0,0 days 00:01:16.052000,kph,157.96,2022,7
16,4,4,12.0,1,64,Finished,leclerc,16,LEC,http://en.wikipedia.org/wiki/Charles_Leclerc,Charles,Leclerc,1997-10-16,Monegasque,ferrari,https://en.wikipedia.org/wiki/Scuderia_Ferrari,Ferrari,Italian,6993187.0,0 days 00:00:02.922000,6.0,46.0,0 days 00:01:16.249000,kph,157.552,2022,7
63,5,5,10.0,6,64,Finished,russell,63,RUS,http://en.wikipedia.org/wiki/George_Russell_(racing_driver),George,Russell,1998-02-15,British,mercedes,https://en.wikipedia.org/wiki/Mercedes-Benz_in_Formula_One,Mercedes,German,7002233.0,0 days 00:00:11.968000,8.0,42.0,0 days 00:01:16.830000,kph,156.36,2022,7
4,6,6,9.0,5,64,Finished,norris,1,NOR,http://en.wikipedia.org/wiki/Lando_Norris,Lando,Norris,1999-11-13,British,mclaren,https://en.wikipedia.org/wiki/McLaren,McLaren,British,7002496.0,0 days 00:00:12.231000,1.0,55.0,0 days 00:01:14.693000,kph,160.834,2022,7
14,7,7,6.0,7,64,Finished,alonso,14,ALO,http://en.wikipedia.org/wiki/Fernando_Alonso,Fernando,Alonso,1981-07-29,Spanish,alpine,https://en.wikipedia.org/wiki/Alpine_F1_Team,Alpine F1 Team,French,7036623.0,0 days 00:00:46.358000,3.0,50.0,0 days 00:01:15.882000,kph,158.314,2022,7
44,8,8,4.0,8,64,Finished,hamilton,44,HAM,http://en.wikipedia.org/wiki/Lewis_Hamilton,Lewis,Hamilton,1985-01-07,British,mercedes,https://en.wikipedia.org/wiki/Mercedes-Benz_in_Formula_One,Mercedes,German,7040653.0,0 days 00:00:50.388000,9.0,51.0,0 days 00:01:17.203000,kph,155.605,2022,7
77,9,9,2.0,12,64,Finished,bottas,77,BOT,http://en.wikipedia.org/wiki/Valtteri_Bottas,Valtteri,Bottas,1989-08-28,Finnish,alfa,https://en.wikipedia.org/wiki/Alfa_Romeo_in_Formula_One,Alfa Romeo,Swiss,7042790.0,0 days 00:00:52.525000,14.0,57.0,0 days 00:01:17.600000,kph,154.809,2022,7
5,10,10,1.0,9,64,Finished,vettel,5,VET,http://en.wikipedia.org/wiki/Sebastian_Vettel,Sebastian,Vettel,1987-07-03,German,aston_martin,https://en.wikipedia.org/wiki/Aston_Martin_in_Formula_One,Aston Martin,British,7043801.0,0 days 00:00:53.536000,12.0,54.0,0 days 00:01:17.558000,kph,154.893,2022,7
10,11,11,0.0,17,64,Finished,gasly,10,GAS,http://en.wikipedia.org/wiki/Pierre_Gasly,Pierre,Gasly,1996-02-07,French,alphatauri,https://en.wikipedia.org/wiki/Scuderia_AlphaTauri,AlphaTauri,Italian,7044554.0,0 days 00:00:54.289000,10.0,61.0,0 days 00:01:17.344000,kph,155.321,2022,7
31,12,12,0.0,10,64,Finished,ocon,31,OCO,http://en.wikipedia.org/wiki/Esteban_Ocon,Esteban,Ocon,1996-09-17,French,alpine,https://en.wikipedia.org/wiki/Alpine_F1_Team,Alpine F1 Team,French,7045909.0,0 days 00:00:55.644000,13.0,50.0,0 days 00:01:17.571000,kph,154.867,2022,7
3,13,13,0.0,14,64,Finished,ricciardo,3,RIC,http://en.wikipedia.org/wiki/Daniel_Ricciardo,Daniel,Ricciardo,1989-07-01,Australian,mclaren,https://en.wikipedia.org/wiki/McLaren,McLaren,British,7047900.0,0 days 00:00:57.635000,11.0,59.0,0 days 00:01:17.532000,kph,154.945,2022,7
18,14,14,0.0,18,64,Finished,stroll,18,STR,http://en.wikipedia.org/wiki/Lance_Stroll,Lance,Stroll,1998-10-29,Canadian,aston_martin,https://en.wikipedia.org/wiki/Aston_Martin_in_Formula_One,Aston Martin,British,7051067.0,0 days 00:01:00.802000,15.0,56.0,0 days 00:01:17.672000,kph,154.665,2022,7
6,15,15,0.0,19,63,+1 Lap,latifi,6,LAT,http://en.wikipedia.org/wiki/Nicholas_Latifi,Nicholas,Latifi,1995-06-29,Canadian,williams,https://en.wikipedia.org/wiki/Williams_Racing,Williams,British,,,18.0,43.0,0 days 00:01:18.579000,kph,152.88,2022,7
24,16,16,0.0,20,63,+1 Lap,zhou,24,ZHO,http://en.wikipedia.org/wiki/Zhou_Guanyu,Guanyu,Zhou,1999-05-30,Chinese,alfa,https://en.wikipedia.org/wiki/Alfa_Romeo_in_Formula_One,Alfa Romeo,Swiss,,,17.0,52.0,0 days 00:01:18.200000,kph,153.621,2022,7
22,17,17,0.0,11,63,+1 Lap,tsunoda,22,TSU,http://en.wikipedia.org/wiki/Yuki_Tsunoda,Yuki,Tsunoda,2000-05-11,Japanese,alphatauri,https://en.wikipedia.org/wiki/Scuderia_AlphaTauri,AlphaTauri,Italian,,,2.0,61.0,0 days 00:01:15.334000,kph,159.465,2022,7
23,18,R,0.0,16,48,Mechanical,albon,23,ALB,http://en.wikipedia.org/wiki/Alexander_Albon,Alexander,Albon,1996-03-23,Thai,williams,https://en.wikipedia.org/wiki/Williams_Racing,Williams,British,,,16.0,40.0,0 days 00:01:18.023000,kph,153.969,2022,7
47,19,R,0.0,15,24,Accident,mick_schumacher,47,MSC,http://en.wikipedia.org/wiki/Mick_Schumacher,Mick,Schumacher,1999-03-22,German,haas,https://en.wikipedia.org/wiki/Haas_F1_Team,Haas F1 Team,American,,,19.0,24.0,0 days 00:01:24.778000,kph,141.701,2022,7
20,20,R,0.0,13,19,Water pressure,kevin_magnussen,20,MAG,http://en.wikipedia.org/wiki/Kevin_Magnussen,Kevin,Magnussen,1992-10-05,Danish,haas,https://en.wikipedia.org/wiki/Haas_F1_Team,Haas F1 Team,American,,,20.0,18.0,0 days 00:01:33.754000,kph,128.135,2022,7
1,1,1,25.0,3,51,Finished,max_verstappen,3,VER,http://en.wikipedia.org/wiki/Max_Verstappen,Max,Verstappen,1997-09-30,Dutch,red_bull,https://en.wikipedia.org/wiki/Red_Bull_Racing,Red Bull,Austrian,5645941.0,0 days 01:34:05.941000,2.0,50.0,0 days 00:01:46.050000,kph,203.779,2022,8
11,2,2,19.0,2,51,Finished,perez,11,PER,http://en.wikipedia.org/wiki/Sergio_P%C3%A9rez,Sergio,Pérez,1990-01-26,Mexican,red_bull,https://en.wikipedia.org/wiki/Red_Bull_Racing,Red Bull,Austrian,5666764.0,0 days 00:00:20.823000,1.0,36.0,0 days 00:01:46.046000,kph,203.787,2022,8
63,3,3,15.0,5,51,Finished,russell,63,RUS,http://en.wikipedia.org/wiki/George_Russell_(racing_driver),George,Russell,1998-02-15,British,mercedes,https://en.wikipedia.org/wiki/Mercedes-Benz_in_Formula_One,Mercedes,German,5691936.0,0 days 00:00:45.995000,4.0,42.0,0 days 00:01:47.177000,kph,201.636,2022,8
44,4,4,12.0,7,51,Finished,hamilton,44,HAM,http://en.wikipedia.org/wiki/Lewis_Hamilton,Lewis,Hamilton,1985-01-07,British,mercedes,https://en.wikipedia.org/wiki/Mercedes-Benz_in_Formula_One,Mercedes,German,5717620.0,0 days 00:01:11.679000,3.0,39.0,0 days 00:01:47.044000,kph,201.887,2022,8
10,5,5,10.0,6,51,Finished,gasly,10,GAS,http://en.wikipedia.org/wiki/Pierre_Gasly,Pierre,Gasly,1996-02-07,French,alphatauri,https://en.wikipedia.org/wiki/Scuderia_AlphaTauri,AlphaTauri,Italian,5723240.0,0 days 00:01:17.299000,16.0,39.0,0 days 00:01:48.519000,kph,199.143,2022,8
5,6,6,8.0,9,51,Finished,vettel,5,VET,http://en.wikipedia.org/wiki/Sebastian_Vettel,Sebastian,Vettel,1987-07-03,German,aston_martin,https://en.wikipedia.org/wiki/Aston_Martin_in_Formula_One,Aston Martin,British,5730040.0,0 days 00:01:24.099000,12.0,41.0,0 days 00:01:48.206000,kph,199.719,2022,8
14,7,7,6.0,10,51,Finished,alonso,14,ALO,http://en.wikipedia.org/wiki/Fernando_Alonso,Fernando,Alonso,1981-07-29,Spanish,alpine,https://en.wikipedia.org/wiki/Alpine_F1_Team,Alpine F1 Team,French,5734537.0,0 days 00:01:28.596000,8.0,49.0,0 days 00:01:47.989000,kph,200.12,2022,8
3,8,8,4.0,12,51,Finished,ricciardo,3,RIC,http://en.wikipedia.org/wiki/Daniel_Ricciardo,Daniel,Ricciardo,1989-07-01,Australian,mclaren,https://en.wikipedia.org/wiki/McLaren,McLaren,British,5738148.0,0 days 00:01:32.207000,13.0,44.0,0 days 00:01:48.276000,kph,199.589,2022,8
4,9,9,2.0,11,51,Finished,norris,1,NOR,http://en.wikipedia.org/wiki/Lando_Norris,Lando,Norris,1999-11-13,British,mclaren,https://en.wikipedia.org/wiki/McLaren,McLaren,British,5738497.0,0 days 00:01:32.556000,9.0,37.0,0 days 00:01:47.997000,kph,200.105,2022,8
31,10,10,1.0,13,51,Finished,ocon,31,OCO,http://en.wikipedia.org/wiki/Esteban_Ocon,Esteban,Ocon,1996-09-17,French,alpine,https://en.wikipedia.org/wiki/Alpine_F1_Team,Alpine F1 Team,French,5754125.0,0 days 00:01:48.184000,14.0,36.0,0 days 00:01:48.297000,kph,199.551,2022,8
77,11,11,0.0,15,50,+1 Lap,bottas,77,BOT,http://en.wikipedia.org/wiki/Valtteri_Bottas,Valtteri,Bottas,1989-08-28,Finnish,alfa,https://en.wikipedia.org/wiki/Alfa_Romeo_in_Formula_One,Alfa Romeo,Swiss,,,11.0,42.0,0 days 00:01:48.179000,kph,199.768,2022,8
23,12,12,0.0,17,50,+1 Lap,albon,23,ALB,http://en.wikipedia.org/wiki/Alexander_Albon,Alexander,Albon,1996-03-23,Thai,williams,https://en.wikipedia.org/wiki/Williams_Racing,Williams,British,,,7.0,48.0,0 days 00:01:47.966000,kph,200.163,2022,8
22,13,13,0.0,8,50,+1 Lap,tsunoda,22,TSU,http://en.wikipedia.org/wiki/Yuki_Tsunoda,Yuki,Tsunoda,2000-05-11,Japanese,alphatauri,https://en.wikipedia.org/wiki/Scuderia_AlphaTauri,AlphaTauri,Italian,,,5.0,42.0,0 days 00:01:47.523000,kph,200.987,2022,8
47,14,14,0.0,20,50,+1 Lap,mick_schumacher,47,MSC,http://en.wikipedia.org/wiki/Mick_Schumacher,Mick,Schumacher,1999-03-22,German,haas,https://en.wikipedia.org/wiki/Haas_F1_Team,Haas F1 Team,American,,,15.0,40.0,0 days 00:01:48.410000,kph,199.343,2022,8
6,15,15,0.0,18,50,+1 Lap,latifi,6,LAT,http://en.wikipedia.org/wiki/Nicholas_Latifi,Nicholas,Latifi,1995-06-29,Canadian,williams,https://en.wikipedia.org/wiki/Williams_Racing,Williams,British,,,20.0,37.0,0 days 00:01:49.583000,kph,197.209,2022,8
18,16,16,0.0,19,46,Vibrations,stroll,18,STR,http://en.wikipedia.org/wiki/Lance_Stroll,Lance,Stroll,1998-10-29,Canadian,aston_martin,https://en.wikipedia.org/wiki/Aston_Martin_in_Formula_One,Aston Martin,British,,,10.0,38.0,0 days 00:01:48.038000,kph,200.029,2022,8
20,17,R,0.0,16,31,Power Unit,kevin_magnussen,20,MAG,http://en.wikipedia.org/wiki/Kevin_Magnussen,Kevin,Magnussen,1992-10-05,Danish,haas,https://en.wikipedia.org/wiki/Haas_F1_Team,Haas F1 Team,American,,,18.0,12.0,0 days 00:01:48.789000,kph,198.648,2022,8
24,18,R,0.0,14,23,Hydraulics,zhou,24,ZHO,http://en.wikipedia.org/wiki/Zhou_Guanyu,Guanyu,Zhou,1999-05-30,Chinese,alfa,https://en.wikipedia.org/wiki/Alfa_Romeo_in_Formula_One,Alfa Romeo,Swiss,,,17.0,12.0,0 days 00:01:48.723000,kph,198.769,2022,8
16,19,R,0.0,1,21,Power Unit,leclerc,16,LEC,http://en.wikipedia.org/wiki/Charles_Leclerc,Charles,Leclerc,1997-10-16,Monegasque,ferrari,https://en.wikipedia.org/wiki/Scuderia_Ferrari,Ferrari,Italian,,,6.0,13.0,0 days 00:01:47.531000,kph,200.972,2022,8
55,20,R,0.0,4,8,Hydraulics,sainz,55,SAI,http://en.wikipedia.org/wiki/Carlos_Sainz_Jr.,Carlos,Sainz,1994-09-01,Spanish,ferrari,https://en.wikipedia.org/wiki/Scuderia_Ferrari,Ferrari,Italian,,,19.0,3.0,0 days 00:01:48.978000,kph,198.304,2022,8
1,1,1,25.0,1,70,Finished,max_verstappen,3,VER,http://en.wikipedia.org/wiki/Max_Verstappen,Max,Verstappen,1997-09-30,Dutch,red_bull,https://en.wikipedia.org/wiki/Red_Bull_Racing,Red Bull,Austrian,5781757.0,0 days 01:36:21.757000,2.0,64.0,0 days 00:01:15.839000,kph,207.012,2022,9
55,2,2,19.0,3,70,Finished,sainz,55,SAI,http://en.wikipedia.org/wiki/Carlos_Sainz_Jr.,Carlos,Sainz,1994-09-01,Spanish,ferrari,https://en.wikipedia.org/wiki/Scuderia_Ferrari,Ferrari,Italian,5782750.0,0 days 00:00:00.993000,1.0,63.0,0 days 00:01:15.749000,kph,207.258,2022,9
44,3,3,15.0,4,70,Finished,hamilton,44,HAM,http://en.wikipedia.org/wiki/Lewis_Hamilton,Lewis,Hamilton,1985-01-07,British,mercedes,https://en.wikipedia.org/wiki/Mercedes-Benz_in_Formula_One,Mercedes,German,5788763.0,0 days 00:00:07.006000,4.0,69.0,0 days 00:01:16.167000,kph,206.12,2022,9
63,4,4,12.0,8,70,Finished,russell,63,RUS,http://en.wikipedia.org/wiki/George_Russell_(racing_driver),George,Russell,1998-02-15,British,mercedes,https://en.wikipedia.org/wiki/Mercedes-Benz_in_Formula_One,Mercedes,German,5794070.0,0 days 00:00:12.313000,5.0,63.0,0 days 00:01:16.418000,kph,205.443,2022,9
16,5,5,10.0,19,70,Finished,leclerc,16,LEC,http://en.wikipedia.org/wiki/Charles_Leclerc,Charles,Leclerc,1997-10-16,Monegasque,ferrari,https://en.wikipedia.org/wiki/Scuderia_Ferrari,Ferrari,Italian,5796925.0,0 days 00:00:15.168000,3.0,62.0,0 days 00:01:15.901000,kph,206.843,2022,9
31,6,6,8.0,7,70,Finished,ocon,31,OCO,http://en.wikipedia.org/wiki/Esteban_Ocon,Esteban,Ocon,1996-09-17,French,alpine,https://en.wikipedia.org/wiki/Alpine_F1_Team,Alpine F1 Team,French,5805647.0,0 days 00:00:23.890000,9.0,62.0,0 days 00:01:17.110000,kph,203.6,2022,9
77,7,7,6.0,11,70,Finished,bottas,77,BOT,http://en.wikipedia.org/wiki/Valtteri_Bottas,Valtteri,Bottas,1989-08-28,Finnish,alfa,https://en.wikipedia.org/wiki/Alfa_Romeo_in_Formula_One,Alfa Romeo,Swiss,5807004.0,0 days 00:00:25.247000,8.0,64.0,0 days 00:01:17.010000,kph,203.864,2022,9
24,8,8,4.0,10,70,Finished,zhou,24,ZHO,http://en.wikipedia.org/wiki/Zhou_Guanyu,Guanyu,Zhou,1999-05-30,Chinese,alfa,https://en.wikipedia.org/wiki/Alfa_Romeo_in_Formula_One,Alfa Romeo,Swiss,5808709.0,0 days 00:00:26.952000,7.0,60.0,0 days 00:01:16.927000,kph,204.084,2022,9
14,9,9,2.0,2,70,Finished,alonso,14,ALO,http://en.wikipedia.org/wiki/Fernando_Alonso,Fernando,Alonso,1981-07-29,Spanish,alpine,https://en.wikipedia.org/wiki/Alpine_F1_Team,Alpine F1 Team,French,5811702.0,0 days 00:00:29.945000,6.0,63.0,0 days 00:01:16.578000,kph,205.014,2022,9
18,10,10,1.0,17,70,Finished,stroll,18,STR,http://en.wikipedia.org/wiki/Lance_Stroll,Lance,Stroll,1998-10-29,Canadian,aston_martin,https://en.wikipedia.org/wiki/Aston_Martin_in_Formula_One,Aston Martin,British,5819979.0,0 days 00:00:38.222000,10.0,64.0,0 days 00:01:17.421000,kph,202.782,2022,9
3,11,11,0.0,9,70,Finished,ricciardo,3,RIC,http://en.wikipedia.org/wiki/Daniel_Ricciardo,Daniel,Ricciardo,1989-07-01,Australian,mclaren,https://en.wikipedia.org/wiki/McLaren,McLaren,British,5824804.0,0 days 00:00:43.047000,13.0,59.0,0 days 00:01:17.932000,kph,201.452,2022,9
5,12,12,0.0,16,70,Finished,vettel,5,VET,http://en.wikipedia.org/wiki/Sebastian_Vettel,Sebastian,Vettel,1987-07-03,German,aston_martin,https://en.wikipedia.org/wiki/Aston_Martin_in_Formula_One,Aston Martin,British,5826002.0,0 days 00:00:44.245000,15.0,63.0,0 days 00:01:17.956000,kph,201.39,2022,9
23,13,13,0.0,12,70,Finished,albon,23,ALB,http://en.wikipedia.org/wiki/Alexander_Albon,Alexander,Albon,1996-03-23,Thai,williams,https://en.wikipedia.org/wiki/Williams_Racing,Williams,British,5826650.0,0 days 00:00:44.893000,14.0,59.0,0 days 00:01:17.951000,kph,201.403,2022,9
10,14,14,0.0,15,70,Finished,gasly,10,GAS,http://en.wikipedia.org/wiki/Pierre_Gasly,Pierre,Gasly,1996-02-07,French,alphatauri,https://en.wikipedia.org/wiki/Scuderia_AlphaTauri,AlphaTauri,Italian,5826940.0,0 days 00:00:45.183000,12.0,60.0,0 days 00:01:17.810000,kph,201.768,2022,9
4,15,15,0.0,14,70,Finished,norris,1,NOR,http://en.wikipedia.org/wiki/Lando_Norris,Lando,Norris,1999-11-13,British,mclaren,https://en.wikipedia.org/wiki/McLaren,McLaren,British,5833902.0,0 days 00:00:52.145000,11.0,63.0,0 days 00:01:17.495000,kph,202.588,2022,9
6,16,16,0.0,18,70,Finished,latifi,6,LAT,http://en.wikipedia.org/wiki/Nicholas_Latifi,Nicholas,Latifi,1995-06-29,Canadian,williams,https://en.wikipedia.org/wiki/Williams_Racing,Williams,British,5841735.0,0 days 00:00:59.978000,18.0,61.0,0 days 00:01:18.540000,kph,199.893,2022,9
20,17,17,0.0,5,70,Finished,kevin_magnussen,20,MAG,http://en.wikipedia.org/wiki/Kevin_Magnussen,Kevin,Magnussen,1992-10-05,Danish,haas,https://en.wikipedia.org/wiki/Haas_F1_Team,Haas F1 Team,American,5849937.0,0 days 00:01:08.180000,16.0,11.0,0 days 00:01:18.046000,kph,201.158,2022,9
22,18,R,0.0,20,47,Accident,tsunoda,22,TSU,http://en.wikipedia.org/wiki/Yuki_Tsunoda,Yuki,Tsunoda,2000-05-11,Japanese,alphatauri,https://en.wikipedia.org/wiki/Scuderia_AlphaTauri,AlphaTauri,Italian,,,17.0,15.0,0 days 00:01:18.309000,kph,200.482,2022,9
47,19,R,0.0,6,18,Engine,mick_schumacher,47,MSC,http://en.wikipedia.org/wiki/Mick_Schumacher,Mick,Schumacher,1999-03-22,German,haas,https://en.wikipedia.org/wiki/Haas_F1_Team,Haas F1 Team,American,,,20.0,13.0,0 days 00:01:18.967000,kph,198.812,2022,9
11,20,R,0.0,13,7,Gearbox,perez,11,PER,http://en.wikipedia.org/wiki/Sergio_P%C3%A9rez,Sergio,Pérez,1990-01-26,Mexican,red_bull,https://en.wikipedia.org/wiki/Red_Bull_Racing,Red Bull,Austrian,,,19.0,7.0,0 days 00:01:18.844000,kph,199.122,2022,9
55,1,1,25.0,1,52,Finished,sainz,55,SAI,http://en.wikipedia.org/wiki/Carlos_Sainz_Jr.,Carlos,Sainz,1994-09-01,Spanish,ferrari,https://en.wikipedia.org/wiki/Scuderia_Ferrari,Ferrari,Italian,8270311.0,0 days 02:17:50.311000,2.0,44.0,0 days 00:01:30.813000,kph,233.53,2022,10
11,2,2,18.0,4,52,Finished,perez,11,PER,http://en.wikipedia.org/wiki/Sergio_P%C3%A9rez,Sergio,Pérez,1990-01-26,Mexican,red_bull,https://en.wikipedia.org/wiki/Red_Bull_Racing,Red Bull,Austrian,8274090.0,0 days 00:00:03.779000,3.0,47.0,0 days 00:01:30.937000,kph,233.212,2022,10
44,3,3,16.0,5,52,Finished,hamilton,44,HAM,http://en.wikipedia.org/wiki/Lewis_Hamilton,Lewis,Hamilton,1985-01-07,British,mercedes,https://en.wikipedia.org/wiki/Mercedes-Benz_in_Formula_One,Mercedes,German,8276536.0,0 days 00:00:06.225000,1.0,52.0,0 days 00:01:30.510000,kph,234.312,2022,10
16,4,4,12.0,3,52,Finished,leclerc,16,LEC,http://en.wikipedia.org/wiki/Charles_Leclerc,Charles,Leclerc,1997-10-16,Monegasque,ferrari,https://en.wikipedia.org/wiki/Scuderia_Ferrari,Ferrari,Italian,8278857.0,0 days 00:00:08.546000,4.0,52.0,0 days 00:01:31.282000,kph,232.33,2022,10
14,5,5,10.0,7,52,Finished,alonso,14,ALO,http://en.wikipedia.org/wiki/Fernando_Alonso,Fernando,Alonso,1981-07-29,Spanish,alpine,https://en.wikipedia.org/wiki/Alpine_F1_Team,Alpine F1 Team,French,8279882.0,0 days 00:00:09.571000,5.0,47.0,0 days 00:01:31.609000,kph,231.501,2022,10
4,6,6,8.0,6,52,Finished,norris,1,NOR,http://en.wikipedia.org/wiki/Lando_Norris,Lando,Norris,1999-11-13,British,mclaren,https://en.wikipedia.org/wiki/McLaren,McLaren,British,8282254.0,0 days 00:00:11.943000,6.0,47.0,0 days 00:01:31.645000,kph,231.41,2022,10
1,7,7,6.0,2,52,Finished,max_verstappen,3,VER,http://en.wikipedia.org/wiki/Max_Verstappen,Max,Verstappen,1997-09-30,Dutch,red_bull,https://en.wikipedia.org/wiki/Red_Bull_Racing,Red Bull,Austrian,8289088.0,0 days 00:00:18.777000,8.0,44.0,0 days 00:01:32.354000,kph,229.633,2022,10
47,8,8,4.0,19,52,Finished,mick_schumacher,47,MSC,http://en.wikipedia.org/wiki/Mick_Schumacher,Mick,Schumacher,1999-03-22,German,haas,https://en.wikipedia.org/wiki/Haas_F1_Team,Haas F1 Team,American,8289306.0,0 days 00:00:18.995000,7.0,48.0,0 days 00:01:32.109000,kph,230.244,2022,10
5,9,9,2.0,18,52,Finished,vettel,5,VET,http://en.wikipedia.org/wiki/Sebastian_Vettel,Sebastian,Vettel,1987-07-03,German,aston_martin,https://en.wikipedia.org/wiki/Aston_Martin_in_Formula_One,Aston Martin,British,8292666.0,0 days 00:00:22.356000,10.0,52.0,0 days 00:01:32.471000,kph,229.343,2022,10
20,10,10,1.0,17,52,Finished,kevin_magnussen,20,MAG,http://en.wikipedia.org/wiki/Kevin_Magnussen,Kevin,Magnussen,1992-10-05,Danish,haas,https://en.wikipedia.org/wiki/Haas_F1_Team,Haas F1 Team,American,8294901.0,0 days 00:00:24.590000,12.0,52.0,0 days 00:01:32.661000,kph,228.872,2022,10
18,11,11,0.0,20,52,Finished,stroll,18,STR,http://en.wikipedia.org/wiki/Lance_Stroll,Lance,Stroll,1998-10-29,Canadian,aston_martin,https://en.wikipedia.org/wiki/Aston_Martin_in_Formula_One,Aston Martin,British,8296458.0,0 days 00:00:26.147000,9.0,52.0,0 days 00:01:32.379000,kph,229.571,2022,10
6,12,12,0.0,10,52,Finished,latifi,6,LAT,http://en.wikipedia.org/wiki/Nicholas_Latifi,Nicholas,Latifi,1995-06-29,Canadian,williams,https://en.wikipedia.org/wiki/Williams_Racing,Williams,British,8302822.0,0 days 00:00:32.511000,13.0,48.0,0 days 00:01:33.286000,kph,227.339,2022,10
3,13,13,0.0,14,52,Finished,ricciardo,3,RIC,http://en.wikipedia.org/wiki/Daniel_Ricciardo,Daniel,Ricciardo,1989-07-01,Australian,mclaren,https://en.wikipedia.org/wiki/McLaren,McLaren,British,8303128.0,0 days 00:00:32.817000,11.0,34.0,0 days 00:01:32.644000,kph,228.914,2022,10
22,14,14,0.0,13,52,Finished,tsunoda,22,TSU,http://en.wikipedia.org/wiki/Yuki_Tsunoda,Yuki,Tsunoda,2000-05-11,Japanese,alphatauri,https://en.wikipedia.org/wiki/Scuderia_AlphaTauri,AlphaTauri,Italian,8311221.0,0 days 00:00:40.910000,15.0,51.0,0 days 00:01:33.832000,kph,226.016,2022,10
31,15,R,0.0,15,37,Fuel pump,ocon,31,OCO,http://en.wikipedia.org/wiki/Esteban_Ocon,Esteban,Ocon,1996-09-17,French,alpine,https://en.wikipedia.org/wiki/Alpine_F1_Team,Alpine F1 Team,French,,,14.0,37.0,0 days 00:01:33.537000,kph,226.729,2022,10
10,16,R,0.0,11,26,Collision damage,gasly,10,GAS,http://en.wikipedia.org/wiki/Pierre_Gasly,Pierre,Gasly,1996-02-07,French,alphatauri,https://en.wikipedia.org/wiki/Scuderia_AlphaTauri,AlphaTauri,Italian,,,16.0,18.0,0 days 00:01:34.614000,kph,224.148,2022,10
77,17,R,0.0,12,20,Gearbox,bottas,77,BOT,http://en.wikipedia.org/wiki/Valtteri_Bottas,Valtteri,Bottas,1989-08-28,Finnish,alfa,https://en.wikipedia.org/wiki/Alfa_Romeo_in_Formula_One,Alfa Romeo,Swiss,,,17.0,19.0,0 days 00:01:35.103000,kph,222.996,2022,10
63,18,R,0.0,8,0,Collision,russell,63,RUS,http://en.wikipedia.org/wiki/George_Russell_(racing_driver),George,Russell,1998-02-15,British,mercedes,https://en.wikipedia.org/wiki/Mercedes-Benz_in_Formula_One,Mercedes,German,,,,,,,,2022,10
24,19,R,0.0,9,0,Collision,zhou,24,ZHO,http://en.wikipedia.org/wiki/Zhou_Guanyu,Guanyu,Zhou,1999-05-30,Chinese,alfa,https://en.wikipedia.org/wiki/Alfa_Romeo_in_Formula_One,Alfa Romeo,Swiss,,,,,,,,2022,10
23,20,R,0.0,16,0,Collision,albon,23,ALB,http://en.wikipedia.org/wiki/Alexander_Albon,Alexander,Albon,1996-03-23,Thai,williams,https://en.wikipedia.org/wiki/Williams_Racing,Williams,British,,,,,,,,2022,10
16,1,1,25.0,2,71,Finished,leclerc,16,LEC,http://en.wikipedia.org/wiki/Charles_Leclerc,Charles,Leclerc,1997-10-16,Monegasque,ferrari,https://en.wikipedia.org/wiki/Scuderia_Ferrari,Ferrari,Italian,5064312.0,0 days 01:24:24.312000,2.0,62.0,0 days 00:01:07.583000,kph,230.01,2022,11
1,2,2,19.0,1,71,Finished,max_verstappen,3,VER,http://en.wikipedia.org/wiki/Max_Verstappen,Max,Verstappen,1997-09-30,Dutch,red_bull,https://en.wikipedia.org/wiki/Red_Bull_Racing,Red Bull,Austrian,5065844.0,0 days 00:00:01.532000,1.0,62.0,0 days 00:01:07.275000,kph,231.063,2022,11
44,3,3,15.0,8,71,Finished,hamilton,44,HAM,http://en.wikipedia.org/wiki/Lewis_Hamilton,Lewis,Hamilton,1985-01-07,British,mercedes,https://en.wikipedia.org/wiki/Mercedes-Benz_in_Formula_One,Mercedes,German,5105529.0,0 days 00:00:41.217000,5.0,63.0,0 days 00:01:09,kph,225.286,2022,11
63,4,4,12.0,4,71,Finished,russell,63,RUS,http://en.wikipedia.org/wiki/George_Russell_(racing_driver),George,Russell,1998-02-15,British,mercedes,https://en.wikipedia.org/wiki/Mercedes-Benz_in_Formula_One,Mercedes,German,5123284.0,0 days 00:00:58.972000,6.0,61.0,0 days 00:01:09.075000,kph,225.042,2022,11
31,5,5,10.0,6,71,Finished,ocon,31,OCO,http://en.wikipedia.org/wiki/Esteban_Ocon,Esteban,Ocon,1996-09-17,French,alpine,https://en.wikipedia.org/wiki/Alpine_F1_Team,Alpine F1 Team,French,5132748.0,0 days 00:01:08.436000,10.0,62.0,0 days 00:01:09.559000,kph,223.476,2022,11
47,6,6,8.0,9,70,+1 Lap,mick_schumacher,47,MSC,http://en.wikipedia.org/wiki/Mick_Schumacher,Mick,Schumacher,1999-03-22,German,haas,https://en.wikipedia.org/wiki/Haas_F1_Team,Haas F1 Team,American,,,11.0,50.0,0 days 00:01:09.625000,kph,223.264,2022,11
4,7,7,6.0,10,70,+1 Lap,norris,1,NOR,http://en.wikipedia.org/wiki/Lando_Norris,Lando,Norris,1999-11-13,British,mclaren,https://en.wikipedia.org/wiki/McLaren,McLaren,British,,,8.0,62.0,0 days 00:01:09.304000,kph,224.298,2022,11
20,8,8,4.0,7,70,+1 Lap,kevin_magnussen,20,MAG,http://en.wikipedia.org/wiki/Kevin_Magnussen,Kevin,Magnussen,1992-10-05,Danish,haas,https://en.wikipedia.org/wiki/Haas_F1_Team,Haas F1 Team,American,,,14.0,61.0,0 days 00:01:09.938000,kph,222.265,2022,11
3,9,9,2.0,11,70,+1 Lap,ricciardo,3,RIC,http://en.wikipedia.org/wiki/Daniel_Ricciardo,Daniel,Ricciardo,1989-07-01,Australian,mclaren,https://en.wikipedia.org/wiki/McLaren,McLaren,British,,,13.0,61.0,0 days 00:01:09.924000,kph,222.309,2022,11
14,10,10,1.0,19,70,+1 Lap,alonso,14,ALO,http://en.wikipedia.org/wiki/Fernando_Alonso,Fernando,Alonso,1981-07-29,Spanish,alpine,https://en.wikipedia.org/wiki/Alpine_F1_Team,Alpine F1 Team,French,,,3.0,62.0,0 days 00:01:08.558000,kph,226.739,2022,11
77,11,11,0.0,0,70,+1 Lap,bottas,77,BOT,http://en.wikipedia.org/wiki/Valtteri_Bottas,Valtteri,Bottas,1989-08-28,Finnish,alfa,https://en.wikipedia.org/wiki/Alfa_Romeo_in_Formula_One,Alfa Romeo,Swiss,,,7.0,61.0,0 days 00:01:09.266000,kph,224.421,2022,11
23,12,12,0.0,15,70,+1 Lap,albon,23,ALB,http://en.wikipedia.org/wiki/Alexander_Albon,Alexander,Albon,1996-03-23,Thai,williams,https://en.wikipedia.org/wiki/Williams_Racing,Williams,British,,,12.0,60.0,0 days 00:01:09.669000,kph,223.123,2022,11
18,13,13,0.0,12,70,+1 Lap,stroll,18,STR,http://en.wikipedia.org/wiki/Lance_Stroll,Lance,Stroll,1998-10-29,Canadian,aston_martin,https://en.wikipedia.org/wiki/Aston_Martin_in_Formula_One,Aston Martin,British,,,17.0,64.0,0 days 00:01:10.048000,kph,221.916,2022,11
24,14,14,0.0,13,70,+1 Lap,zhou,24,ZHO,http://en.wikipedia.org/wiki/Zhou_Guanyu,Guanyu,Zhou,1999-05-30,Chinese,alfa,https://en.wikipedia.org/wiki/Alfa_Romeo_in_Formula_One,Alfa Romeo,Swiss,,,9.0,50.0,0 days 00:01:09.380000,kph,224.053,2022,11
10,15,15,0.0,14,70,+1 Lap,gasly,10,GAS,http://en.wikipedia.org/wiki/Pierre_Gasly,Pierre,Gasly,1996-02-07,French,alphatauri,https://en.wikipedia.org/wiki/Scuderia_AlphaTauri,AlphaTauri,Italian,,,18.0,61.0,0 days 00:01:10.104000,kph,221.739,2022,11
22,16,16,0.0,16,70,+1 Lap,tsunoda,22,TSU,http://en.wikipedia.org/wiki/Yuki_Tsunoda,Yuki,Tsunoda,2000-05-11,Japanese,alphatauri,https://en.wikipedia.org/wiki/Scuderia_AlphaTauri,AlphaTauri,Italian,,,16.0,62.0,0 days 00:01:10.023000,kph,221.995,2022,11
5,17,17,0.0,18,70,+1 Lap,vettel,5,VET,http://en.wikipedia.org/wiki/Sebastian_Vettel,Sebastian,Vettel,1987-07-03,German,aston_martin,https://en.wikipedia.org/wiki/Aston_Martin_in_Formula_One,Aston Martin,British,,,15.0,62.0,0 days 00:01:10.001000,kph,222.065,2022,11
55,18,R,0.0,3,56,Power Unit,sainz,55,SAI,http://en.wikipedia.org/wiki/Carlos_Sainz_Jr.,Carlos,Sainz,1994-09-01,Spanish,ferrari,https://en.wikipedia.org/wiki/Scuderia_Ferrari,Ferrari,Italian,,,4.0,55.0,0 days 00:01:08.649000,kph,226.438,2022,11
6,19,R,0.0,17,48,Undertray,latifi,6,LAT,http://en.wikipedia.org/wiki/Nicholas_Latifi,Nicholas,Latifi,1995-06-29,Canadian,williams,https://en.wikipedia.org/wiki/Williams_Racing,Williams,British,,,19.0,14.0,0 days 00:01:10.890000,kph,219.28,2022,11
11,20,R,0.0,5,24,Collision damage,perez,11,PER,http://en.wikipedia.org/wiki/Sergio_P%C3%A9rez,Sergio,Pérez,1990-01-26,Mexican,red_bull,https://en.wikipedia.org/wiki/Red_Bull_Racing,Red Bull,Austrian,,,20.0,5.0,0 days 00:01:11.843000,kph,216.371,2022,11
1,1,1,25.0,2,53,Finished,max_verstappen,3,VER,http://en.wikipedia.org/wiki/Max_Verstappen,Max,Verstappen,1997-09-30,Dutch,red_bull,https://en.wikipedia.org/wiki/Red_Bull_Racing,Red Bull,Austrian,5402112.0,0 days 01:30:02.112000,2.0,30.0,0 days 00:01:37.491000,kph,215.724,2022,12
44,2,2,18.0,4,53,Finished,hamilton,44,HAM,http://en.wikipedia.org/wiki/Lewis_Hamilton,Lewis,Hamilton,1985-01-07,British,mercedes,https://en.wikipedia.org/wiki/Mercedes-Benz_in_Formula_One,Mercedes,German,5412699.0,0 days 00:00:10.587000,4.0,30.0,0 days 00:01:37.668000,kph,215.333,2022,12
63,3,3,15.0,6,53,Finished,russell,63,RUS,http://en.wikipedia.org/wiki/George_Russell_(racing_driver),George,Russell,1998-02-15,British,mercedes,https://en.wikipedia.org/wiki/Mercedes-Benz_in_Formula_One,Mercedes,German,5418607.0,0 days 00:00:16.495000,3.0,51.0,0 days 00:01:37.548000,kph,215.598,2022,12
11,4,4,12.0,3,53,Finished,perez,11,PER,http://en.wikipedia.org/wiki/Sergio_P%C3%A9rez,Sergio,Pérez,1990-01-26,Mexican,red_bull,https://en.wikipedia.org/wiki/Red_Bull_Racing,Red Bull,Austrian,5419422.0,0 days 00:00:17.310000,5.0,45.0,0 days 00:01:37.780000,kph,215.086,2022,12
55,5,5,11.0,19,53,Finished,sainz,55,SAI,http://en.wikipedia.org/wiki/Carlos_Sainz_Jr.,Carlos,Sainz,1994-09-01,Spanish,ferrari,https://en.wikipedia.org/wiki/Scuderia_Ferrari,Ferrari,Italian,5430984.0,0 days 00:00:28.872000,1.0,51.0,0 days 00:01:35.781000,kph,219.575,2022,12
14,6,6,8.0,7,53,Finished,alonso,14,ALO,http://en.wikipedia.org/wiki/Fernando_Alonso,Fernando,Alonso,1981-07-29,Spanish,alpine,https://en.wikipedia.org/wiki/Alpine_F1_Team,Alpine F1 Team,French,5444991.0,0 days 00:00:42.879000,8.0,53.0,0 days 00:01:38.160000,kph,214.254,2022,12
4,7,7,6.0,5,53,Finished,norris,1,NOR,http://en.wikipedia.org/wiki/Lando_Norris,Lando,Norris,1999-11-13,British,mclaren,https://en.wikipedia.org/wiki/McLaren,McLaren,British,5454138.0,0 days 00:00:52.026000,11.0,43.0,0 days 00:01:39.037000,kph,212.356,2022,12
31,8,8,4.0,10,53,Finished,ocon,31,OCO,http://en.wikipedia.org/wiki/Esteban_Ocon,Esteban,Ocon,1996-09-17,French,alpine,https://en.wikipedia.org/wiki/Alpine_F1_Team,Alpine F1 Team,French,5459071.0,0 days 00:00:56.959000,9.0,53.0,0 days 00:01:38.684000,kph,213.116,2022,12
3,9,9,2.0,9,53,Finished,ricciardo,3,RIC,http://en.wikipedia.org/wiki/Daniel_Ricciardo,Daniel,Ricciardo,1989-07-01,Australian,mclaren,https://en.wikipedia.org/wiki/McLaren,McLaren,British,5462484.0,0 days 00:01:00.372000,14.0,27.0,0 days 00:01:39.133000,kph,212.151,2022,12
18,10,10,1.0,15,53,Finished,stroll,18,STR,http://en.wikipedia.org/wiki/Lance_Stroll,Lance,Stroll,1998-10-29,Canadian,aston_martin,https://en.wikipedia.org/wiki/Aston_Martin_in_Formula_One,Aston Martin,British,5464661.0,0 days 00:01:02.549000,15.0,52.0,0 days 00:01:39.185000,kph,212.04,2022,12
5,11,11,0.0,12,53,Finished,vettel,5,VET,http://en.wikipedia.org/wiki/Sebastian_Vettel,Sebastian,Vettel,1987-07-03,German,aston_martin,https://en.wikipedia.org/wiki/Aston_Martin_in_Formula_One,Aston Martin,British,5466606.0,0 days 00:01:04.494000,12.0,43.0,0 days 00:01:39.044000,kph,212.341,2022,12
10,12,12,0.0,14,53,Finished,gasly,10,GAS,http://en.wikipedia.org/wiki/Pierre_Gasly,Pierre,Gasly,1996-02-07,French,alphatauri,https://en.wikipedia.org/wiki/Scuderia_AlphaTauri,AlphaTauri,Italian,5467560.0,0 days 00:01:05.448000,10.0,53.0,0 days 00:01:38.786000,kph,212.896,2022,12
23,13,13,0.0,13,53,Finished,albon,23,ALB,http://en.wikipedia.org/wiki/Alexander_Albon,Alexander,Albon,1996-03-23,Thai,williams,https://en.wikipedia.org/wiki/Williams_Racing,Williams,British,5470677.0,0 days 00:01:08.565000,16.0,53.0,0 days 00:01:39.199000,kph,212.01,2022,12
77,14,14,0.0,11,53,Finished,bottas,77,BOT,http://en.wikipedia.org/wiki/Valtteri_Bottas,Valtteri,Bottas,1989-08-28,Finnish,alfa,https://en.wikipedia.org/wiki/Alfa_Romeo_in_Formula_One,Alfa Romeo,Swiss,5478778.0,0 days 00:01:16.666000,6.0,52.0,0 days 00:01:37.963000,kph,214.685,2022,12
47,15,15,0.0,17,53,Finished,mick_schumacher,47,MSC,http://en.wikipedia.org/wiki/Mick_Schumacher,Mick,Schumacher,1999-03-22,German,haas,https://en.wikipedia.org/wiki/Haas_F1_Team,Haas F1 Team,American,5482506.0,0 days 00:01:20.394000,13.0,48.0,0 days 00:01:39.068000,kph,212.29,2022,12
24,16,16,0.0,16,47,+6 Laps,zhou,24,ZHO,http://en.wikipedia.org/wiki/Zhou_Guanyu,Guanyu,Zhou,1999-05-30,Chinese,alfa,https://en.wikipedia.org/wiki/Alfa_Romeo_in_Formula_One,Alfa Romeo,Swiss,,,18.0,25.0,0 days 00:01:39.368000,kph,211.649,2022,12
6,17,R,0.0,18,40,Collision damage,latifi,6,LAT,http://en.wikipedia.org/wiki/Nicholas_Latifi,Nicholas,Latifi,1995-06-29,Canadian,williams,https://en.wikipedia.org/wiki/Williams_Racing,Williams,British,,,19.0,40.0,0 days 00:01:39.650000,kph,211.05,2022,12
20,18,R,0.0,20,37,Collision damage,kevin_magnussen,20,MAG,http://en.wikipedia.org/wiki/Kevin_Magnussen,Kevin,Magnussen,1992-10-05,Danish,haas,https://en.wikipedia.org/wiki/Haas_F1_Team,Haas F1 Team,American,,,17.0,11.0,0 days 00:01:39.265000,kph,211.869,2022,12
16,19,R,0.0,1,17,Accident,leclerc,16,LEC,http://en.wikipedia.org/wiki/Charles_Leclerc,Charles,Leclerc,1997-10-16,Monegasque,ferrari,https://en.wikipedia.org/wiki/Scuderia_Ferrari,Ferrari,Italian,,,7.0,4.0,0 days 00:01:38.088000,kph,214.411,2022,12
22,20,R,0.0,8,17,Undertray,tsunoda,22,TSU,http://en.wikipedia.org/wiki/Yuki_Tsunoda,Yuki,Tsunoda,2000-05-11,Japanese,alphatauri,https://en.wikipedia.org/wiki/Scuderia_AlphaTauri,AlphaTauri,Italian,,,20.0,4.0,0 days 00:01:40.216000,kph,209.858,2022,12
1,1,1,25.0,10,70,Finished,max_verstappen,3,VER,http://en.wikipedia.org/wiki/Max_Verstappen,Max,Verstappen,1997-09-30,Dutch,red_bull,https://en.wikipedia.org/wiki/Red_Bull_Racing,Red Bull,Austrian,5975912.0,0 days 01:39:35.912000,6.0,45.0,0 days 00:01:22.126000,kph,192.041,2022,13
44,2,2,19.0,7,70,Finished,hamilton,44,HAM,http://en.wikipedia.org/wiki/Lewis_Hamilton,Lewis,Hamilton,1985-01-07,British,mercedes,https://en.wikipedia.org/wiki/Mercedes-Benz_in_Formula_One,Mercedes,German,5983746.0,0 days 00:00:07.834000,1.0,57.0,0 days 00:01:21.386000,kph,193.787,2022,13
63,3,3,15.0,1,70,Finished,russell,63,RUS,http://en.wikipedia.org/wiki/George_Russell_(racing_driver),George,Russell,1998-02-15,British,mercedes,https://en.wikipedia.org/wiki/Mercedes-Benz_in_Formula_One,Mercedes,German,5988249.0,0 days 00:00:12.337000,9.0,57.0,0 days 00:01:22.766000,kph,190.556,2022,13
55,4,4,12.0,2,70,Finished,sainz,55,SAI,http://en.wikipedia.org/wiki/Carlos_Sainz_Jr.,Carlos,Sainz,1994-09-01,Spanish,ferrari,https://en.wikipedia.org/wiki/Scuderia_Ferrari,Ferrari,Italian,5990491.0,0 days 00:00:14.579000,4.0,51.0,0 days 00:01:22,kph,192.336,2022,13
11,5,5,10.0,11,70,Finished,perez,11,PER,http://en.wikipedia.org/wiki/Sergio_P%C3%A9rez,Sergio,Pérez,1990-01-26,Mexican,red_bull,https://en.wikipedia.org/wiki/Red_Bull_Racing,Red Bull,Austrian,5991600.0,0 days 00:00:15.688000,3.0,44.0,0 days 00:01:21.940000,kph,192.477,2022,13
16,6,6,8.0,3,70,Finished,leclerc,16,LEC,http://en.wikipedia.org/wiki/Charles_Leclerc,Charles,Leclerc,1997-10-16,Monegasque,ferrari,https://en.wikipedia.org/wiki/Scuderia_Ferrari,Ferrari,Italian,5991959.0,0 days 00:00:16.047000,2.0,57.0,0 days 00:01:21.622000,kph,193.227,2022,13
4,7,7,6.0,4,70,Finished,norris,1,NOR,http://en.wikipedia.org/wiki/Lando_Norris,Lando,Norris,1999-11-13,British,mclaren,https://en.wikipedia.org/wiki/McLaren,McLaren,British,6054212.0,0 days 00:01:18.300000,11.0,47.0,0 days 00:01:23.043000,kph,189.92,2022,13
14,8,8,4.0,6,69,+1 Lap,alonso,14,ALO,http://en.wikipedia.org/wiki/Fernando_Alonso,Fernando,Alonso,1981-07-29,Spanish,alpine,https://en.wikipedia.org/wiki/Alpine_F1_Team,Alpine F1 Team,French,,,18.0,47.0,0 days 00:01:23.979000,kph,187.804,2022,13
31,9,9,2.0,5,69,+1 Lap,ocon,31,OCO,http://en.wikipedia.org/wiki/Esteban_Ocon,Esteban,Ocon,1996-09-17,French,alpine,https://en.wikipedia.org/wiki/Alpine_F1_Team,Alpine F1 Team,French,,,20.0,60.0,0 days 00:01:24.149000,kph,187.424,2022,13
5,10,10,1.0,18,69,+1 Lap,vettel,5,VET,http://en.wikipedia.org/wiki/Sebastian_Vettel,Sebastian,Vettel,1987-07-03,German,aston_martin,https://en.wikipedia.org/wiki/Aston_Martin_in_Formula_One,Aston Martin,British,,,10.0,51.0,0 days 00:01:22.824000,kph,190.423,2022,13
18,11,11,0.0,14,69,+1 Lap,stroll,18,STR,http://en.wikipedia.org/wiki/Lance_Stroll,Lance,Stroll,1998-10-29,Canadian,aston_martin,https://en.wikipedia.org/wiki/Aston_Martin_in_Formula_One,Aston Martin,British,,,7.0,51.0,0 days 00:01:22.437000,kph,191.317,2022,13
10,12,12,0.0,0,69,+1 Lap,gasly,10,GAS,http://en.wikipedia.org/wiki/Pierre_Gasly,Pierre,Gasly,1996-02-07,French,alphatauri,https://en.wikipedia.org/wiki/Scuderia_AlphaTauri,AlphaTauri,Italian,,,14.0,58.0,0 days 00:01:23.199000,kph,189.564,2022,13
24,13,13,0.0,12,69,+1 Lap,zhou,24,ZHO,http://en.wikipedia.org/wiki/Zhou_Guanyu,Guanyu,Zhou,1999-05-30,Chinese,alfa,https://en.wikipedia.org/wiki/Alfa_Romeo_in_Formula_One,Alfa Romeo,Swiss,,,5.0,58.0,0 days 00:01:22.029000,kph,192.268,2022,13
47,14,14,0.0,15,69,+1 Lap,mick_schumacher,47,MSC,http://en.wikipedia.org/wiki/Mick_Schumacher,Mick,Schumacher,1999-03-22,German,haas,https://en.wikipedia.org/wiki/Haas_F1_Team,Haas F1 Team,American,,,13.0,50.0,0 days 00:01:23.151000,kph,189.674,2022,13
3,15,15,0.0,9,69,+1 Lap,ricciardo,3,RIC,http://en.wikipedia.org/wiki/Daniel_Ricciardo,Daniel,Ricciardo,1989-07-01,Australian,mclaren,https://en.wikipedia.org/wiki/McLaren,McLaren,British,,,17.0,63.0,0 days 00:01:23.654000,kph,188.533,2022,13
20,16,16,0.0,13,69,+1 Lap,kevin_magnussen,20,MAG,http://en.wikipedia.org/wiki/Kevin_Magnussen,Kevin,Magnussen,1992-10-05,Danish,haas,https://en.wikipedia.org/wiki/Haas_F1_Team,Haas F1 Team,American,,,15.0,37.0,0 days 00:01:23.511000,kph,188.856,2022,13
23,17,17,0.0,17,69,+1 Lap,albon,23,ALB,http://en.wikipedia.org/wiki/Alexander_Albon,Alexander,Albon,1996-03-23,Thai,williams,https://en.wikipedia.org/wiki/Williams_Racing,Williams,British,,,12.0,43.0,0 days 00:01:23.047000,kph,189.911,2022,13
6,18,18,0.0,19,69,+1 Lap,latifi,6,LAT,http://en.wikipedia.org/wiki/Nicholas_Latifi,Nicholas,Latifi,1995-06-29,Canadian,williams,https://en.wikipedia.org/wiki/Williams_Racing,Williams,British,,,8.0,60.0,0 days 00:01:22.478000,kph,191.221,2022,13
22,19,19,0.0,16,68,+2 Laps,tsunoda,22,TSU,http://en.wikipedia.org/wiki/Yuki_Tsunoda,Yuki,Tsunoda,2000-05-11,Japanese,alphatauri,https://en.wikipedia.org/wiki/Scuderia_AlphaTauri,AlphaTauri,Italian,,,16.0,58.0,0 days 00:01:23.538000,kph,188.795,2022,13
77,20,20,0.0,8,65,Power Unit,bottas,77,BOT,http://en.wikipedia.org/wiki/Valtteri_Bottas,Valtteri,Bottas,1989-08-28,Finnish,alfa,https://en.wikipedia.org/wiki/Alfa_Romeo_in_Formula_One,Alfa Romeo,Swiss,,,19.0,60.0,0 days 00:01:24.002000,kph,187.752,2022,13
1,1,1,26.0,14,44,Finished,max_verstappen,3,VER,http://en.wikipedia.org/wiki/Max_Verstappen,Max,Verstappen,1997-09-30,Dutch,red_bull,https://en.wikipedia.org/wiki/Red_Bull_Racing,Red Bull,Austrian,5152894.0,0 days 01:25:52.894000,1.0,32.0,0 days 00:01:49.354000,kph,230.575,2022,14
11,2,2,18.0,2,44,Finished,perez,11,PER,http://en.wikipedia.org/wiki/Sergio_P%C3%A9rez,Sergio,Pérez,1990-01-26,Mexican,red_bull,https://en.wikipedia.org/wiki/Red_Bull_Racing,Red Bull,Austrian,5170735.0,0 days 00:00:17.841000,3.0,29.0,0 days 00:01:50.764000,kph,227.64,2022,14
55,3,3,15.0,1,44,Finished,sainz,55,SAI,http://en.wikipedia.org/wiki/Carlos_Sainz_Jr.,Carlos,Sainz,1994-09-01,Spanish,ferrari,https://en.wikipedia.org/wiki/Scuderia_Ferrari,Ferrari,Italian,5179780.0,0 days 00:00:26.886000,7.0,32.0,0 days 00:01:51.977000,kph,225.174,2022,14
63,4,4,12.0,5,44,Finished,russell,63,RUS,http://en.wikipedia.org/wiki/George_Russell_(racing_driver),George,Russell,1998-02-15,British,mercedes,https://en.wikipedia.org/wiki/Mercedes-Benz_in_Formula_One,Mercedes,German,5182034.0,0 days 00:00:29.140000,4.0,31.0,0 days 00:01:50.793000,kph,227.581,2022,14
14,5,5,10.0,3,44,Finished,alonso,14,ALO,http://en.wikipedia.org/wiki/Fernando_Alonso,Fernando,Alonso,1981-07-29,Spanish,alpine,https://en.wikipedia.org/wiki/Alpine_F1_Team,Alpine F1 Team,French,5226150.0,0 days 00:01:13.256000,13.0,35.0,0 days 00:01:52.868000,kph,223.397,2022,14
16,6,6,8.0,15,44,Finished,leclerc,16,LEC,http://en.wikipedia.org/wiki/Charles_Leclerc,Charles,Leclerc,1997-10-16,Monegasque,ferrari,https://en.wikipedia.org/wiki/Scuderia_Ferrari,Ferrari,Italian,5227830.0,0 days 00:01:14.936000,2.0,44.0,0 days 00:01:49.984000,kph,229.255,2022,14
31,7,7,6.0,16,44,Finished,ocon,31,OCO,http://en.wikipedia.org/wiki/Esteban_Ocon,Esteban,Ocon,1996-09-17,French,alpine,https://en.wikipedia.org/wiki/Alpine_F1_Team,Alpine F1 Team,French,5228534.0,0 days 00:01:15.640000,6.0,36.0,0 days 00:01:51.717000,kph,225.698,2022,14
5,8,8,4.0,10,44,Finished,vettel,5,VET,http://en.wikipedia.org/wiki/Sebastian_Vettel,Sebastian,Vettel,1987-07-03,German,aston_martin,https://en.wikipedia.org/wiki/Aston_Martin_in_Formula_One,Aston Martin,British,5231001.0,0 days 00:01:18.107000,11.0,40.0,0 days 00:01:52.515000,kph,224.098,2022,14
10,9,9,2.0,0,44,Finished,gasly,10,GAS,http://en.wikipedia.org/wiki/Pierre_Gasly,Pierre,Gasly,1996-02-07,French,alphatauri,https://en.wikipedia.org/wiki/Scuderia_AlphaTauri,AlphaTauri,Italian,5245075.0,0 days 00:01:32.181000,15.0,24.0,0 days 00:01:53.002000,kph,223.132,2022,14
23,10,10,1.0,6,44,Finished,albon,23,ALB,http://en.wikipedia.org/wiki/Alexander_Albon,Alexander,Albon,1996-03-23,Thai,williams,https://en.wikipedia.org/wiki/Williams_Racing,Williams,British,5254794.0,0 days 00:01:41.900000,16.0,28.0,0 days 00:01:53.055000,kph,223.027,2022,14
18,11,11,0.0,9,44,Finished,stroll,18,STR,http://en.wikipedia.org/wiki/Lance_Stroll,Lance,Stroll,1998-10-29,Canadian,aston_martin,https://en.wikipedia.org/wiki/Aston_Martin_in_Formula_One,Aston Martin,British,5255972.0,0 days 00:01:43.078000,14.0,29.0,0 days 00:01:52.880000,kph,223.373,2022,14
4,12,12,0.0,17,44,Finished,norris,1,NOR,http://en.wikipedia.org/wiki/Lando_Norris,Lando,Norris,1999-11-13,British,mclaren,https://en.wikipedia.org/wiki/McLaren,McLaren,British,5257633.0,0 days 00:01:44.739000,5.0,31.0,0 days 00:01:51.678000,kph,225.777,2022,14
22,13,13,0.0,0,44,Finished,tsunoda,22,TSU,http://en.wikipedia.org/wiki/Yuki_Tsunoda,Yuki,Tsunoda,2000-05-11,Japanese,alphatauri,https://en.wikipedia.org/wiki/Scuderia_AlphaTauri,AlphaTauri,Italian,5258111.0,0 days 00:01:45.217000,10.0,32.0,0 days 00:01:52.436000,kph,224.255,2022,14
24,14,14,0.0,18,44,Finished,zhou,24,ZHO,http://en.wikipedia.org/wiki/Zhou_Guanyu,Guanyu,Zhou,1999-05-30,Chinese,alfa,https://en.wikipedia.org/wiki/Alfa_Romeo_in_Formula_One,Alfa Romeo,Swiss,5259146.0,0 days 00:01:46.252000,9.0,30.0,0 days 00:01:52.317000,kph,224.493,2022,14
3,15,15,0.0,7,44,Finished,ricciardo,3,RIC,http://en.wikipedia.org/wiki/Daniel_Ricciardo,Daniel,Ricciardo,1989-07-01,Australian,mclaren,https://en.wikipedia.org/wiki/McLaren,McLaren,British,5260057.0,0 days 00:01:47.163000,17.0,34.0,0 days 00:01:53.080000,kph,222.978,2022,14
20,16,16,0.0,12,43,+1 Lap,kevin_magnussen,20,MAG,http://en.wikipedia.org/wiki/Kevin_Magnussen,Kevin,Magnussen,1992-10-05,Danish,haas,https://en.wikipedia.org/wiki/Haas_F1_Team,Haas F1 Team,American,,,18.0,29.0,0 days 00:01:53.332000,kph,222.482,2022,14
47,17,17,0.0,19,43,+1 Lap,mick_schumacher,47,MSC,http://en.wikipedia.org/wiki/Mick_Schumacher,Mick,Schumacher,1999-03-22,German,haas,https://en.wikipedia.org/wiki/Haas_F1_Team,Haas F1 Team,American,,,12.0,35.0,0 days 00:01:52.646000,kph,223.837,2022,14
6,18,18,0.0,11,43,+1 Lap,latifi,6,LAT,http://en.wikipedia.org/wiki/Nicholas_Latifi,Nicholas,Latifi,1995-06-29,Canadian,williams,https://en.wikipedia.org/wiki/Williams_Racing,Williams,British,,,8.0,38.0,0 days 00:01:52.256000,kph,224.615,2022,14
77,19,R,0.0,13,1,Accident,bottas,77,BOT,http://en.wikipedia.org/wiki/Valtteri_Bottas,Valtteri,Bottas,1989-08-28,Finnish,alfa,https://en.wikipedia.org/wiki/Alfa_Romeo_in_Formula_One,Alfa Romeo,Swiss,,,,,,,,2022,14
44,20,R,0.0,4,0,Collision damage,hamilton,44,HAM,http://en.wikipedia.org/wiki/Lewis_Hamilton,Lewis,Hamilton,1985-01-07,British,mercedes,https://en.wikipedia.org/wiki/Mercedes-Benz_in_Formula_One,Mercedes,German,,,,,,,,2022,14
1,1,1,26.0,1,72,Finished,max_verstappen,3,VER,http://en.wikipedia.org/wiki/Max_Verstappen,Max,Verstappen,1997-09-30,Dutch,red_bull,https://en.wikipedia.org/wiki/Red_Bull_Racing,Red Bull,Austrian,5802773.0,0 days 01:36:42.773000,1.0,62.0,0 days 00:01:13.652000,kph,208.173,2022,15
63,2,2,18.0,6,72,Finished,russell,63,RUS,http://en.wikipedia.org/wiki/George_Russell_(racing_driver),George,Russell,1998-02-15,British,mercedes,https://en.wikipedia.org/wiki/Mercedes-Benz_in_Formula_One,Mercedes,German,5806844.0,0 days 00:00:04.071000,2.0,72.0,0 days 00:01:13.671000,kph,208.119,2022,15
16,3,3,15.0,2,72,Finished,leclerc,16,LEC,http://en.wikipedia.org/wiki/Charles_Leclerc,Charles,Leclerc,1997-10-16,Monegasque,ferrari,https://en.wikipedia.org/wiki/Scuderia_Ferrari,Ferrari,Italian,5813702.0,0 days 00:00:10.929000,6.0,62.0,0 days 00:01:14.413000,kph,206.044,2022,15
44,4,4,12.0,4,72,Finished,hamilton,44,HAM,http://en.wikipedia.org/wiki/Lewis_Hamilton,Lewis,Hamilton,1985-01-07,British,mercedes,https://en.wikipedia.org/wiki/Mercedes-Benz_in_Formula_One,Mercedes,German,5815789.0,0 days 00:00:13.016000,3.0,54.0,0 days 00:01:13.854000,kph,207.604,2022,15
11,5,5,10.0,5,72,Finished,perez,11,PER,http://en.wikipedia.org/wiki/Sergio_P%C3%A9rez,Sergio,Pérez,1990-01-26,Mexican,red_bull,https://en.wikipedia.org/wiki/Red_Bull_Racing,Red Bull,Austrian,5820941.0,0 days 00:00:18.168000,5.0,63.0,0 days 00:01:14.404000,kph,206.069,2022,15
14,6,6,8.0,13,72,Finished,alonso,14,ALO,http://en.wikipedia.org/wiki/Fernando_Alonso,Fernando,Alonso,1981-07-29,Spanish,alpine,https://en.wikipedia.org/wiki/Alpine_F1_Team,Alpine F1 Team,French,5821527.0,0 days 00:00:18.754000,4.0,51.0,0 days 00:01:14.144000,kph,206.792,2022,15
4,7,7,6.0,7,72,Finished,norris,1,NOR,http://en.wikipedia.org/wiki/Lando_Norris,Lando,Norris,1999-11-13,British,mclaren,https://en.wikipedia.org/wiki/McLaren,McLaren,British,5822079.0,0 days 00:00:19.306000,8.0,63.0,0 days 00:01:14.706000,kph,205.236,2022,15
55,8,8,4.0,3,72,Finished,sainz,55,SAI,http://en.wikipedia.org/wiki/Carlos_Sainz_Jr.,Carlos,Sainz,1994-09-01,Spanish,ferrari,https://en.wikipedia.org/wiki/Scuderia_Ferrari,Ferrari,Italian,5823689.0,0 days 00:00:20.916000,7.0,63.0,0 days 00:01:14.643000,kph,205.409,2022,15
31,9,9,2.0,12,72,Finished,ocon,31,OCO,http://en.wikipedia.org/wiki/Esteban_Ocon,Esteban,Ocon,1996-09-17,French,alpine,https://en.wikipedia.org/wiki/Alpine_F1_Team,Alpine F1 Team,French,5823890.0,0 days 00:00:21.117000,11.0,64.0,0 days 00:01:15.084000,kph,204.203,2022,15
18,10,10,1.0,10,72,Finished,stroll,18,STR,http://en.wikipedia.org/wiki/Lance_Stroll,Lance,Stroll,1998-10-29,Canadian,aston_martin,https://en.wikipedia.org/wiki/Aston_Martin_in_Formula_One,Aston Martin,British,5825232.0,0 days 00:00:22.459000,10.0,65.0,0 days 00:01:15.043000,kph,204.314,2022,15
10,11,11,0.0,11,72,Finished,gasly,10,GAS,http://en.wikipedia.org/wiki/Pierre_Gasly,Pierre,Gasly,1996-02-07,French,alphatauri,https://en.wikipedia.org/wiki/Scuderia_AlphaTauri,AlphaTauri,Italian,5829782.0,0 days 00:00:27.009000,12.0,65.0,0 days 00:01:15.165000,kph,203.983,2022,15
23,12,12,0.0,15,72,Finished,albon,23,ALB,http://en.wikipedia.org/wiki/Alexander_Albon,Alexander,Albon,1996-03-23,Thai,williams,https://en.wikipedia.org/wiki/Williams_Racing,Williams,British,5833163.0,0 days 00:00:30.390000,15.0,65.0,0 days 00:01:15.534000,kph,202.986,2022,15
47,13,13,0.0,8,72,Finished,mick_schumacher,47,MSC,http://en.wikipedia.org/wiki/Mick_Schumacher,Mick,Schumacher,1999-03-22,German,haas,https://en.wikipedia.org/wiki/Haas_F1_Team,Haas F1 Team,American,5835768.0,0 days 00:00:32.995000,13.0,51.0,0 days 00:01:15.233000,kph,203.798,2022,15
5,14,14,0.0,19,72,Finished,vettel,5,VET,http://en.wikipedia.org/wiki/Sebastian_Vettel,Sebastian,Vettel,1987-07-03,German,aston_martin,https://en.wikipedia.org/wiki/Aston_Martin_in_Formula_One,Aston Martin,British,5838780.0,0 days 00:00:36.007000,9.0,50.0,0 days 00:01:14.862000,kph,204.808,2022,15
20,15,15,0.0,18,72,Finished,kevin_magnussen,20,MAG,http://en.wikipedia.org/wiki/Kevin_Magnussen,Kevin,Magnussen,1992-10-05,Danish,haas,https://en.wikipedia.org/wiki/Haas_F1_Team,Haas F1 Team,American,5839642.0,0 days 00:00:36.869000,14.0,53.0,0 days 00:01:15.369000,kph,203.431,2022,15
24,16,16,0.0,14,72,Finished,zhou,24,ZHO,http://en.wikipedia.org/wiki/Zhou_Guanyu,Guanyu,Zhou,1999-05-30,Chinese,alfa,https://en.wikipedia.org/wiki/Alfa_Romeo_in_Formula_One,Alfa Romeo,Swiss,5840093.0,0 days 00:00:37.320000,17.0,63.0,0 days 00:01:15.940000,kph,201.901,2022,15
3,17,17,0.0,17,72,Finished,ricciardo,3,RIC,http://en.wikipedia.org/wiki/Daniel_Ricciardo,Daniel,Ricciardo,1989-07-01,Australian,mclaren,https://en.wikipedia.org/wiki/McLaren,McLaren,British,5840537.0,0 days 00:00:37.764000,16.0,52.0,0 days 00:01:15.577000,kph,202.871,2022,15
6,18,18,0.0,20,71,+1 Lap,latifi,6,LAT,http://en.wikipedia.org/wiki/Nicholas_Latifi,Nicholas,Latifi,1995-06-29,Canadian,williams,https://en.wikipedia.org/wiki/Williams_Racing,Williams,British,,,18.0,62.0,0 days 00:01:16.066000,kph,201.567,2022,15
77,19,R,0.0,16,53,Engine,bottas,77,BOT,http://en.wikipedia.org/wiki/Valtteri_Bottas,Valtteri,Bottas,1989-08-28,Finnish,alfa,https://en.wikipedia.org/wiki/Alfa_Romeo_in_Formula_One,Alfa Romeo,Swiss,,,19.0,51.0,0 days 00:01:16.844000,kph,199.526,2022,15
22,20,R,0.0,9,43,Differential,tsunoda,22,TSU,http://en.wikipedia.org/wiki/Yuki_Tsunoda,Yuki,Tsunoda,2000-05-11,Japanese,alphatauri,https://en.wikipedia.org/wiki/Scuderia_AlphaTauri,AlphaTauri,Italian,,,20.0,16.0,0 days 00:01:17.138000,kph,198.765,2022,15
1,1,1,25.0,7,53,Finished,max_verstappen,3,VER,http://en.wikipedia.org/wiki/Max_Verstappen,Max,Verstappen,1997-09-30,Dutch,red_bull,https://en.wikipedia.org/wiki/Red_Bull_Racing,Red Bull,Austrian,4827511.0,0 days 01:20:27.511000,6.0,38.0,0 days 00:01:24.745000,kph,246.088,2022,16
16,2,2,18.0,1,53,Finished,leclerc,16,LEC,http://en.wikipedia.org/wiki/Charles_Leclerc,Charles,Leclerc,1997-10-16,Monegasque,ferrari,https://en.wikipedia.org/wiki/Scuderia_Ferrari,Ferrari,Italian,4829957.0,0 days 00:00:02.446000,2.0,38.0,0 days 00:01:24.336000,kph,247.282,2022,16
63,3,3,15.0,2,53,Finished,russell,63,RUS,http://en.wikipedia.org/wiki/George_Russell_(racing_driver),George,Russell,1998-02-15,British,mercedes,https://en.wikipedia.org/wiki/Mercedes-Benz_in_Formula_One,Mercedes,German,4830916.0,0 days 00:00:03.405000,7.0,40.0,0 days 00:01:25.288000,kph,244.522,2022,16
55,4,4,12.0,18,53,Finished,sainz,55,SAI,http://en.wikipedia.org/wiki/Carlos_Sainz_Jr.,Carlos,Sainz,1994-09-01,Spanish,ferrari,https://en.wikipedia.org/wiki/Scuderia_Ferrari,Ferrari,Italian,4832572.0,0 days 00:00:05.061000,4.0,41.0,0 days 00:01:24.446000,kph,246.96,2022,16
44,5,5,10.0,19,53,Finished,hamilton,44,HAM,http://en.wikipedia.org/wiki/Lewis_Hamilton,Lewis,Hamilton,1985-01-07,British,mercedes,https://en.wikipedia.org/wiki/Mercedes-Benz_in_Formula_One,Mercedes,German,4832891.0,0 days 00:00:05.380000,3.0,43.0,0 days 00:01:24.434000,kph,246.995,2022,16
11,6,6,9.0,13,53,Finished,perez,11,PER,http://en.wikipedia.org/wiki/Sergio_P%C3%A9rez,Sergio,Pérez,1990-01-26,Mexican,red_bull,https://en.wikipedia.org/wiki/Red_Bull_Racing,Red Bull,Austrian,4833602.0,0 days 00:00:06.091000,1.0,46.0,0 days 00:01:24.030000,kph,248.182,2022,16
4,7,7,6.0,3,53,Finished,norris,1,NOR,http://en.wikipedia.org/wiki/Lando_Norris,Lando,Norris,1999-11-13,British,mclaren,https://en.wikipedia.org/wiki/McLaren,McLaren,British,4833718.0,0 days 00:00:06.207000,5.0,43.0,0 days 00:01:24.718000,kph,246.167,2022,16
10,8,8,4.0,5,53,Finished,gasly,10,GAS,http://en.wikipedia.org/wiki/Pierre_Gasly,Pierre,Gasly,1996-02-07,French,alphatauri,https://en.wikipedia.org/wiki/Scuderia_AlphaTauri,AlphaTauri,Italian,4833907.0,0 days 00:00:06.396000,14.0,30.0,0 days 00:01:26.718000,kph,240.489,2022,16
45,9,9,2.0,8,53,Finished,de_vries,21,DEV,http://en.wikipedia.org/wiki/Nyck_de_Vries,Nyck,de Vries,1995-02-06,Dutch,williams,https://en.wikipedia.org/wiki/Williams_Racing,Williams,British,4834633.0,0 days 00:00:07.122000,13.0,41.0,0 days 00:01:26.624000,kph,240.75,2022,16
24,10,10,1.0,9,53,Finished,zhou,24,ZHO,http://en.wikipedia.org/wiki/Zhou_Guanyu,Guanyu,Zhou,1999-05-30,Chinese,alfa,https://en.wikipedia.org/wiki/Alfa_Romeo_in_Formula_One,Alfa Romeo,Swiss,4835421.0,0 days 00:00:07.910000,10.0,41.0,0 days 00:01:26.361000,kph,241.484,2022,16
31,11,11,0.0,14,53,Finished,ocon,31,OCO,http://en.wikipedia.org/wiki/Esteban_Ocon,Esteban,Ocon,1996-09-17,French,alpine,https://en.wikipedia.org/wiki/Alpine_F1_Team,Alpine F1 Team,French,4835834.0,0 days 00:00:08.323000,11.0,37.0,0 days 00:01:26.593000,kph,240.837,2022,16
47,12,12,0.0,17,53,Finished,mick_schumacher,47,MSC,http://en.wikipedia.org/wiki/Mick_Schumacher,Mick,Schumacher,1999-03-22,German,haas,https://en.wikipedia.org/wiki/Haas_F1_Team,Haas F1 Team,American,4836060.0,0 days 00:00:08.549000,8.0,43.0,0 days 00:01:25.298000,kph,244.493,2022,16
77,13,13,0.0,15,52,+1 Lap,bottas,77,BOT,http://en.wikipedia.org/wiki/Valtteri_Bottas,Valtteri,Bottas,1989-08-28,Finnish,alfa,https://en.wikipedia.org/wiki/Alfa_Romeo_in_Formula_One,Alfa Romeo,Swiss,,,9.0,45.0,0 days 00:01:25.706000,kph,243.329,2022,16
22,14,14,0.0,20,52,+1 Lap,tsunoda,22,TSU,http://en.wikipedia.org/wiki/Yuki_Tsunoda,Yuki,Tsunoda,2000-05-11,Japanese,alphatauri,https://en.wikipedia.org/wiki/Scuderia_AlphaTauri,AlphaTauri,Italian,,,17.0,43.0,0 days 00:01:26.857000,kph,240.105,2022,16
6,15,15,0.0,10,52,+1 Lap,latifi,6,LAT,http://en.wikipedia.org/wiki/Nicholas_Latifi,Nicholas,Latifi,1995-06-29,Canadian,williams,https://en.wikipedia.org/wiki/Williams_Racing,Williams,British,,,15.0,17.0,0 days 00:01:26.798000,kph,240.268,2022,16
20,16,16,0.0,16,52,+1 Lap,kevin_magnussen,20,MAG,http://en.wikipedia.org/wiki/Kevin_Magnussen,Kevin,Magnussen,1992-10-05,Danish,haas,https://en.wikipedia.org/wiki/Haas_F1_Team,Haas F1 Team,American,,,16.0,37.0,0 days 00:01:26.798000,kph,240.268,2022,16
3,17,R,0.0,4,45,Oil leak,ricciardo,3,RIC,http://en.wikipedia.org/wiki/Daniel_Ricciardo,Daniel,Ricciardo,1989-07-01,Australian,mclaren,https://en.wikipedia.org/wiki/McLaren,McLaren,British,,,12.0,39.0,0 days 00:01:26.603000,kph,240.809,2022,16
18,18,R,0.0,12,39,Engine,stroll,18,STR,http://en.wikipedia.org/wiki/Lance_Stroll,Lance,Stroll,1998-10-29,Canadian,aston_martin,https://en.wikipedia.org/wiki/Aston_Martin_in_Formula_One,Aston Martin,British,,,19.0,34.0,0 days 00:01:27.467000,kph,238.43,2022,16
14,19,R,0.0,6,31,Water pressure,alonso,14,ALO,http://en.wikipedia.org/wiki/Fernando_Alonso,Fernando,Alonso,1981-07-29,Spanish,alpine,https://en.wikipedia.org/wiki/Alpine_F1_Team,Alpine F1 Team,French,,,18.0,7.0,0 days 00:01:27.203000,kph,239.152,2022,16
5,20,R,0.0,11,10,Engine,vettel,5,VET,http://en.wikipedia.org/wiki/Sebastian_Vettel,Sebastian,Vettel,1987-07-03,German,aston_martin,https://en.wikipedia.org/wiki/Aston_Martin_in_Formula_One,Aston Martin,British,,,20.0,4.0,0 days 00:01:27.501000,kph,238.337,2022,16
11,1,1,25.0,2,59,Finished,perez,11,PER,http://en.wikipedia.org/wiki/Sergio_P%C3%A9rez,Sergio,Pérez,1990-01-26,Mexican,red_bull,https://en.wikipedia.org/wiki/Red_Bull_Racing,Red Bull,Austrian,7340238.0,0 days 02:02:20.238000,2.0,57.0,0 days 00:01:48.165000,kph,168.509,2022,17
16,2,2,18.0,1,59,Finished,leclerc,16,LEC,http://en.wikipedia.org/wiki/Charles_Leclerc,Charles,Leclerc,1997-10-16,Monegasque,ferrari,https://en.wikipedia.org/wiki/Scuderia_Ferrari,Ferrari,Italian,7342833.0,0 days 00:00:02.595000,4.0,54.0,0 days 00:01:48.753000,kph,167.598,2022,17
55,3,3,15.0,4,59,Finished,sainz,55,SAI,http://en.wikipedia.org/wiki/Carlos_Sainz_Jr.,Carlos,Sainz,1994-09-01,Spanish,ferrari,https://en.wikipedia.org/wiki/Scuderia_Ferrari,Ferrari,Italian,7350543.0,0 days 00:00:10.305000,3.0,59.0,0 days 00:01:48.414000,kph,168.122,2022,17
4,4,4,12.0,6,59,Finished,norris,1,NOR,http://en.wikipedia.org/wiki/Lando_Norris,Lando,Norris,1999-11-13,British,mclaren,https://en.wikipedia.org/wiki/McLaren,McLaren,British,7361371.0,0 days 00:00:21.133000,6.0,56.0,0 days 00:01:49.212000,kph,166.893,2022,17
3,5,5,10.0,16,59,Finished,ricciardo,3,RIC,http://en.wikipedia.org/wiki/Daniel_Ricciardo,Daniel,Ricciardo,1989-07-01,Australian,mclaren,https://en.wikipedia.org/wiki/McLaren,McLaren,British,7393520.0,0 days 00:00:53.282000,12.0,57.0,0 days 00:01:51.006000,kph,164.196,2022,17
18,6,6,8.0,11,59,Finished,stroll,18,STR,http://en.wikipedia.org/wiki/Lance_Stroll,Lance,Stroll,1998-10-29,Canadian,aston_martin,https://en.wikipedia.org/wiki/Aston_Martin_in_Formula_One,Aston Martin,British,7396568.0,0 days 00:00:56.330000,7.0,58.0,0 days 00:01:50.283000,kph,165.272,2022,17
1,7,7,6.0,8,59,Finished,max_verstappen,3,VER,http://en.wikipedia.org/wiki/Max_Verstappen,Max,Verstappen,1997-09-30,Dutch,red_bull,https://en.wikipedia.org/wiki/Red_Bull_Racing,Red Bull,Austrian,7399063.0,0 days 00:00:58.825000,5.0,52.0,0 days 00:01:49.142000,kph,167.0,2022,17
5,8,8,4.0,13,59,Finished,vettel,5,VET,http://en.wikipedia.org/wiki/Sebastian_Vettel,Sebastian,Vettel,1987-07-03,German,aston_martin,https://en.wikipedia.org/wiki/Aston_Martin_in_Formula_One,Aston Martin,British,7400270.0,0 days 00:01:00.032000,11.0,58.0,0 days 00:01:50.669000,kph,164.696,2022,17
44,9,9,2.0,3,59,Finished,hamilton,44,HAM,http://en.wikipedia.org/wiki/Lewis_Hamilton,Lewis,Hamilton,1985-01-07,British,mercedes,https://en.wikipedia.org/wiki/Mercedes-Benz_in_Formula_One,Mercedes,German,7401753.0,0 days 00:01:01.515000,10.0,58.0,0 days 00:01:50.622000,kph,164.766,2022,17
10,10,10,1.0,7,59,Finished,gasly,10,GAS,http://en.wikipedia.org/wiki/Pierre_Gasly,Pierre,Gasly,1996-02-07,French,alphatauri,https://en.wikipedia.org/wiki/Scuderia_AlphaTauri,AlphaTauri,Italian,7409814.0,0 days 00:01:09.576000,9.0,56.0,0 days 00:01:50.569000,kph,164.845,2022,17
77,11,11,0.0,15,59,Finished,bottas,77,BOT,http://en.wikipedia.org/wiki/Valtteri_Bottas,Valtteri,Bottas,1989-08-28,Finnish,alfa,https://en.wikipedia.org/wiki/Alfa_Romeo_in_Formula_One,Alfa Romeo,Swiss,7429082.0,0 days 00:01:28.844000,13.0,52.0,0 days 00:01:51.864000,kph,162.937,2022,17
20,12,12,0.0,9,59,Finished,kevin_magnussen,20,MAG,http://en.wikipedia.org/wiki/Kevin_Magnussen,Kevin,Magnussen,1992-10-05,Danish,haas,https://en.wikipedia.org/wiki/Haas_F1_Team,Haas F1 Team,American,7432848.0,0 days 00:01:32.610000,14.0,59.0,0 days 00:01:52.067000,kph,162.641,2022,17
47,13,13,0.0,12,58,+1 Lap,mick_schumacher,47,MSC,http://en.wikipedia.org/wiki/Mick_Schumacher,Mick,Schumacher,1999-03-22,German,haas,https://en.wikipedia.org/wiki/Haas_F1_Team,Haas F1 Team,American,,,8.0,58.0,0 days 00:01:50.290000,kph,165.262,2022,17
63,14,14,0.0,0,57,+2 Laps,russell,63,RUS,http://en.wikipedia.org/wiki/George_Russell_(racing_driver),George,Russell,1998-02-15,British,mercedes,https://en.wikipedia.org/wiki/Mercedes-Benz_in_Formula_One,Mercedes,German,,,1.0,54.0,0 days 00:01:46.458000,kph,171.211,2022,17
22,15,R,0.0,10,34,Accident,tsunoda,22,TSU,http://en.wikipedia.org/wiki/Yuki_Tsunoda,Yuki,Tsunoda,2000-05-11,Japanese,alphatauri,https://en.wikipedia.org/wiki/Scuderia_AlphaTauri,AlphaTauri,Italian,,,15.0,32.0,0 days 00:01:58.716000,kph,153.532,2022,17
31,16,R,0.0,17,26,Engine,ocon,31,OCO,http://en.wikipedia.org/wiki/Esteban_Ocon,Esteban,Ocon,1996-09-17,French,alpine,https://en.wikipedia.org/wiki/Alpine_F1_Team,Alpine F1 Team,French,,,17.0,24.0,0 days 00:02:01.105000,kph,150.504,2022,17
23,17,R,0.0,18,25,Collision damage,albon,23,ALB,http://en.wikipedia.org/wiki/Alexander_Albon,Alexander,Albon,1996-03-23,Thai,williams,https://en.wikipedia.org/wiki/Williams_Racing,Williams,British,,,18.0,24.0,0 days 00:02:02.121000,kph,149.251,2022,17
14,18,R,0.0,5,20,Engine,alonso,14,ALO,http://en.wikipedia.org/wiki/Fernando_Alonso,Fernando,Alonso,1981-07-29,Spanish,alpine,https://en.wikipedia.org/wiki/Alpine_F1_Team,Alpine F1 Team,French,,,16.0,19.0,0 days 00:02:00.463000,kph,151.306,2022,17
6,19,R,0.0,19,7,Collision damage,latifi,6,LAT,http://en.wikipedia.org/wiki/Nicholas_Latifi,Nicholas,Latifi,1995-06-29,Canadian,williams,https://en.wikipedia.org/wiki/Williams_Racing,Williams,British,,,20.0,5.0,0 days 00:02:05.585000,kph,145.135,2022,17
24,20,R,0.0,14,6,Collision,zhou,24,ZHO,http://en.wikipedia.org/wiki/Zhou_Guanyu,Guanyu,Zhou,1999-05-30,Chinese,alfa,https://en.wikipedia.org/wiki/Alfa_Romeo_in_Formula_One,Alfa Romeo,Swiss,,,19.0,5.0,0 days 00:02:05.556000,kph,145.168,2022,17
1,1,1,25.0,1,28,Finished,max_verstappen,3,VER,http://en.wikipedia.org/wiki/Max_Verstappen,Max,Verstappen,1997-09-30,Dutch,red_bull,https://en.wikipedia.org/wiki/Red_Bull_Racing,Red Bull,Austrian,10904004.0,0 days 03:01:44.004000,4.0,10.0,0 days 00:01:44.911000,kph,199.266,2022,18
11,2,2,18.0,4,28,Finished,perez,11,PER,http://en.wikipedia.org/wiki/Sergio_P%C3%A9rez,Sergio,Pérez,1990-01-26,Mexican,red_bull,https://en.wikipedia.org/wiki/Red_Bull_Racing,Red Bull,Austrian,10931070.0,0 days 00:00:27.066000,9.0,11.0,0 days 00:01:46.120000,kph,196.995,2022,18
16,3,3,15.0,2,28,Finished,leclerc,16,LEC,http://en.wikipedia.org/wiki/Charles_Leclerc,Charles,Leclerc,1997-10-16,Monegasque,ferrari,https://en.wikipedia.org/wiki/Scuderia_Ferrari,Ferrari,Italian,10935767.0,0 days 00:00:31.763000,3.0,10.0,0 days 00:01:44.489000,kph,200.07,2022,18
31,4,4,12.0,5,28,Finished,ocon,31,OCO,http://en.wikipedia.org/wiki/Esteban_Ocon,Esteban,Ocon,1996-09-17,French,alpine,https://en.wikipedia.org/wiki/Alpine_F1_Team,Alpine F1 Team,French,10943689.0,0 days 00:00:39.685000,11.0,11.0,0 days 00:01:46.559000,kph,196.184,2022,18
44,5,5,10.0,6,28,Finished,hamilton,44,HAM,http://en.wikipedia.org/wiki/Lewis_Hamilton,Lewis,Hamilton,1985-01-07,British,mercedes,https://en.wikipedia.org/wiki/Mercedes-Benz_in_Formula_One,Mercedes,German,10944330.0,0 days 00:00:40.326000,7.0,11.0,0 days 00:01:45.530000,kph,198.097,2022,18
5,6,6,8.0,9,28,Finished,vettel,5,VET,http://en.wikipedia.org/wiki/Sebastian_Vettel,Sebastian,Vettel,1987-07-03,German,aston_martin,https://en.wikipedia.org/wiki/Aston_Martin_in_Formula_One,Aston Martin,British,10950362.0,0 days 00:00:46.358000,12.0,13.0,0 days 00:01:46.964000,kph,195.441,2022,18
14,7,7,6.0,7,28,Finished,alonso,14,ALO,http://en.wikipedia.org/wiki/Fernando_Alonso,Fernando,Alonso,1981-07-29,Spanish,alpine,https://en.wikipedia.org/wiki/Alpine_F1_Team,Alpine F1 Team,French,10950373.0,0 days 00:00:46.369000,2.0,25.0,0 days 00:01:44.412000,kph,200.218,2022,18
63,8,8,4.0,8,28,Finished,russell,63,RUS,http://en.wikipedia.org/wiki/George_Russell_(racing_driver),George,Russell,1998-02-15,British,mercedes,https://en.wikipedia.org/wiki/Mercedes-Benz_in_Formula_One,Mercedes,German,10951665.0,0 days 00:00:47.661000,13.0,21.0,0 days 00:01:47.004000,kph,195.368,2022,18
6,9,9,2.0,20,28,Finished,latifi,6,LAT,http://en.wikipedia.org/wiki/Nicholas_Latifi,Nicholas,Latifi,1995-06-29,Canadian,williams,https://en.wikipedia.org/wiki/Williams_Racing,Williams,British,10974147.0,0 days 00:01:10.143000,18.0,12.0,0 days 00:01:48.371000,kph,192.904,2022,18
4,10,10,1.0,10,28,Finished,norris,1,NOR,http://en.wikipedia.org/wiki/Lando_Norris,Lando,Norris,1999-11-13,British,mclaren,https://en.wikipedia.org/wiki/McLaren,McLaren,British,10974786.0,0 days 00:01:10.782000,17.0,8.0,0 days 00:01:48.175000,kph,193.253,2022,18
3,11,11,0.0,11,28,Finished,ricciardo,3,RIC,http://en.wikipedia.org/wiki/Daniel_Ricciardo,Daniel,Ricciardo,1989-07-01,Australian,mclaren,https://en.wikipedia.org/wiki/McLaren,McLaren,British,10976881.0,0 days 00:01:12.877000,15.0,11.0,0 days 00:01:47.843000,kph,193.848,2022,18
18,12,12,0.0,19,28,Finished,stroll,18,STR,http://en.wikipedia.org/wiki/Lance_Stroll,Lance,Stroll,1998-10-29,Canadian,aston_martin,https://en.wikipedia.org/wiki/Aston_Martin_in_Formula_One,Aston Martin,British,10977908.0,0 days 00:01:13.904000,5.0,21.0,0 days 00:01:45.205000,kph,198.709,2022,18
22,13,13,0.0,13,28,Finished,tsunoda,22,TSU,http://en.wikipedia.org/wiki/Yuki_Tsunoda,Yuki,Tsunoda,2000-05-11,Japanese,alphatauri,https://en.wikipedia.org/wiki/Scuderia_AlphaTauri,AlphaTauri,Italian,10979603.0,0 days 00:01:15.599000,8.0,22.0,0 days 00:01:45.893000,kph,197.418,2022,18
20,14,14,0.0,18,28,Finished,kevin_magnussen,20,MAG,http://en.wikipedia.org/wiki/Kevin_Magnussen,Kevin,Magnussen,1992-10-05,Danish,haas,https://en.wikipedia.org/wiki/Haas_F1_Team,Haas F1 Team,American,10990020.0,0 days 00:01:26.016000,16.0,10.0,0 days 00:01:48.072000,kph,193.437,2022,18
77,15,15,0.0,12,28,Finished,bottas,77,BOT,http://en.wikipedia.org/wiki/Valtteri_Bottas,Valtteri,Bottas,1989-08-28,Finnish,alfa,https://en.wikipedia.org/wiki/Alfa_Romeo_in_Formula_One,Alfa Romeo,Swiss,10990500.0,0 days 00:01:26.496000,14.0,11.0,0 days 00:01:47.820000,kph,193.889,2022,18
24,16,16,0.0,14,28,Finished,zhou,24,ZHO,http://en.wikipedia.org/wiki/Zhou_Guanyu,Guanyu,Zhou,1999-05-30,Chinese,alfa,https://en.wikipedia.org/wiki/Alfa_Romeo_in_Formula_One,Alfa Romeo,Swiss,10991047.0,0 days 00:01:27.043000,1.0,20.0,0 days 00:01:44.411000,kph,200.22,2022,18
47,17,17,0.0,15,28,Finished,mick_schumacher,47,MSC,http://en.wikipedia.org/wiki/Mick_Schumacher,Mick,Schumacher,1999-03-22,German,haas,https://en.wikipedia.org/wiki/Haas_F1_Team,Haas F1 Team,American,10996527.0,0 days 00:01:32.523000,6.0,22.0,0 days 00:01:45.387000,kph,198.366,2022,18
10,18,18,0.0,17,28,Finished,gasly,10,GAS,http://en.wikipedia.org/wiki/Pierre_Gasly,Pierre,Gasly,1996-02-07,French,alphatauri,https://en.wikipedia.org/wiki/Scuderia_AlphaTauri,AlphaTauri,Italian,11012095.0,0 days 00:01:48.091000,10.0,13.0,0 days 00:01:46.545000,kph,196.21,2022,18
55,19,R,0.0,3,0,Accident,sainz,55,SAI,http://en.wikipedia.org/wiki/Carlos_Sainz_Jr.,Carlos,Sainz,1994-09-01,Spanish,ferrari,https://en.wikipedia.org/wiki/Scuderia_Ferrari,Ferrari,Italian,,,,,,,,2022,18
23,20,R,0.0,16,0,Hydraulics,albon,23,ALB,http://en.wikipedia.org/wiki/Alexander_Albon,Alexander,Albon,1996-03-23,Thai,williams,https://en.wikipedia.org/wiki/Williams_Racing,Williams,British,,,,,,,,2022,18
1,1,1,25.0,2,56,Finished,max_verstappen,3,VER,http://en.wikipedia.org/wiki/Max_Verstappen,Max,Verstappen,1997-09-30,Dutch,red_bull,https://en.wikipedia.org/wiki/Red_Bull_Racing,Red Bull,Austrian,6131687.0,0 days 01:42:11.687000,2.0,37.0,0 days 00:01:39.541000,kph,199.383,2022,19
44,2,2,18.0,3,56,Finished,hamilton,44,HAM,http://en.wikipedia.org/wiki/Lewis_Hamilton,Lewis,Hamilton,1985-01-07,British,mercedes,https://en.wikipedia.org/wiki/Mercedes-Benz_in_Formula_One,Mercedes,German,6136710.0,0 days 00:00:05.023000,5.0,45.0,0 days 00:01:39.830000,kph,198.805,2022,19
16,3,3,15.0,12,56,Finished,leclerc,16,LEC,http://en.wikipedia.org/wiki/Charles_Leclerc,Charles,Leclerc,1997-10-16,Monegasque,ferrari,https://en.wikipedia.org/wiki/Scuderia_Ferrari,Ferrari,Italian,6139188.0,0 days 00:00:07.501000,4.0,37.0,0 days 00:01:39.731000,kph,199.003,2022,19
11,4,4,12.0,9,56,Finished,perez,11,PER,http://en.wikipedia.org/wiki/Sergio_P%C3%A9rez,Sergio,Pérez,1990-01-26,Mexican,red_bull,https://en.wikipedia.org/wiki/Red_Bull_Racing,Red Bull,Austrian,6139980.0,0 days 00:00:08.293000,3.0,44.0,0 days 00:01:39.563000,kph,199.339,2022,19
63,5,5,11.0,4,56,Finished,russell,63,RUS,http://en.wikipedia.org/wiki/George_Russell_(racing_driver),George,Russell,1998-02-15,British,mercedes,https://en.wikipedia.org/wiki/Mercedes-Benz_in_Formula_One,Mercedes,German,6176502.0,0 days 00:00:44.815000,1.0,56.0,0 days 00:01:38.788000,kph,200.902,2022,19
4,6,6,8.0,6,56,Finished,norris,1,NOR,http://en.wikipedia.org/wiki/Lando_Norris,Lando,Norris,1999-11-13,British,mclaren,https://en.wikipedia.org/wiki/McLaren,McLaren,British,6185472.0,0 days 00:00:53.785000,7.0,49.0,0 days 00:01:41.322000,kph,195.878,2022,19
14,7,7,6.0,14,56,Finished,alonso,14,ALO,http://en.wikipedia.org/wiki/Fernando_Alonso,Fernando,Alonso,1981-07-29,Spanish,alpine,https://en.wikipedia.org/wiki/Alpine_F1_Team,Alpine F1 Team,French,6186765.0,0 days 00:00:55.078000,8.0,39.0,0 days 00:01:41.538000,kph,195.461,2022,19
5,8,8,4.0,10,56,Finished,vettel,5,VET,http://en.wikipedia.org/wiki/Sebastian_Vettel,Sebastian,Vettel,1987-07-03,German,aston_martin,https://en.wikipedia.org/wiki/Aston_Martin_in_Formula_One,Aston Martin,British,6197041.0,0 days 00:01:05.354000,16.0,35.0,0 days 00:01:42.546000,kph,193.54,2022,19
20,9,9,2.0,13,56,Finished,kevin_magnussen,20,MAG,http://en.wikipedia.org/wiki/Kevin_Magnussen,Kevin,Magnussen,1992-10-05,Danish,haas,https://en.wikipedia.org/wiki/Haas_F1_Team,Haas F1 Team,American,6197521.0,0 days 00:01:05.834000,11.0,36.0,0 days 00:01:42.206000,kph,194.184,2022,19
22,10,10,1.0,19,56,Finished,tsunoda,22,TSU,http://en.wikipedia.org/wiki/Yuki_Tsunoda,Yuki,Tsunoda,2000-05-11,Japanese,alphatauri,https://en.wikipedia.org/wiki/Scuderia_AlphaTauri,AlphaTauri,Italian,6202606.0,0 days 00:01:10.919000,6.0,49.0,0 days 00:01:41.243000,kph,196.031,2022,19
31,11,11,0.0,0,56,Finished,ocon,31,OCO,http://en.wikipedia.org/wiki/Esteban_Ocon,Esteban,Ocon,1996-09-17,French,alpine,https://en.wikipedia.org/wiki/Alpine_F1_Team,Alpine F1 Team,French,6204562.0,0 days 00:01:12.875000,13.0,39.0,0 days 00:01:42.394000,kph,193.827,2022,19
24,12,12,0.0,18,56,Finished,zhou,24,ZHO,http://en.wikipedia.org/wiki/Zhou_Guanyu,Guanyu,Zhou,1999-05-30,Chinese,alfa,https://en.wikipedia.org/wiki/Alfa_Romeo_in_Formula_One,Alfa Romeo,Swiss,6207851.0,0 days 00:01:16.164000,15.0,46.0,0 days 00:01:42.471000,kph,193.682,2022,19
23,13,13,0.0,8,56,Finished,albon,23,ALB,http://en.wikipedia.org/wiki/Alexander_Albon,Alexander,Albon,1996-03-23,Thai,williams,https://en.wikipedia.org/wiki/Williams_Racing,Williams,British,6211744.0,0 days 00:01:20.057000,9.0,55.0,0 days 00:01:41.674000,kph,195.2,2022,19
10,14,14,0.0,11,56,Finished,gasly,10,GAS,http://en.wikipedia.org/wiki/Pierre_Gasly,Pierre,Gasly,1996-02-07,French,alphatauri,https://en.wikipedia.org/wiki/Scuderia_AlphaTauri,AlphaTauri,Italian,6213450.0,0 days 00:01:21.763000,12.0,55.0,0 days 00:01:42.320000,kph,193.967,2022,19
47,15,15,0.0,16,56,Finished,mick_schumacher,47,MSC,http://en.wikipedia.org/wiki/Mick_Schumacher,Mick,Schumacher,1999-03-22,German,haas,https://en.wikipedia.org/wiki/Haas_F1_Team,Haas F1 Team,American,6216177.0,0 days 00:01:24.490000,10.0,51.0,0 days 00:01:41.804000,kph,194.951,2022,19
3,16,16,0.0,15,56,Finished,ricciardo,3,RIC,http://en.wikipedia.org/wiki/Daniel_Ricciardo,Daniel,Ricciardo,1989-07-01,Australian,mclaren,https://en.wikipedia.org/wiki/McLaren,McLaren,British,6222174.0,0 days 00:01:30.487000,14.0,55.0,0 days 00:01:42.420000,kph,193.778,2022,19
6,17,17,0.0,17,56,Finished,latifi,6,LAT,http://en.wikipedia.org/wiki/Nicholas_Latifi,Nicholas,Latifi,1995-06-29,Canadian,williams,https://en.wikipedia.org/wiki/Williams_Racing,Williams,British,6235275.0,0 days 00:01:43.588000,19.0,54.0,0 days 00:01:43.485000,kph,191.784,2022,19
18,18,R,0.0,5,21,Collision,stroll,18,STR,http://en.wikipedia.org/wiki/Lance_Stroll,Lance,Stroll,1998-10-29,Canadian,aston_martin,https://en.wikipedia.org/wiki/Aston_Martin_in_Formula_One,Aston Martin,British,,,17.0,3.0,0 days 00:01:43.080000,kph,192.537,2022,19
77,19,R,0.0,7,16,Spun off,bottas,77,BOT,http://en.wikipedia.org/wiki/Valtteri_Bottas,Valtteri,Bottas,1989-08-28,Finnish,alfa,https://en.wikipedia.org/wiki/Alfa_Romeo_in_Formula_One,Alfa Romeo,Swiss,,,18.0,4.0,0 days 00:01:43.391000,kph,191.958,2022,19
55,20,R,0.0,1,1,Collision damage,sainz,55,SAI,http://en.wikipedia.org/wiki/Carlos_Sainz_Jr.,Carlos,Sainz,1994-09-01,Spanish,ferrari,https://en.wikipedia.org/wiki/Scuderia_Ferrari,Ferrari,Italian,,,,,,,,2022,19
1,1,1,25.0,1,71,Finished,max_verstappen,3,VER,http://en.wikipedia.org/wiki/Max_Verstappen,Max,Verstappen,1997-09-30,Dutch,red_bull,https://en.wikipedia.org/wiki/Red_Bull_Racing,Red Bull,Austrian,5916729.0,0 days 01:38:36.729000,4.0,36.0,0 days 00:01:22.046000,kph,188.85,2022,20
44,2,2,18.0,3,71,Finished,hamilton,44,HAM,http://en.wikipedia.org/wiki/Lewis_Hamilton,Lewis,Hamilton,1985-01-07,British,mercedes,https://en.wikipedia.org/wiki/Mercedes-Benz_in_Formula_One,Mercedes,German,5931915.0,0 days 00:00:15.186000,5.0,32.0,0 days 00:01:22.062000,kph,188.813,2022,20
11,3,3,15.0,4,71,Finished,perez,11,PER,http://en.wikipedia.org/wiki/Sergio_P%C3%A9rez,Sergio,Pérez,1990-01-26,Mexican,red_bull,https://en.wikipedia.org/wiki/Red_Bull_Racing,Red Bull,Austrian,5934826.0,0 days 00:00:18.097000,2.0,30.0,0 days 00:01:21.775000,kph,189.476,2022,20
63,4,4,13.0,2,71,Finished,russell,63,RUS,http://en.wikipedia.org/wiki/George_Russell_(racing_driver),George,Russell,1998-02-15,British,mercedes,https://en.wikipedia.org/wiki/Mercedes-Benz_in_Formula_One,Mercedes,German,5966160.0,0 days 00:00:49.431000,1.0,71.0,0 days 00:01:20.153000,kph,193.31,2022,20
55,5,5,10.0,5,71,Finished,sainz,55,SAI,http://en.wikipedia.org/wiki/Carlos_Sainz_Jr.,Carlos,Sainz,1994-09-01,Spanish,ferrari,https://en.wikipedia.org/wiki/Scuderia_Ferrari,Ferrari,Italian,5974852.0,0 days 00:00:58.123000,6.0,32.0,0 days 00:01:22.199000,kph,188.498,2022,20
16,6,6,8.0,7,71,Finished,leclerc,16,LEC,http://en.wikipedia.org/wiki/Charles_Leclerc,Charles,Leclerc,1997-10-16,Monegasque,ferrari,https://en.wikipedia.org/wiki/Scuderia_Ferrari,Ferrari,Italian,5985503.0,0 days 00:01:08.774000,10.0,48.0,0 days 00:01:22.603000,kph,187.576,2022,20
3,7,7,6.0,11,70,+1 Lap,ricciardo,3,RIC,http://en.wikipedia.org/wiki/Daniel_Ricciardo,Daniel,Ricciardo,1989-07-01,Australian,mclaren,https://en.wikipedia.org/wiki/McLaren,McLaren,British,,,3.0,48.0,0 days 00:01:22.022000,kph,188.905,2022,20
31,8,8,4.0,10,70,+1 Lap,ocon,31,OCO,http://en.wikipedia.org/wiki/Esteban_Ocon,Esteban,Ocon,1996-09-17,French,alpine,https://en.wikipedia.org/wiki/Alpine_F1_Team,Alpine F1 Team,French,,,14.0,48.0,0 days 00:01:23.279000,kph,186.054,2022,20
4,9,9,2.0,8,70,+1 Lap,norris,1,NOR,http://en.wikipedia.org/wiki/Lando_Norris,Lando,Norris,1999-11-13,British,mclaren,https://en.wikipedia.org/wiki/McLaren,McLaren,British,,,17.0,48.0,0 days 00:01:23.402000,kph,185.779,2022,20
77,10,10,1.0,6,70,+1 Lap,bottas,77,BOT,http://en.wikipedia.org/wiki/Valtteri_Bottas,Valtteri,Bottas,1989-08-28,Finnish,alfa,https://en.wikipedia.org/wiki/Alfa_Romeo_in_Formula_One,Alfa Romeo,Swiss,,,16.0,43.0,0 days 00:01:23.363000,kph,185.866,2022,20
10,11,11,0.0,14,70,+1 Lap,gasly,10,GAS,http://en.wikipedia.org/wiki/Pierre_Gasly,Pierre,Gasly,1996-02-07,French,alphatauri,https://en.wikipedia.org/wiki/Scuderia_AlphaTauri,AlphaTauri,Italian,,,8.0,42.0,0 days 00:01:22.277000,kph,188.319,2022,20
23,12,12,0.0,17,70,+1 Lap,albon,23,ALB,http://en.wikipedia.org/wiki/Alexander_Albon,Alexander,Albon,1996-03-23,Thai,williams,https://en.wikipedia.org/wiki/Williams_Racing,Williams,British,,,12.0,48.0,0 days 00:01:22.914000,kph,186.873,2022,20
24,13,13,0.0,12,70,+1 Lap,zhou,24,ZHO,http://en.wikipedia.org/wiki/Zhou_Guanyu,Guanyu,Zhou,1999-05-30,Chinese,alfa,https://en.wikipedia.org/wiki/Alfa_Romeo_in_Formula_One,Alfa Romeo,Swiss,,,7.0,47.0,0 days 00:01:22.260000,kph,188.358,2022,20
5,14,14,0.0,16,70,+1 Lap,vettel,5,VET,http://en.wikipedia.org/wiki/Sebastian_Vettel,Sebastian,Vettel,1987-07-03,German,aston_martin,https://en.wikipedia.org/wiki/Aston_Martin_in_Formula_One,Aston Martin,British,,,13.0,45.0,0 days 00:01:23.086000,kph,186.486,2022,20
18,15,15,0.0,20,70,+1 Lap,stroll,18,STR,http://en.wikipedia.org/wiki/Lance_Stroll,Lance,Stroll,1998-10-29,Canadian,aston_martin,https://en.wikipedia.org/wiki/Aston_Martin_in_Formula_One,Aston Martin,British,,,9.0,42.0,0 days 00:01:22.463000,kph,187.895,2022,20
47,16,16,0.0,15,70,+1 Lap,mick_schumacher,47,MSC,http://en.wikipedia.org/wiki/Mick_Schumacher,Mick,Schumacher,1999-03-22,German,haas,https://en.wikipedia.org/wiki/Haas_F1_Team,Haas F1 Team,American,,,19.0,30.0,0 days 00:01:23.641000,kph,185.248,2022,20
20,17,17,0.0,19,70,+1 Lap,kevin_magnussen,20,MAG,http://en.wikipedia.org/wiki/Kevin_Magnussen,Kevin,Magnussen,1992-10-05,Danish,haas,https://en.wikipedia.org/wiki/Haas_F1_Team,Haas F1 Team,American,,,15.0,49.0,0 days 00:01:23.300000,kph,186.007,2022,20
6,18,18,0.0,18,69,+2 Laps,latifi,6,LAT,http://en.wikipedia.org/wiki/Nicholas_Latifi,Nicholas,Latifi,1995-06-29,Canadian,williams,https://en.wikipedia.org/wiki/Williams_Racing,Williams,British,,,20.0,56.0,0 days 00:01:23.709000,kph,185.098,2022,20
14,19,19,0.0,9,63,Engine,alonso,14,ALO,http://en.wikipedia.org/wiki/Fernando_Alonso,Fernando,Alonso,1981-07-29,Spanish,alpine,https://en.wikipedia.org/wiki/Alpine_F1_Team,Alpine F1 Team,French,,,11.0,48.0,0 days 00:01:22.866000,kph,186.981,2022,20
22,20,R,0.0,13,50,Collision damage,tsunoda,22,TSU,http://en.wikipedia.org/wiki/Yuki_Tsunoda,Yuki,Tsunoda,2000-05-11,Japanese,alphatauri,https://en.wikipedia.org/wiki/Scuderia_AlphaTauri,AlphaTauri,Italian,,,18.0,48.0,0 days 00:01:23.403000,kph,185.777,2022,20
63,1,1,26.0,1,71,Finished,russell,63,RUS,http://en.wikipedia.org/wiki/George_Russell_(racing_driver),George,Russell,1998-02-15,British,mercedes,https://en.wikipedia.org/wiki/Mercedes-Benz_in_Formula_One,Mercedes,German,5914044.0,0 days 01:38:34.044000,1.0,61.0,0 days 00:01:13.785000,kph,210.237,2022,21
44,2,2,18.0,2,71,Finished,hamilton,44,HAM,http://en.wikipedia.org/wiki/Lewis_Hamilton,Lewis,Hamilton,1985-01-07,British,mercedes,https://en.wikipedia.org/wiki/Mercedes-Benz_in_Formula_One,Mercedes,German,5915573.0,0 days 00:00:01.529000,2.0,63.0,0 days 00:01:13.942000,kph,209.791,2022,21
55,3,3,15.0,7,71,Finished,sainz,55,SAI,http://en.wikipedia.org/wiki/Carlos_Sainz_Jr.,Carlos,Sainz,1994-09-01,Spanish,ferrari,https://en.wikipedia.org/wiki/Scuderia_Ferrari,Ferrari,Italian,5918095.0,0 days 00:00:04.051000,3.0,65.0,0 days 00:01:13.953000,kph,209.76,2022,21
16,4,4,12.0,5,71,Finished,leclerc,16,LEC,http://en.wikipedia.org/wiki/Charles_Leclerc,Charles,Leclerc,1997-10-16,Monegasque,ferrari,https://en.wikipedia.org/wiki/Scuderia_Ferrari,Ferrari,Italian,5922485.0,0 days 00:00:08.441000,6.0,63.0,0 days 00:01:14.253000,kph,208.912,2022,21
14,5,5,10.0,17,71,Finished,alonso,14,ALO,http://en.wikipedia.org/wiki/Fernando_Alonso,Fernando,Alonso,1981-07-29,Spanish,alpine,https://en.wikipedia.org/wiki/Alpine_F1_Team,Alpine F1 Team,French,5923605.0,0 days 00:00:09.561000,4.0,62.0,0 days 00:01:14.164000,kph,209.163,2022,21
1,6,6,8.0,3,71,Finished,max_verstappen,3,VER,http://en.wikipedia.org/wiki/Max_Verstappen,Max,Verstappen,1997-09-30,Dutch,red_bull,https://en.wikipedia.org/wiki/Red_Bull_Racing,Red Bull,Austrian,5924100.0,0 days 00:00:10.056000,5.0,64.0,0 days 00:01:14.195000,kph,209.076,2022,21
11,7,7,6.0,4,71,Finished,perez,11,PER,http://en.wikipedia.org/wiki/Sergio_P%C3%A9rez,Sergio,Pérez,1990-01-26,Mexican,red_bull,https://en.wikipedia.org/wiki/Red_Bull_Racing,Red Bull,Austrian,5928124.0,0 days 00:00:14.080000,7.0,62.0,0 days 00:01:14.283000,kph,208.828,2022,21
31,8,8,4.0,16,71,Finished,ocon,31,OCO,http://en.wikipedia.org/wiki/Esteban_Ocon,Esteban,Ocon,1996-09-17,French,alpine,https://en.wikipedia.org/wiki/Alpine_F1_Team,Alpine F1 Team,French,5932734.0,0 days 00:00:18.690000,9.0,65.0,0 days 00:01:15.093000,kph,206.575,2022,21
77,9,9,2.0,14,71,Finished,bottas,77,BOT,http://en.wikipedia.org/wiki/Valtteri_Bottas,Valtteri,Bottas,1989-08-28,Finnish,alfa,https://en.wikipedia.org/wiki/Alfa_Romeo_in_Formula_One,Alfa Romeo,Swiss,5936596.0,0 days 00:00:22.552000,14.0,62.0,0 days 00:01:15.511000,kph,205.432,2022,21
18,10,10,1.0,15,71,Finished,stroll,18,STR,http://en.wikipedia.org/wiki/Lance_Stroll,Lance,Stroll,1998-10-29,Canadian,aston_martin,https://en.wikipedia.org/wiki/Aston_Martin_in_Formula_One,Aston Martin,British,5937596.0,0 days 00:00:23.552000,8.0,50.0,0 days 00:01:14.831000,kph,207.299,2022,21
5,11,11,0.0,9,71,Finished,vettel,5,VET,http://en.wikipedia.org/wiki/Sebastian_Vettel,Sebastian,Vettel,1987-07-03,German,aston_martin,https://en.wikipedia.org/wiki/Aston_Martin_in_Formula_One,Aston Martin,British,5940227.0,0 days 00:00:26.183000,15.0,64.0,0 days 00:01:15.549000,kph,205.328,2022,21
24,12,12,0.0,13,71,Finished,zhou,24,ZHO,http://en.wikipedia.org/wiki/Zhou_Guanyu,Guanyu,Zhou,1999-05-30,Chinese,alfa,https://en.wikipedia.org/wiki/Alfa_Romeo_in_Formula_One,Alfa Romeo,Swiss,5943369.0,0 days 00:00:29.325000,17.0,64.0,0 days 00:01:15.802000,kph,204.643,2022,21
47,13,13,0.0,12,71,Finished,mick_schumacher,47,MSC,http://en.wikipedia.org/wiki/Mick_Schumacher,Mick,Schumacher,1999-03-22,German,haas,https://en.wikipedia.org/wiki/Haas_F1_Team,Haas F1 Team,American,5943943.0,0 days 00:00:29.899000,10.0,63.0,0 days 00:01:15.251000,kph,206.142,2022,21
10,14,14,0.0,10,71,Finished,gasly,10,GAS,http://en.wikipedia.org/wiki/Pierre_Gasly,Pierre,Gasly,1996-02-07,French,alphatauri,https://en.wikipedia.org/wiki/Scuderia_AlphaTauri,AlphaTauri,Italian,5945911.0,0 days 00:00:31.867000,12.0,64.0,0 days 00:01:15.327000,kph,205.934,2022,21
23,15,15,0.0,19,71,Finished,albon,23,ALB,http://en.wikipedia.org/wiki/Alexander_Albon,Alexander,Albon,1996-03-23,Thai,williams,https://en.wikipedia.org/wiki/Williams_Racing,Williams,British,5950060.0,0 days 00:00:36.016000,16.0,49.0,0 days 00:01:15.613000,kph,205.155,2022,21
6,16,16,0.0,18,71,Finished,latifi,6,LAT,http://en.wikipedia.org/wiki/Nicholas_Latifi,Nicholas,Latifi,1995-06-29,Canadian,williams,https://en.wikipedia.org/wiki/Williams_Racing,Williams,British,5951082.0,0 days 00:00:37.038000,11.0,59.0,0 days 00:01:15.327000,kph,205.934,2022,21
22,17,17,0.0,0,70,+1 Lap,tsunoda,22,TSU,http://en.wikipedia.org/wiki/Yuki_Tsunoda,Yuki,Tsunoda,2000-05-11,Japanese,alphatauri,https://en.wikipedia.org/wiki/Scuderia_AlphaTauri,AlphaTauri,Italian,,,13.0,63.0,0 days 00:01:15.508000,kph,205.44,2022,21
4,18,R,0.0,6,50,Gearbox,norris,1,NOR,http://en.wikipedia.org/wiki/Lando_Norris,Lando,Norris,1999-11-13,British,mclaren,https://en.wikipedia.org/wiki/McLaren,McLaren,British,,,18.0,48.0,0 days 00:01:15.855000,kph,204.5,2022,21
20,19,R,0.0,8,0,Collision,kevin_magnussen,20,MAG,http://en.wikipedia.org/wiki/Kevin_Magnussen,Kevin,Magnussen,1992-10-05,Danish,haas,https://en.wikipedia.org/wiki/Haas_F1_Team,Haas F1 Team,American,,,,,,,,2022,21
3,20,R,0.0,11,0,Collision,ricciardo,3,RIC,http://en.wikipedia.org/wiki/Daniel_Ricciardo,Daniel,Ricciardo,1989-07-01,Australian,mclaren,https://en.wikipedia.org/wiki/McLaren,McLaren,British,,,,,,,,2022,21
1,1,1,25.0,1,58,Finished,max_verstappen,3,VER,http://en.wikipedia.org/wiki/Max_Verstappen,Max,Verstappen,1997-09-30,Dutch,red_bull,https://en.wikipedia.org/wiki/Red_Bull_Racing,Red Bull,Austrian,5265914.0,0 days 01:27:45.914000,6.0,54.0,0 days 00:01:29.392000,kph,212.676,2022,22
16,2,2,18.0,3,58,Finished,leclerc,16,LEC,http://en.wikipedia.org/wiki/Charles_Leclerc,Charles,Leclerc,1997-10-16,Monegasque,ferrari,https://en.wikipedia.org/wiki/Scuderia_Ferrari,Ferrari,Italian,5274685.0,0 days 00:00:08.771000,10.0,48.0,0 days 00:01:29.719000,kph,211.901,2022,22
11,3,3,15.0,2,58,Finished,perez,11,PER,http://en.wikipedia.org/wiki/Sergio_P%C3%A9rez,Sergio,Pérez,1990-01-26,Mexican,red_bull,https://en.wikipedia.org/wiki/Red_Bull_Racing,Red Bull,Austrian,5276007.0,0 days 00:00:10.093000,4.0,52.0,0 days 00:01:28.972000,kph,213.68,2022,22
55,4,4,12.0,4,58,Finished,sainz,55,SAI,http://en.wikipedia.org/wiki/Carlos_Sainz_Jr.,Carlos,Sainz,1994-09-01,Spanish,ferrari,https://en.wikipedia.org/wiki/Scuderia_Ferrari,Ferrari,Italian,5290806.0,0 days 00:00:24.892000,3.0,50.0,0 days 00:01:28.879000,kph,213.904,2022,22
63,5,5,10.0,6,58,Finished,russell,63,RUS,http://en.wikipedia.org/wiki/George_Russell_(racing_driver),George,Russell,1998-02-15,British,mercedes,https://en.wikipedia.org/wiki/Mercedes-Benz_in_Formula_One,Mercedes,German,5301802.0,0 days 00:00:35.888000,2.0,48.0,0 days 00:01:28.836000,kph,214.007,2022,22
4,6,6,9.0,7,58,Finished,norris,1,NOR,http://en.wikipedia.org/wiki/Lando_Norris,Lando,Norris,1999-11-13,British,mclaren,https://en.wikipedia.org/wiki/McLaren,McLaren,British,5322148.0,0 days 00:00:56.234000,1.0,44.0,0 days 00:01:28.391000,kph,215.085,2022,22
31,7,7,6.0,8,58,Finished,ocon,31,OCO,http://en.wikipedia.org/wiki/Esteban_Ocon,Esteban,Ocon,1996-09-17,French,alpine,https://en.wikipedia.org/wiki/Alpine_F1_Team,Alpine F1 Team,French,5323154.0,0 days 00:00:57.240000,5.0,45.0,0 days 00:01:29.333000,kph,212.817,2022,22
18,8,8,4.0,14,58,Finished,stroll,18,STR,http://en.wikipedia.org/wiki/Lance_Stroll,Lance,Stroll,1998-10-29,Canadian,aston_martin,https://en.wikipedia.org/wiki/Aston_Martin_in_Formula_One,Aston Martin,British,5342845.0,0 days 00:01:16.931000,9.0,42.0,0 days 00:01:29.620000,kph,212.135,2022,22
3,9,9,2.0,13,58,Finished,ricciardo,3,RIC,http://en.wikipedia.org/wiki/Daniel_Ricciardo,Daniel,Ricciardo,1989-07-01,Australian,mclaren,https://en.wikipedia.org/wiki/McLaren,McLaren,British,5349182.0,0 days 00:01:23.268000,18.0,45.0,0 days 00:01:30.785000,kph,209.413,2022,22
5,10,10,1.0,9,58,Finished,vettel,5,VET,http://en.wikipedia.org/wiki/Sebastian_Vettel,Sebastian,Vettel,1987-07-03,German,aston_martin,https://en.wikipedia.org/wiki/Aston_Martin_in_Formula_One,Aston Martin,British,5349812.0,0 days 00:01:23.898000,15.0,35.0,0 days 00:01:30.312000,kph,210.51,2022,22
22,11,11,0.0,11,58,Finished,tsunoda,22,TSU,http://en.wikipedia.org/wiki/Yuki_Tsunoda,Yuki,Tsunoda,2000-05-11,Japanese,alphatauri,https://en.wikipedia.org/wiki/Scuderia_AlphaTauri,AlphaTauri,Italian,5355285.0,0 days 00:01:29.371000,7.0,40.0,0 days 00:01:29.489000,kph,212.446,2022,22
24,12,12,0.0,15,57,+1 Lap,zhou,24,ZHO,http://en.wikipedia.org/wiki/Zhou_Guanyu,Guanyu,Zhou,1999-05-30,Chinese,alfa,https://en.wikipedia.org/wiki/Alfa_Romeo_in_Formula_One,Alfa Romeo,Swiss,,,8.0,53.0,0 days 00:01:29.600000,kph,212.183,2022,22
23,13,13,0.0,19,57,+1 Lap,albon,23,ALB,http://en.wikipedia.org/wiki/Alexander_Albon,Alexander,Albon,1996-03-23,Thai,williams,https://en.wikipedia.org/wiki/Williams_Racing,Williams,British,,,13.0,40.0,0 days 00:01:29.939000,kph,211.383,2022,22
10,14,14,0.0,17,57,+1 Lap,gasly,10,GAS,http://en.wikipedia.org/wiki/Pierre_Gasly,Pierre,Gasly,1996-02-07,French,alphatauri,https://en.wikipedia.org/wiki/Scuderia_AlphaTauri,AlphaTauri,Italian,,,19.0,16.0,0 days 00:01:31.081000,kph,208.732,2022,22
77,15,15,0.0,18,57,+1 Lap,bottas,77,BOT,http://en.wikipedia.org/wiki/Valtteri_Bottas,Valtteri,Bottas,1989-08-28,Finnish,alfa,https://en.wikipedia.org/wiki/Alfa_Romeo_in_Formula_One,Alfa Romeo,Swiss,,,16.0,47.0,0 days 00:01:30.352000,kph,210.417,2022,22
47,16,16,0.0,12,57,+1 Lap,mick_schumacher,47,MSC,http://en.wikipedia.org/wiki/Mick_Schumacher,Mick,Schumacher,1999-03-22,German,haas,https://en.wikipedia.org/wiki/Haas_F1_Team,Haas F1 Team,American,,,12.0,39.0,0 days 00:01:29.833000,kph,211.632,2022,22
20,17,17,0.0,16,57,+1 Lap,kevin_magnussen,20,MAG,http://en.wikipedia.org/wiki/Kevin_Magnussen,Kevin,Magnussen,1992-10-05,Danish,haas,https://en.wikipedia.org/wiki/Haas_F1_Team,Haas F1 Team,American,,,20.0,40.0,0 days 00:01:31.158000,kph,208.556,2022,22
44,18,18,0.0,5,55,Hydraulics,hamilton,44,HAM,http://en.wikipedia.org/wiki/Lewis_Hamilton,Lewis,Hamilton,1985-01-07,British,mercedes,https://en.wikipedia.org/wiki/Mercedes-Benz_in_Formula_One,Mercedes,German,,,11.0,42.0,0 days 00:01:29.788000,kph,211.738,2022,22
6,19,19,0.0,20,55,Collision damage,latifi,6,LAT,http://en.wikipedia.org/wiki/Nicholas_Latifi,Nicholas,Latifi,1995-06-29,Canadian,williams,https://en.wikipedia.org/wiki/Williams_Racing,Williams,British,,,14.0,45.0,0 days 00:01:30.309000,kph,210.517,2022,22
14,20,R,0.0,10,27,Water leak,alonso,14,ALO,http://en.wikipedia.org/wiki/Fernando_Alonso,Fernando,Alonso,1981-07-29,Spanish,alpine,https://en.wikipedia.org/wiki/Alpine_F1_Team,Alpine F1 Team,French,,,17.0,24.0,0 days 00:01:30.579000,kph,209.889,2022,22
1,1,1,25.0,1,57,Finished,max_verstappen,3,VER,http://en.wikipedia.org/wiki/Max_Verstappen,Max,Verstappen,1997-09-30,Dutch,red_bull,https://en.wikipedia.org/wiki/Red_Bull_Racing,Red Bull,Austrian,5636736.0,0 days 01:33:56.736000,6.0,44.0,0 days 00:01:36.236000,kph,202.452,2023,1
11,2,2,18.0,2,57,Finished,perez,11,PER,http://en.wikipedia.org/wiki/Sergio_P%C3%A9rez,Sergio,Pérez,1990-01-26,Mexican,red_bull,https://en.wikipedia.org/wiki/Red_Bull_Racing,Red Bull,Austrian,5648723.0,0 days 00:00:11.987000,7.0,37.0,0 days 00:01:36.344000,kph,202.225,2023,1
14,3,3,15.0,5,57,Finished,alonso,14,ALO,http://en.wikipedia.org/wiki/Fernando_Alonso,Fernando,Alonso,1981-07-29,Spanish,aston_martin,https://en.wikipedia.org/wiki/Aston_Martin_in_Formula_One,Aston Martin,British,5675373.0,0 days 00:00:38.637000,5.0,36.0,0 days 00:01:36.156000,kph,202.62,2023,1
55,4,4,12.0,4,57,Finished,sainz,55,SAI,http://en.wikipedia.org/wiki/Carlos_Sainz_Jr.,Carlos,Sainz,1994-09-01,Spanish,ferrari,https://en.wikipedia.org/wiki/Scuderia_Ferrari,Ferrari,Italian,5684788.0,0 days 00:00:48.052000,14.0,37.0,0 days 00:01:37.130000,kph,200.588,2023,1
44,5,5,10.0,7,57,Finished,hamilton,44,HAM,http://en.wikipedia.org/wiki/Lewis_Hamilton,Lewis,Hamilton,1985-01-07,British,mercedes,https://en.wikipedia.org/wiki/Mercedes-Benz_in_Formula_One,Mercedes,German,5687713.0,0 days 00:00:50.977000,10.0,36.0,0 days 00:01:36.546000,kph,201.802,2023,1
18,6,6,8.0,8,57,Finished,stroll,18,STR,http://en.wikipedia.org/wiki/Lance_Stroll,Lance,Stroll,1998-10-29,Canadian,aston_martin,https://en.wikipedia.org/wiki/Aston_Martin_in_Formula_One,Aston Martin,British,5691238.0,0 days 00:00:54.502000,9.0,32.0,0 days 00:01:36.546000,kph,201.802,2023,1
63,7,7,6.0,6,57,Finished,russell,63,RUS,http://en.wikipedia.org/wiki/George_Russell_(racing_driver),George,Russell,1998-02-15,British,mercedes,https://en.wikipedia.org/wiki/Mercedes-Benz_in_Formula_One,Mercedes,German,5692609.0,0 days 00:00:55.873000,17.0,33.0,0 days 00:01:37.221000,kph,200.401,2023,1
77,8,8,4.0,12,57,Finished,bottas,77,BOT,http://en.wikipedia.org/wiki/Valtteri_Bottas,Valtteri,Bottas,1989-08-28,Finnish,alfa,https://en.wikipedia.org/wiki/Alfa_Romeo_in_Formula_One,Alfa Romeo,Swiss,5709383.0,0 days 00:01:12.647000,18.0,31.0,0 days 00:01:37.379000,kph,200.075,2023,1
10,9,9,2.0,20,57,Finished,gasly,10,GAS,http://en.wikipedia.org/wiki/Pierre_Gasly,Pierre,Gasly,1996-02-07,French,alpine,https://en.wikipedia.org/wiki/Alpine_F1_Team,Alpine F1 Team,French,5710489.0,0 days 00:01:13.753000,2.0,42.0,0 days 00:01:35.068000,kph,204.939,2023,1
23,10,10,1.0,15,57,Finished,albon,23,ALB,http://en.wikipedia.org/wiki/Alexander_Albon,Alexander,Albon,1996-03-23,Thai,williams,https://en.wikipedia.org/wiki/Williams_Racing,Williams,British,5726510.0,0 days 00:01:29.774000,15.0,43.0,0 days 00:01:37.144000,kph,200.559,2023,1
22,11,11,0.0,14,57,Finished,tsunoda,22,TSU,http://en.wikipedia.org/wiki/Yuki_Tsunoda,Yuki,Tsunoda,2000-05-11,Japanese,alphatauri,https://en.wikipedia.org/wiki/Scuderia_AlphaTauri,AlphaTauri,Italian,5727606.0,0 days 00:01:30.870000,12.0,42.0,0 days 00:01:36.637000,kph,201.612,2023,1
2,12,12,0.0,16,56,Lapped,sargeant,2,SAR,http://en.wikipedia.org/wiki/Logan_Sargeant,Logan,Sargeant,2000-12-31,American,williams,https://en.wikipedia.org/wiki/Williams_Racing,Williams,British,5637872.0,0 days 00:00:01.136000,4.0,42.0,0 days 00:01:36.037000,kph,202.871,2023,1
20,13,13,0.0,17,56,Lapped,kevin_magnussen,20,MAG,http://en.wikipedia.org/wiki/Kevin_Magnussen,Kevin,Magnussen,1992-10-05,Danish,haas,https://en.wikipedia.org/wiki/Haas_F1_Team,Haas F1 Team,American,5653493.0,0 days 00:00:16.757000,8.0,42.0,0 days 00:01:36.471000,kph,201.959,2023,1
21,14,14,0.0,19,56,Lapped,de_vries,21,DEV,http://en.wikipedia.org/wiki/Nyck_de_Vries,Nyck,de Vries,1995-02-06,Dutch,alphatauri,https://en.wikipedia.org/wiki/Scuderia_AlphaTauri,AlphaTauri,Italian,5659259.0,0 days 00:00:22.523000,19.0,30.0,0 days 00:01:37.709000,kph,199.4,2023,1
27,15,15,0.0,10,56,Lapped,hulkenberg,27,HUL,http://en.wikipedia.org/wiki/Nico_H%C3%BClkenberg,Nico,Hülkenberg,1987-08-19,German,haas,https://en.wikipedia.org/wiki/Haas_F1_Team,Haas F1 Team,American,5675647.0,0 days 00:00:38.911000,11.0,42.0,0 days 00:01:36.616000,kph,201.656,2023,1
24,16,16,0.0,13,56,Lapped,zhou,24,ZHO,http://en.wikipedia.org/wiki/Zhou_Guanyu,Guanyu,Zhou,1999-05-30,Chinese,alfa,https://en.wikipedia.org/wiki/Alfa_Romeo_in_Formula_One,Alfa Romeo,Swiss,5676385.0,0 days 00:00:39.649000,1.0,56.0,0 days 00:01:33.996000,kph,207.276,2023,1
4,17,17,0.0,11,55,Lapped,norris,1,NOR,http://en.wikipedia.org/wiki/Lando_Norris,Lando,Norris,1999-11-13,British,mclaren,https://en.wikipedia.org/wiki/McLaren,McLaren,British,5643372.0,0 days 00:00:06.636000,3.0,51.0,0 days 00:01:35.822000,kph,203.327,2023,1
31,18,R,0.0,9,41,Retired,ocon,31,OCO,http://en.wikipedia.org/wiki/Esteban_Ocon,Esteban,Ocon,1996-09-17,French,alpine,https://en.wikipedia.org/wiki/Alpine_F1_Team,Alpine F1 Team,French,,,13.0,34.0,0 days 00:01:36.797000,kph,201.278,2023,1
16,19,R,0.0,3,39,Retired,leclerc,16,LEC,http://en.wikipedia.org/wiki/Charles_Leclerc,Charles,Leclerc,1997-10-16,Monegasque,ferrari,https://en.wikipedia.org/wiki/Scuderia_Ferrari,Ferrari,Italian,,,16.0,37.0,0 days 00:01:37.170000,kph,200.506,2023,1
81,20,R,0.0,18,13,Retired,piastri,81,PIA,http://en.wikipedia.org/wiki/Oscar_Piastri,Oscar,Piastri,2001-04-06,Australian,mclaren,https://en.wikipedia.org/wiki/McLaren,McLaren,British,,,20.0,3.0,0 days 00:01:40.691000,kph,193.494,2023,1
11,1,1,25.0,1,50,Finished,perez,11,PER,http://en.wikipedia.org/wiki/Sergio_P%C3%A9rez,Sergio,Pérez,1990-01-26,Mexican,red_bull,https://en.wikipedia.org/wiki/Red_Bull_Racing,Red Bull,Austrian,4874894.0,0 days 01:21:14.894000,2.0,38.0,0 days 00:01:32.188000,kph,241.098,2023,2
1,2,2,19.0,15,50,Finished,max_verstappen,3,VER,http://en.wikipedia.org/wiki/Max_Verstappen,Max,Verstappen,1997-09-30,Dutch,red_bull,https://en.wikipedia.org/wiki/Red_Bull_Racing,Red Bull,Austrian,4880249.0,0 days 00:00:05.355000,1.0,50.0,0 days 00:01:31.906000,kph,241.838,2023,2
14,3,3,15.0,2,50,Finished,alonso,14,ALO,http://en.wikipedia.org/wiki/Fernando_Alonso,Fernando,Alonso,1981-07-29,Spanish,aston_martin,https://en.wikipedia.org/wiki/Aston_Martin_in_Formula_One,Aston Martin,British,4895622.0,0 days 00:00:20.728000,3.0,50.0,0 days 00:01:32.240000,kph,240.962,2023,2
63,4,4,12.0,3,50,Finished,russell,63,RUS,http://en.wikipedia.org/wiki/George_Russell_(racing_driver),George,Russell,1998-02-15,British,mercedes,https://en.wikipedia.org/wiki/Mercedes-Benz_in_Formula_One,Mercedes,German,4900760.0,0 days 00:00:25.866000,4.0,50.0,0 days 00:01:32.433000,kph,240.459,2023,2
44,5,5,10.0,7,50,Finished,hamilton,44,HAM,http://en.wikipedia.org/wiki/Lewis_Hamilton,Lewis,Hamilton,1985-01-07,British,mercedes,https://en.wikipedia.org/wiki/Mercedes-Benz_in_Formula_One,Mercedes,German,4905959.0,0 days 00:00:31.065000,6.0,47.0,0 days 00:01:32.941000,kph,239.145,2023,2
55,6,6,8.0,4,50,Finished,sainz,55,SAI,http://en.wikipedia.org/wiki/Carlos_Sainz_Jr.,Carlos,Sainz,1994-09-01,Spanish,ferrari,https://en.wikipedia.org/wiki/Scuderia_Ferrari,Ferrari,Italian,4910770.0,0 days 00:00:35.876000,5.0,50.0,0 days 00:01:32.822000,kph,239.451,2023,2
16,7,7,6.0,12,50,Finished,leclerc,16,LEC,http://en.wikipedia.org/wiki/Charles_Leclerc,Charles,Leclerc,1997-10-16,Monegasque,ferrari,https://en.wikipedia.org/wiki/Scuderia_Ferrari,Ferrari,Italian,4918056.0,0 days 00:00:43.162000,7.0,47.0,0 days 00:01:33.056000,kph,238.849,2023,2
31,8,8,4.0,6,50,Finished,ocon,31,OCO,http://en.wikipedia.org/wiki/Esteban_Ocon,Esteban,Ocon,1996-09-17,French,alpine,https://en.wikipedia.org/wiki/Alpine_F1_Team,Alpine F1 Team,French,4927726.0,0 days 00:00:52.832000,8.0,49.0,0 days 00:01:33.222000,kph,238.424,2023,2
10,9,9,2.0,9,50,Finished,gasly,10,GAS,http://en.wikipedia.org/wiki/Pierre_Gasly,Pierre,Gasly,1996-02-07,French,alpine,https://en.wikipedia.org/wiki/Alpine_F1_Team,Alpine F1 Team,French,4929641.0,0 days 00:00:54.747000,10.0,50.0,0 days 00:01:33.392000,kph,237.99,2023,2
20,10,10,1.0,13,50,Finished,kevin_magnussen,20,MAG,http://en.wikipedia.org/wiki/Kevin_Magnussen,Kevin,Magnussen,1992-10-05,Danish,haas,https://en.wikipedia.org/wiki/Haas_F1_Team,Haas F1 Team,American,4939720.0,0 days 00:01:04.826000,9.0,44.0,0 days 00:01:33.374000,kph,238.036,2023,2
22,11,11,0.0,16,50,Finished,tsunoda,22,TSU,http://en.wikipedia.org/wiki/Yuki_Tsunoda,Yuki,Tsunoda,2000-05-11,Japanese,alphatauri,https://en.wikipedia.org/wiki/Scuderia_AlphaTauri,AlphaTauri,Italian,4942388.0,0 days 00:01:07.494000,14.0,50.0,0 days 00:01:33.931000,kph,236.624,2023,2
27,12,12,0.0,10,50,Finished,hulkenberg,27,HUL,http://en.wikipedia.org/wiki/Nico_H%C3%BClkenberg,Nico,Hülkenberg,1987-08-19,German,haas,https://en.wikipedia.org/wiki/Haas_F1_Team,Haas F1 Team,American,4945482.0,0 days 00:01:10.588000,12.0,50.0,0 days 00:01:33.780000,kph,237.005,2023,2
24,13,13,0.0,11,50,Finished,zhou,24,ZHO,http://en.wikipedia.org/wiki/Zhou_Guanyu,Guanyu,Zhou,1999-05-30,Chinese,alfa,https://en.wikipedia.org/wiki/Alfa_Romeo_in_Formula_One,Alfa Romeo,Swiss,4950954.0,0 days 00:01:16.060000,13.0,49.0,0 days 00:01:33.894000,kph,236.718,2023,2
21,14,14,0.0,18,50,Finished,de_vries,21,DEV,http://en.wikipedia.org/wiki/Nyck_de_Vries,Nyck,de Vries,1995-02-06,Dutch,alphatauri,https://en.wikipedia.org/wiki/Scuderia_AlphaTauri,AlphaTauri,Italian,4952372.0,0 days 00:01:17.478000,11.0,49.0,0 days 00:01:33.609000,kph,237.438,2023,2
81,15,15,0.0,8,50,Finished,piastri,81,PIA,http://en.wikipedia.org/wiki/Oscar_Piastri,Oscar,Piastri,2001-04-06,Australian,mclaren,https://en.wikipedia.org/wiki/McLaren,McLaren,British,4959915.0,0 days 00:01:25.021000,16.0,48.0,0 days 00:01:34.287000,kph,235.731,2023,2
2,16,16,0.0,20,50,Finished,sargeant,2,SAR,http://en.wikipedia.org/wiki/Logan_Sargeant,Logan,Sargeant,2000-12-31,American,williams,https://en.wikipedia.org/wiki/Williams_Racing,Williams,British,4961187.0,0 days 00:01:26.293000,18.0,49.0,0 days 00:01:34.469000,kph,235.277,2023,2
4,17,17,0.0,19,50,Finished,norris,1,NOR,http://en.wikipedia.org/wiki/Lando_Norris,Lando,Norris,1999-11-13,British,mclaren,https://en.wikipedia.org/wiki/McLaren,McLaren,British,4961339.0,0 days 00:01:26.445000,15.0,49.0,0 days 00:01:34.122000,kph,236.144,2023,2
77,18,18,0.0,14,49,Lapped,bottas,77,BOT,http://en.wikipedia.org/wiki/Valtteri_Bottas,Valtteri,Bottas,1989-08-28,Finnish,alfa,https://en.wikipedia.org/wiki/Alfa_Romeo_in_Formula_One,Alfa Romeo,Swiss,4904478.0,0 days 00:00:29.584000,17.0,37.0,0 days 00:01:34.384000,kph,235.489,2023,2
23,19,R,0.0,17,27,Retired,albon,23,ALB,http://en.wikipedia.org/wiki/Alexander_Albon,Alexander,Albon,1996-03-23,Thai,williams,https://en.wikipedia.org/wiki/Williams_Racing,Williams,British,,,20.0,24.0,0 days 00:01:35.567000,kph,232.574,2023,2
18,20,R,0.0,5,16,Retired,stroll,18,STR,http://en.wikipedia.org/wiki/Lance_Stroll,Lance,Stroll,1998-10-29,Canadian,aston_martin,https://en.wikipedia.org/wiki/Aston_Martin_in_Formula_One,Aston Martin,British,,,19.0,7.0,0 days 00:01:35.140000,kph,233.617,2023,2
1,1,1,25.0,1,58,Finished,max_verstappen,3,VER,http://en.wikipedia.org/wiki/Max_Verstappen,Max,Verstappen,1997-09-30,Dutch,red_bull,https://en.wikipedia.org/wiki/Red_Bull_Racing,Red Bull,Austrian,9158371.0,0 days 02:32:38.371000,2.0,49.0,0 days 00:01:20.342000,kph,236.498,2023,3
44,2,2,18.0,3,58,Finished,hamilton,44,HAM,http://en.wikipedia.org/wiki/Lewis_Hamilton,Lewis,Hamilton,1985-01-07,British,mercedes,https://en.wikipedia.org/wiki/Mercedes-Benz_in_Formula_One,Mercedes,German,9158550.0,0 days 00:00:00.179000,5.0,49.0,0 days 00:01:20.613000,kph,235.703,2023,3
14,3,3,15.0,4,58,Finished,alonso,14,ALO,http://en.wikipedia.org/wiki/Fernando_Alonso,Fernando,Alonso,1981-07-29,Spanish,aston_martin,https://en.wikipedia.org/wiki/Aston_Martin_in_Formula_One,Aston Martin,British,9159140.0,0 days 00:00:00.769000,4.0,53.0,0 days 00:01:20.476000,kph,236.105,2023,3
18,4,4,12.0,6,58,Finished,stroll,18,STR,http://en.wikipedia.org/wiki/Lance_Stroll,Lance,Stroll,1998-10-29,Canadian,aston_martin,https://en.wikipedia.org/wiki/Aston_Martin_in_Formula_One,Aston Martin,British,9161453.0,0 days 00:00:03.082000,6.0,50.0,0 days 00:01:20.934000,kph,234.769,2023,3
11,5,5,11.0,20,58,Finished,perez,11,PER,http://en.wikipedia.org/wiki/Sergio_P%C3%A9rez,Sergio,Pérez,1990-01-26,Mexican,red_bull,https://en.wikipedia.org/wiki/Red_Bull_Racing,Red Bull,Austrian,9161691.0,0 days 00:00:03.320000,1.0,53.0,0 days 00:01:20.235000,kph,236.814,2023,3
4,6,6,8.0,13,58,Finished,norris,1,NOR,http://en.wikipedia.org/wiki/Lando_Norris,Lando,Norris,1999-11-13,British,mclaren,https://en.wikipedia.org/wiki/McLaren,McLaren,British,9162072.0,0 days 00:00:03.701000,9.0,46.0,0 days 00:01:21.173000,kph,234.077,2023,3
27,7,7,6.0,10,58,Finished,hulkenberg,27,HUL,http://en.wikipedia.org/wiki/Nico_H%C3%BClkenberg,Nico,Hülkenberg,1987-08-19,German,haas,https://en.wikipedia.org/wiki/Haas_F1_Team,Haas F1 Team,American,9163310.0,0 days 00:00:04.939000,8.0,46.0,0 days 00:01:21.124000,kph,234.219,2023,3
81,8,8,4.0,16,58,Finished,piastri,81,PIA,http://en.wikipedia.org/wiki/Oscar_Piastri,Oscar,Piastri,2001-04-06,Australian,mclaren,https://en.wikipedia.org/wiki/McLaren,McLaren,British,9163753.0,0 days 00:00:05.382000,12.0,53.0,0 days 00:01:21.335000,kph,233.611,2023,3
24,9,9,2.0,17,58,Finished,zhou,24,ZHO,http://en.wikipedia.org/wiki/Zhou_Guanyu,Guanyu,Zhou,1999-05-30,Chinese,alfa,https://en.wikipedia.org/wiki/Alfa_Romeo_in_Formula_One,Alfa Romeo,Swiss,9164084.0,0 days 00:00:05.713000,16.0,48.0,0 days 00:01:21.819000,kph,232.229,2023,3
22,10,10,1.0,12,58,Finished,tsunoda,22,TSU,http://en.wikipedia.org/wiki/Yuki_Tsunoda,Yuki,Tsunoda,2000-05-11,Japanese,alphatauri,https://en.wikipedia.org/wiki/Scuderia_AlphaTauri,AlphaTauri,Italian,9164423.0,0 days 00:00:06.052000,15.0,52.0,0 days 00:01:21.789000,kph,232.314,2023,3
77,11,11,0.0,19,58,Finished,bottas,77,BOT,http://en.wikipedia.org/wiki/Valtteri_Bottas,Valtteri,Bottas,1989-08-28,Finnish,alfa,https://en.wikipedia.org/wiki/Alfa_Romeo_in_Formula_One,Alfa Romeo,Swiss,9164884.0,0 days 00:00:06.513000,17.0,46.0,0 days 00:01:22.233000,kph,231.06,2023,3
55,12,12,0.0,5,58,Finished,sainz,55,SAI,http://en.wikipedia.org/wiki/Carlos_Sainz_Jr.,Carlos,Sainz,1994-09-01,Spanish,ferrari,https://en.wikipedia.org/wiki/Scuderia_Ferrari,Ferrari,Italian,9164965.0,0 days 00:00:06.594000,3.0,53.0,0 days 00:01:20.467000,kph,236.131,2023,3
10,13,13,0.0,9,56,Retired,gasly,10,GAS,http://en.wikipedia.org/wiki/Pierre_Gasly,Pierre,Gasly,1996-02-07,French,alpine,https://en.wikipedia.org/wiki/Alpine_F1_Team,Alpine F1 Team,French,7003407.0,,7.0,47.0,0 days 00:01:20.995000,kph,234.592,2023,3
31,14,14,0.0,11,56,Retired,ocon,31,OCO,http://en.wikipedia.org/wiki/Esteban_Ocon,Esteban,Ocon,1996-09-17,French,alpine,https://en.wikipedia.org/wiki/Alpine_F1_Team,Alpine F1 Team,French,7004780.0,,11.0,44.0,0 days 00:01:21.203000,kph,233.991,2023,3
21,15,15,0.0,15,56,Retired,de_vries,21,DEV,http://en.wikipedia.org/wiki/Nyck_de_Vries,Nyck,de Vries,1995-02-06,Dutch,alphatauri,https://en.wikipedia.org/wiki/Scuderia_AlphaTauri,AlphaTauri,Italian,7005713.0,,10.0,50.0,0 days 00:01:21.183000,kph,234.049,2023,3
2,16,16,0.0,18,56,Retired,sargeant,2,SAR,http://en.wikipedia.org/wiki/Logan_Sargeant,Logan,Sargeant,2000-12-31,American,williams,https://en.wikipedia.org/wiki/Williams_Racing,Williams,British,7005930.0,,13.0,50.0,0 days 00:01:21.456000,kph,233.264,2023,3
20,17,17,0.0,14,52,Retired,kevin_magnussen,20,MAG,http://en.wikipedia.org/wiki/Kevin_Magnussen,Kevin,Magnussen,1992-10-05,Danish,haas,https://en.wikipedia.org/wiki/Haas_F1_Team,Haas F1 Team,American,5634610.0,,14.0,52.0,0 days 00:01:21.685000,kph,232.61,2023,3
63,18,R,0.0,2,17,Retired,russell,63,RUS,http://en.wikipedia.org/wiki/George_Russell_(racing_driver),George,Russell,1998-02-15,British,mercedes,https://en.wikipedia.org/wiki/Mercedes-Benz_in_Formula_One,Mercedes,German,,,18.0,16.0,0 days 00:01:22.680000,kph,229.811,2023,3
23,19,R,0.0,8,6,Retired,albon,23,ALB,http://en.wikipedia.org/wiki/Alexander_Albon,Alexander,Albon,1996-03-23,Thai,williams,https://en.wikipedia.org/wiki/Williams_Racing,Williams,British,,,19.0,6.0,0 days 00:01:23.349000,kph,227.966,2023,3
16,20,R,0.0,7,0,Retired,leclerc,16,LEC,http://en.wikipedia.org/wiki/Charles_Leclerc,Charles,Leclerc,1997-10-16,Monegasque,ferrari,https://en.wikipedia.org/wiki/Scuderia_Ferrari,Ferrari,Italian,,,,,,,,2023,3
11,1,1,25.0,3,51,Finished,perez,11,PER,http://en.wikipedia.org/wiki/Sergio_P%C3%A9rez,Sergio,Pérez,1990-01-26,Mexican,red_bull,https://en.wikipedia.org/wiki/Red_Bull_Racing,Red Bull,Austrian,5562436.0,0 days 01:32:42.436000,5.0,50.0,0 days 00:01:44.589000,kph,206.625,2023,4
1,2,2,18.0,2,51,Finished,max_verstappen,3,VER,http://en.wikipedia.org/wiki/Max_Verstappen,Max,Verstappen,1997-09-30,Dutch,red_bull,https://en.wikipedia.org/wiki/Red_Bull_Racing,Red Bull,Austrian,5564573.0,0 days 00:00:02.137000,2.0,51.0,0 days 00:01:44.232000,kph,207.333,2023,4
16,3,3,15.0,1,51,Finished,leclerc,16,LEC,http://en.wikipedia.org/wiki/Charles_Leclerc,Charles,Leclerc,1997-10-16,Monegasque,ferrari,https://en.wikipedia.org/wiki/Scuderia_Ferrari,Ferrari,Italian,5583653.0,0 days 00:00:21.217000,4.0,49.0,0 days 00:01:44.561000,kph,206.681,2023,4
14,4,4,12.0,6,51,Finished,alonso,14,ALO,http://en.wikipedia.org/wiki/Fernando_Alonso,Fernando,Alonso,1981-07-29,Spanish,aston_martin,https://en.wikipedia.org/wiki/Aston_Martin_in_Formula_One,Aston Martin,British,5584460.0,0 days 00:00:22.024000,3.0,49.0,0 days 00:01:44.241000,kph,207.315,2023,4
55,5,5,10.0,4,51,Finished,sainz,55,SAI,http://en.wikipedia.org/wiki/Carlos_Sainz_Jr.,Carlos,Sainz,1994-09-01,Spanish,ferrari,https://en.wikipedia.org/wiki/Scuderia_Ferrari,Ferrari,Italian,5607927.0,0 days 00:00:45.491000,6.0,48.0,0 days 00:01:45.175000,kph,205.474,2023,4
44,6,6,8.0,5,51,Finished,hamilton,44,HAM,http://en.wikipedia.org/wiki/Lewis_Hamilton,Lewis,Hamilton,1985-01-07,British,mercedes,https://en.wikipedia.org/wiki/Mercedes-Benz_in_Formula_One,Mercedes,German,5608581.0,0 days 00:00:46.145000,7.0,48.0,0 days 00:01:45.346000,kph,205.141,2023,4
18,7,7,6.0,9,51,Finished,stroll,18,STR,http://en.wikipedia.org/wiki/Lance_Stroll,Lance,Stroll,1998-10-29,Canadian,aston_martin,https://en.wikipedia.org/wiki/Aston_Martin_in_Formula_One,Aston Martin,British,5614053.0,0 days 00:00:51.617000,9.0,45.0,0 days 00:01:45.627000,kph,204.595,2023,4
63,8,8,5.0,11,51,Finished,russell,63,RUS,http://en.wikipedia.org/wiki/George_Russell_(racing_driver),George,Russell,1998-02-15,British,mercedes,https://en.wikipedia.org/wiki/Mercedes-Benz_in_Formula_One,Mercedes,German,5636676.0,0 days 00:01:14.240000,1.0,51.0,0 days 00:01:43.370000,kph,209.062,2023,4
4,9,9,2.0,7,51,Finished,norris,1,NOR,http://en.wikipedia.org/wiki/Lando_Norris,Lando,Norris,1999-11-13,British,mclaren,https://en.wikipedia.org/wiki/McLaren,McLaren,British,5642812.0,0 days 00:01:20.376000,12.0,49.0,0 days 00:01:45.738000,kph,204.38,2023,4
22,10,10,1.0,8,51,Finished,tsunoda,22,TSU,http://en.wikipedia.org/wiki/Yuki_Tsunoda,Yuki,Tsunoda,2000-05-11,Japanese,alphatauri,https://en.wikipedia.org/wiki/Scuderia_AlphaTauri,AlphaTauri,Italian,5646298.0,0 days 00:01:23.862000,11.0,51.0,0 days 00:01:45.727000,kph,204.401,2023,4
81,11,11,0.0,10,51,Finished,piastri,81,PIA,http://en.wikipedia.org/wiki/Oscar_Piastri,Oscar,Piastri,2001-04-06,Australian,mclaren,https://en.wikipedia.org/wiki/McLaren,McLaren,British,5648937.0,0 days 00:01:26.501000,10.0,51.0,0 days 00:01:45.631000,kph,204.587,2023,4
23,12,12,0.0,12,51,Finished,albon,23,ALB,http://en.wikipedia.org/wiki/Alexander_Albon,Alexander,Albon,1996-03-23,Thai,williams,https://en.wikipedia.org/wiki/Williams_Racing,Williams,British,5651059.0,0 days 00:01:28.623000,15.0,51.0,0 days 00:01:45.925000,kph,204.019,2023,4
20,13,13,0.0,16,51,Finished,kevin_magnussen,20,MAG,http://en.wikipedia.org/wiki/Kevin_Magnussen,Kevin,Magnussen,1992-10-05,Danish,haas,https://en.wikipedia.org/wiki/Haas_F1_Team,Haas F1 Team,American,5652165.0,0 days 00:01:29.729000,13.0,51.0,0 days 00:01:45.850000,kph,204.164,2023,4
10,14,14,0.0,17,51,Finished,gasly,10,GAS,http://en.wikipedia.org/wiki/Pierre_Gasly,Pierre,Gasly,1996-02-07,French,alpine,https://en.wikipedia.org/wiki/Alpine_F1_Team,Alpine F1 Team,French,5653768.0,0 days 00:01:31.332000,8.0,47.0,0 days 00:01:45.540000,kph,204.764,2023,4
31,15,15,0.0,19,51,Finished,ocon,31,OCO,http://en.wikipedia.org/wiki/Esteban_Ocon,Esteban,Ocon,1996-09-17,French,alpine,https://en.wikipedia.org/wiki/Alpine_F1_Team,Alpine F1 Team,French,5660230.0,0 days 00:01:37.794000,14.0,49.0,0 days 00:01:45.908000,kph,204.052,2023,4
2,16,16,0.0,14,51,Finished,sargeant,2,SAR,http://en.wikipedia.org/wiki/Logan_Sargeant,Logan,Sargeant,2000-12-31,American,williams,https://en.wikipedia.org/wiki/Williams_Racing,Williams,British,5663379.0,0 days 00:01:40.943000,17.0,49.0,0 days 00:01:46.501000,kph,202.916,2023,4
27,17,17,0.0,20,50,Lapped,hulkenberg,27,HUL,http://en.wikipedia.org/wiki/Nico_H%C3%BClkenberg,Nico,Hülkenberg,1987-08-19,German,haas,https://en.wikipedia.org/wiki/Haas_F1_Team,Haas F1 Team,American,5572373.0,0 days 00:00:09.937000,18.0,34.0,0 days 00:01:46.731000,kph,202.479,2023,4
77,18,18,0.0,13,50,Lapped,bottas,77,BOT,http://en.wikipedia.org/wiki/Valtteri_Bottas,Valtteri,Bottas,1989-08-28,Finnish,alfa,https://en.wikipedia.org/wiki/Alfa_Romeo_in_Formula_One,Alfa Romeo,Swiss,5581534.0,0 days 00:00:19.098000,16.0,36.0,0 days 00:01:46.304000,kph,203.292,2023,4
24,19,R,0.0,15,36,Retired,zhou,24,ZHO,http://en.wikipedia.org/wiki/Zhou_Guanyu,Guanyu,Zhou,1999-05-30,Chinese,alfa,https://en.wikipedia.org/wiki/Alfa_Romeo_in_Formula_One,Alfa Romeo,Swiss,,,19.0,31.0,0 days 00:01:47.553000,kph,200.931,2023,4
21,20,R,0.0,18,9,Retired,de_vries,21,DEV,http://en.wikipedia.org/wiki/Nyck_de_Vries,Nyck,de Vries,1995-02-06,Dutch,alphatauri,https://en.wikipedia.org/wiki/Scuderia_AlphaTauri,AlphaTauri,Italian,,,20.0,4.0,0 days 00:01:48.781000,kph,198.663,2023,4
1,1,1,26.0,9,57,Finished,max_verstappen,3,VER,http://en.wikipedia.org/wiki/Max_Verstappen,Max,Verstappen,1997-09-30,Dutch,red_bull,https://en.wikipedia.org/wiki/Red_Bull_Racing,Red Bull,Austrian,5258241.0,0 days 01:27:38.241000,1.0,56.0,0 days 00:01:29.708000,kph,217.184,2023,5
11,2,2,18.0,1,57,Finished,perez,11,PER,http://en.wikipedia.org/wiki/Sergio_P%C3%A9rez,Sergio,Pérez,1990-01-26,Mexican,red_bull,https://en.wikipedia.org/wiki/Red_Bull_Racing,Red Bull,Austrian,5263625.0,0 days 00:00:05.384000,3.0,57.0,0 days 00:01:30.560000,kph,215.141,2023,5
14,3,3,15.0,2,57,Finished,alonso,14,ALO,http://en.wikipedia.org/wiki/Fernando_Alonso,Fernando,Alonso,1981-07-29,Spanish,aston_martin,https://en.wikipedia.org/wiki/Aston_Martin_in_Formula_One,Aston Martin,British,5284546.0,0 days 00:00:26.305000,2.0,57.0,0 days 00:01:30.519000,kph,215.238,2023,5
63,4,4,12.0,6,57,Finished,russell,63,RUS,http://en.wikipedia.org/wiki/George_Russell_(racing_driver),George,Russell,1998-02-15,British,mercedes,https://en.wikipedia.org/wiki/Mercedes-Benz_in_Formula_One,Mercedes,German,5291470.0,0 days 00:00:33.229000,7.0,57.0,0 days 00:01:31.015000,kph,214.065,2023,5
55,5,5,10.0,3,57,Finished,sainz,55,SAI,http://en.wikipedia.org/wiki/Carlos_Sainz_Jr.,Carlos,Sainz,1994-09-01,Spanish,ferrari,https://en.wikipedia.org/wiki/Scuderia_Ferrari,Ferrari,Italian,5300752.0,0 days 00:00:42.511000,10.0,55.0,0 days 00:01:31.362000,kph,213.252,2023,5
44,6,6,8.0,13,57,Finished,hamilton,44,HAM,http://en.wikipedia.org/wiki/Lewis_Hamilton,Lewis,Hamilton,1985-01-07,British,mercedes,https://en.wikipedia.org/wiki/Mercedes-Benz_in_Formula_One,Mercedes,German,5309490.0,0 days 00:00:51.249000,4.0,57.0,0 days 00:01:30.669000,kph,214.882,2023,5
16,7,7,6.0,7,57,Finished,leclerc,16,LEC,http://en.wikipedia.org/wiki/Charles_Leclerc,Charles,Leclerc,1997-10-16,Monegasque,ferrari,https://en.wikipedia.org/wiki/Scuderia_Ferrari,Ferrari,Italian,5311229.0,0 days 00:00:52.988000,11.0,57.0,0 days 00:01:31.434000,kph,213.084,2023,5
10,8,8,4.0,5,57,Finished,gasly,10,GAS,http://en.wikipedia.org/wiki/Pierre_Gasly,Pierre,Gasly,1996-02-07,French,alpine,https://en.wikipedia.org/wiki/Alpine_F1_Team,Alpine F1 Team,French,5313911.0,0 days 00:00:55.670000,17.0,55.0,0 days 00:01:31.971000,kph,211.84,2023,5
31,9,9,2.0,8,57,Finished,ocon,31,OCO,http://en.wikipedia.org/wiki/Esteban_Ocon,Esteban,Ocon,1996-09-17,French,alpine,https://en.wikipedia.org/wiki/Alpine_F1_Team,Alpine F1 Team,French,5316364.0,0 days 00:00:58.123000,9.0,56.0,0 days 00:01:31.143000,kph,213.765,2023,5
20,10,10,1.0,4,57,Finished,kevin_magnussen,20,MAG,http://en.wikipedia.org/wiki/Kevin_Magnussen,Kevin,Magnussen,1992-10-05,Danish,haas,https://en.wikipedia.org/wiki/Haas_F1_Team,Haas F1 Team,American,5321186.0,0 days 00:01:02.945000,13.0,53.0,0 days 00:01:31.691000,kph,212.487,2023,5
22,11,11,0.0,17,57,Finished,tsunoda,22,TSU,http://en.wikipedia.org/wiki/Yuki_Tsunoda,Yuki,Tsunoda,2000-05-11,Japanese,alphatauri,https://en.wikipedia.org/wiki/Scuderia_AlphaTauri,AlphaTauri,Italian,5322550.0,0 days 00:01:04.309000,8.0,56.0,0 days 00:01:31.038000,kph,214.011,2023,5
18,12,12,0.0,18,57,Finished,stroll,18,STR,http://en.wikipedia.org/wiki/Lance_Stroll,Lance,Stroll,1998-10-29,Canadian,aston_martin,https://en.wikipedia.org/wiki/Aston_Martin_in_Formula_One,Aston Martin,British,5322995.0,0 days 00:01:04.754000,5.0,44.0,0 days 00:01:30.862000,kph,214.426,2023,5
77,13,13,0.0,10,57,Finished,bottas,77,BOT,http://en.wikipedia.org/wiki/Valtteri_Bottas,Valtteri,Bottas,1989-08-28,Finnish,alfa,https://en.wikipedia.org/wiki/Alfa_Romeo_in_Formula_One,Alfa Romeo,Swiss,5329878.0,0 days 00:01:11.637000,15.0,56.0,0 days 00:01:31.838000,kph,212.147,2023,5
23,14,14,0.0,11,57,Finished,albon,23,ALB,http://en.wikipedia.org/wiki/Alexander_Albon,Alexander,Albon,1996-03-23,Thai,williams,https://en.wikipedia.org/wiki/Williams_Racing,Williams,British,5331102.0,0 days 00:01:12.861000,16.0,55.0,0 days 00:01:31.852000,kph,212.115,2023,5
27,15,15,0.0,12,57,Finished,hulkenberg,27,HUL,http://en.wikipedia.org/wiki/Nico_H%C3%BClkenberg,Nico,Hülkenberg,1987-08-19,German,haas,https://en.wikipedia.org/wiki/Haas_F1_Team,Haas F1 Team,American,5333191.0,0 days 00:01:14.950000,6.0,36.0,0 days 00:01:30.901000,kph,214.334,2023,5
24,16,16,0.0,14,57,Finished,zhou,24,ZHO,http://en.wikipedia.org/wiki/Zhou_Guanyu,Guanyu,Zhou,1999-05-30,Chinese,alfa,https://en.wikipedia.org/wiki/Alfa_Romeo_in_Formula_One,Alfa Romeo,Swiss,5336681.0,0 days 00:01:18.440000,14.0,56.0,0 days 00:01:31.736000,kph,212.383,2023,5
4,17,17,0.0,16,57,Finished,norris,1,NOR,http://en.wikipedia.org/wiki/Lando_Norris,Lando,Norris,1999-11-13,British,mclaren,https://en.wikipedia.org/wiki/McLaren,McLaren,British,5345958.0,0 days 00:01:27.717000,20.0,47.0,0 days 00:01:32.401000,kph,210.854,2023,5
21,18,18,0.0,15,57,Finished,de_vries,21,DEV,http://en.wikipedia.org/wiki/Nyck_de_Vries,Nyck,de Vries,1995-02-06,Dutch,alphatauri,https://en.wikipedia.org/wiki/Scuderia_AlphaTauri,AlphaTauri,Italian,5347190.0,0 days 00:01:28.949000,12.0,57.0,0 days 00:01:31.562000,kph,212.786,2023,5
81,19,19,0.0,19,56,Lapped,piastri,81,PIA,http://en.wikipedia.org/wiki/Oscar_Piastri,Oscar,Piastri,2001-04-06,Australian,mclaren,https://en.wikipedia.org/wiki/McLaren,McLaren,British,5278751.0,0 days 00:00:20.510000,18.0,56.0,0 days 00:01:32.006000,kph,211.76,2023,5
2,20,20,0.0,20,56,Lapped,sargeant,2,SAR,http://en.wikipedia.org/wiki/Logan_Sargeant,Logan,Sargeant,2000-12-31,American,williams,https://en.wikipedia.org/wiki/Williams_Racing,Williams,British,5292629.0,0 days 00:00:34.388000,19.0,50.0,0 days 00:01:32.384000,kph,210.893,2023,5
1,1,1,25.0,1,78,Finished,max_verstappen,3,VER,http://en.wikipedia.org/wiki/Max_Verstappen,Max,Verstappen,1997-09-30,Dutch,red_bull,https://en.wikipedia.org/wiki/Red_Bull_Racing,Red Bull,Austrian,6531980.0,0 days 01:48:51.980000,7.0,23.0,0 days 00:01:16.604000,kph,156.822,2023,6
14,2,2,18.0,2,78,Finished,alonso,14,ALO,http://en.wikipedia.org/wiki/Fernando_Alonso,Fernando,Alonso,1981-07-29,Spanish,aston_martin,https://en.wikipedia.org/wiki/Aston_Martin_in_Formula_One,Aston Martin,British,6559901.0,0 days 00:00:27.921000,9.0,43.0,0 days 00:01:16.674000,kph,156.678,2023,6
31,3,3,15.0,3,78,Finished,ocon,31,OCO,http://en.wikipedia.org/wiki/Esteban_Ocon,Esteban,Ocon,1996-09-17,French,alpine,https://en.wikipedia.org/wiki/Alpine_F1_Team,Alpine F1 Team,French,6568970.0,0 days 00:00:36.990000,6.0,41.0,0 days 00:01:16.528000,kph,156.977,2023,6
44,4,4,13.0,5,78,Finished,hamilton,44,HAM,http://en.wikipedia.org/wiki/Lewis_Hamilton,Lewis,Hamilton,1985-01-07,British,mercedes,https://en.wikipedia.org/wiki/Mercedes-Benz_in_Formula_One,Mercedes,German,6571042.0,0 days 00:00:39.062000,1.0,33.0,0 days 00:01:15.650000,kph,158.799,2023,6
63,5,5,10.0,8,78,Finished,russell,63,RUS,http://en.wikipedia.org/wiki/George_Russell_(racing_driver),George,Russell,1998-02-15,British,mercedes,https://en.wikipedia.org/wiki/Mercedes-Benz_in_Formula_One,Mercedes,German,6588264.0,0 days 00:00:56.284000,10.0,48.0,0 days 00:01:16.798000,kph,156.425,2023,6
16,6,6,8.0,6,78,Finished,leclerc,16,LEC,http://en.wikipedia.org/wiki/Charles_Leclerc,Charles,Leclerc,1997-10-16,Monegasque,ferrari,https://en.wikipedia.org/wiki/Scuderia_Ferrari,Ferrari,Italian,6593870.0,0 days 00:01:01.890000,2.0,46.0,0 days 00:01:15.773000,kph,158.541,2023,6
10,7,7,6.0,7,78,Finished,gasly,10,GAS,http://en.wikipedia.org/wiki/Pierre_Gasly,Pierre,Gasly,1996-02-07,French,alpine,https://en.wikipedia.org/wiki/Alpine_F1_Team,Alpine F1 Team,French,6594342.0,0 days 00:01:02.362000,3.0,49.0,0 days 00:01:15.831000,kph,158.42,2023,6
55,8,8,4.0,4,78,Finished,sainz,55,SAI,http://en.wikipedia.org/wiki/Carlos_Sainz_Jr.,Carlos,Sainz,1994-09-01,Spanish,ferrari,https://en.wikipedia.org/wiki/Scuderia_Ferrari,Ferrari,Italian,6595371.0,0 days 00:01:03.391000,5.0,43.0,0 days 00:01:16.449000,kph,157.14,2023,6
4,9,9,2.0,10,77,Lapped,norris,1,NOR,http://en.wikipedia.org/wiki/Lando_Norris,Lando,Norris,1999-11-13,British,mclaren,https://en.wikipedia.org/wiki/McLaren,McLaren,British,6536041.0,0 days 00:00:04.061000,19.0,46.0,0 days 00:01:17.844000,kph,154.324,2023,6
81,10,10,1.0,11,77,Lapped,piastri,81,PIA,http://en.wikipedia.org/wiki/Oscar_Piastri,Oscar,Piastri,2001-04-06,Australian,mclaren,https://en.wikipedia.org/wiki/McLaren,McLaren,British,6545939.0,0 days 00:00:13.959000,14.0,47.0,0 days 00:01:17.513000,kph,154.983,2023,6
77,11,11,0.0,15,77,Lapped,bottas,77,BOT,http://en.wikipedia.org/wiki/Valtteri_Bottas,Valtteri,Bottas,1989-08-28,Finnish,alfa,https://en.wikipedia.org/wiki/Alfa_Romeo_in_Formula_One,Alfa Romeo,Swiss,6560943.0,0 days 00:00:28.963000,18.0,19.0,0 days 00:01:17.824000,kph,154.363,2023,6
21,12,12,0.0,12,77,Lapped,de_vries,21,DEV,http://en.wikipedia.org/wiki/Nyck_de_Vries,Nyck,de Vries,1995-02-06,Dutch,alphatauri,https://en.wikipedia.org/wiki/Scuderia_AlphaTauri,AlphaTauri,Italian,6589297.0,0 days 00:00:57.317000,15.0,43.0,0 days 00:01:17.561000,kph,154.887,2023,6
24,13,13,0.0,19,77,Lapped,zhou,24,ZHO,http://en.wikipedia.org/wiki/Zhou_Guanyu,Guanyu,Zhou,1999-05-30,Chinese,alfa,https://en.wikipedia.org/wiki/Alfa_Romeo_in_Formula_One,Alfa Romeo,Swiss,6603832.0,0 days 00:01:11.852000,11.0,5.0,0 days 00:01:16.926000,kph,156.165,2023,6
23,14,14,0.0,13,77,Lapped,albon,23,ALB,http://en.wikipedia.org/wiki/Alexander_Albon,Alexander,Albon,1996-03-23,Thai,williams,https://en.wikipedia.org/wiki/Williams_Racing,Williams,British,6611190.0,0 days 00:01:19.210000,8.0,24.0,0 days 00:01:16.672000,kph,156.683,2023,6
22,15,15,0.0,9,76,Lapped,tsunoda,22,TSU,http://en.wikipedia.org/wiki/Yuki_Tsunoda,Yuki,Tsunoda,2000-05-11,Japanese,alphatauri,https://en.wikipedia.org/wiki/Scuderia_AlphaTauri,AlphaTauri,Italian,6539525.0,0 days 00:00:07.545000,16.0,36.0,0 days 00:01:17.680000,kph,154.649,2023,6
11,16,16,0.0,20,76,Lapped,perez,11,PER,http://en.wikipedia.org/wiki/Sergio_P%C3%A9rez,Sergio,Pérez,1990-01-26,Mexican,red_bull,https://en.wikipedia.org/wiki/Red_Bull_Racing,Red Bull,Austrian,6581004.0,0 days 00:00:49.024000,4.0,5.0,0 days 00:01:16.269000,kph,157.51,2023,6
27,17,17,0.0,18,76,Lapped,hulkenberg,27,HUL,http://en.wikipedia.org/wiki/Nico_H%C3%BClkenberg,Nico,Hülkenberg,1987-08-19,German,haas,https://en.wikipedia.org/wiki/Haas_F1_Team,Haas F1 Team,American,6590486.0,0 days 00:00:58.506000,12.0,6.0,0 days 00:01:16.991000,kph,156.033,2023,6
2,18,18,0.0,16,76,Lapped,sargeant,2,SAR,http://en.wikipedia.org/wiki/Logan_Sargeant,Logan,Sargeant,2000-12-31,American,williams,https://en.wikipedia.org/wiki/Williams_Racing,Williams,British,6609963.0,0 days 00:01:17.983000,13.0,32.0,0 days 00:01:17.302000,kph,155.406,2023,6
20,19,19,0.0,17,70,Retired,kevin_magnussen,20,MAG,http://en.wikipedia.org/wiki/Kevin_Magnussen,Kevin,Magnussen,1992-10-05,Danish,haas,https://en.wikipedia.org/wiki/Haas_F1_Team,Haas F1 Team,American,6156799.0,,20.0,41.0,0 days 00:01:18.351000,kph,153.325,2023,6
18,20,R,0.0,14,53,Retired,stroll,18,STR,http://en.wikipedia.org/wiki/Lance_Stroll,Lance,Stroll,1998-10-29,Canadian,aston_martin,https://en.wikipedia.org/wiki/Aston_Martin_in_Formula_One,Aston Martin,British,,,17.0,18.0,0 days 00:01:17.769000,kph,154.472,2023,6
1,1,1,26.0,1,66,Finished,max_verstappen,3,VER,http://en.wikipedia.org/wiki/Max_Verstappen,Max,Verstappen,1997-09-30,Dutch,red_bull,https://en.wikipedia.org/wiki/Red_Bull_Racing,Red Bull,Austrian,5277940.0,0 days 01:27:57.940000,1.0,61.0,0 days 00:01:16.330000,kph,219.641,2023,7
44,2,2,18.0,4,66,Finished,hamilton,44,HAM,http://en.wikipedia.org/wiki/Lewis_Hamilton,Lewis,Hamilton,1985-01-07,British,mercedes,https://en.wikipedia.org/wiki/Mercedes-Benz_in_Formula_One,Mercedes,German,5302030.0,0 days 00:00:24.090000,3.0,62.0,0 days 00:01:16.676000,kph,218.649,2023,7
63,3,3,15.0,12,66,Finished,russell,63,RUS,http://en.wikipedia.org/wiki/George_Russell_(racing_driver),George,Russell,1998-02-15,British,mercedes,https://en.wikipedia.org/wiki/Mercedes-Benz_in_Formula_One,Mercedes,German,5310329.0,0 days 00:00:32.389000,5.0,48.0,0 days 00:01:17.875000,kph,215.283,2023,7
11,4,4,12.0,11,66,Finished,perez,11,PER,http://en.wikipedia.org/wiki/Sergio_P%C3%A9rez,Sergio,Pérez,1990-01-26,Mexican,red_bull,https://en.wikipedia.org/wiki/Red_Bull_Racing,Red Bull,Austrian,5313752.0,0 days 00:00:35.812000,2.0,52.0,0 days 00:01:16.666000,kph,218.678,2023,7
55,5,5,10.0,2,66,Finished,sainz,55,SAI,http://en.wikipedia.org/wiki/Carlos_Sainz_Jr.,Carlos,Sainz,1994-09-01,Spanish,ferrari,https://en.wikipedia.org/wiki/Scuderia_Ferrari,Ferrari,Italian,5323638.0,0 days 00:00:45.698000,11.0,60.0,0 days 00:01:18.403000,kph,213.833,2023,7
18,6,6,8.0,5,66,Finished,stroll,18,STR,http://en.wikipedia.org/wiki/Lance_Stroll,Lance,Stroll,1998-10-29,Canadian,aston_martin,https://en.wikipedia.org/wiki/Aston_Martin_in_Formula_One,Aston Martin,British,5341260.0,0 days 00:01:03.320000,14.0,56.0,0 days 00:01:18.722000,kph,212.967,2023,7
14,7,7,6.0,8,66,Finished,alonso,14,ALO,http://en.wikipedia.org/wiki/Fernando_Alonso,Fernando,Alonso,1981-07-29,Spanish,aston_martin,https://en.wikipedia.org/wiki/Aston_Martin_in_Formula_One,Aston Martin,British,5342067.0,0 days 00:01:04.127000,7.0,49.0,0 days 00:01:18.083000,kph,214.709,2023,7
31,8,8,4.0,6,66,Finished,ocon,31,OCO,http://en.wikipedia.org/wiki/Esteban_Ocon,Esteban,Ocon,1996-09-17,French,alpine,https://en.wikipedia.org/wiki/Alpine_F1_Team,Alpine F1 Team,French,5347182.0,0 days 00:01:09.242000,18.0,54.0,0 days 00:01:18.946000,kph,212.362,2023,7
24,9,9,2.0,13,66,Finished,zhou,24,ZHO,http://en.wikipedia.org/wiki/Zhou_Guanyu,Guanyu,Zhou,1999-05-30,Chinese,alfa,https://en.wikipedia.org/wiki/Alfa_Romeo_in_Formula_One,Alfa Romeo,Swiss,5349818.0,0 days 00:01:11.878000,15.0,38.0,0 days 00:01:18.753000,kph,212.883,2023,7
10,10,10,1.0,10,66,Finished,gasly,10,GAS,http://en.wikipedia.org/wiki/Pierre_Gasly,Pierre,Gasly,1996-02-07,French,alpine,https://en.wikipedia.org/wiki/Alpine_F1_Team,Alpine F1 Team,French,5351470.0,0 days 00:01:13.530000,10.0,41.0,0 days 00:01:18.375000,kph,213.91,2023,7
16,11,11,0.0,19,66,Finished,leclerc,16,LEC,http://en.wikipedia.org/wiki/Charles_Leclerc,Charles,Leclerc,1997-10-16,Monegasque,ferrari,https://en.wikipedia.org/wiki/Scuderia_Ferrari,Ferrari,Italian,5352359.0,0 days 00:01:14.419000,9.0,52.0,0 days 00:01:18.357000,kph,213.959,2023,7
22,12,12,0.0,15,66,Finished,tsunoda,22,TSU,http://en.wikipedia.org/wiki/Yuki_Tsunoda,Yuki,Tsunoda,2000-05-11,Japanese,alphatauri,https://en.wikipedia.org/wiki/Scuderia_AlphaTauri,AlphaTauri,Italian,5353356.0,0 days 00:01:15.416000,17.0,59.0,0 days 00:01:18.904000,kph,212.475,2023,7
81,13,13,0.0,9,65,Lapped,piastri,81,PIA,http://en.wikipedia.org/wiki/Oscar_Piastri,Oscar,Piastri,2001-04-06,Australian,mclaren,https://en.wikipedia.org/wiki/McLaren,McLaren,British,5282215.0,0 days 00:00:04.275000,13.0,41.0,0 days 00:01:18.679000,kph,213.083,2023,7
21,14,14,0.0,14,65,Lapped,de_vries,21,DEV,http://en.wikipedia.org/wiki/Nyck_de_Vries,Nyck,de Vries,1995-02-06,Dutch,alphatauri,https://en.wikipedia.org/wiki/Scuderia_AlphaTauri,AlphaTauri,Italian,5283267.0,0 days 00:00:05.327000,12.0,41.0,0 days 00:01:18.594000,kph,213.313,2023,7
27,15,15,0.0,7,65,Lapped,hulkenberg,27,HUL,http://en.wikipedia.org/wiki/Nico_H%C3%BClkenberg,Nico,Hülkenberg,1987-08-19,German,haas,https://en.wikipedia.org/wiki/Haas_F1_Team,Haas F1 Team,American,5295237.0,0 days 00:00:17.297000,16.0,53.0,0 days 00:01:18.776000,kph,212.821,2023,7
23,16,16,0.0,18,65,Lapped,albon,23,ALB,http://en.wikipedia.org/wiki/Alexander_Albon,Alexander,Albon,1996-03-23,Thai,williams,https://en.wikipedia.org/wiki/Williams_Racing,Williams,British,5305648.0,0 days 00:00:27.708000,19.0,59.0,0 days 00:01:19.133000,kph,211.861,2023,7
4,17,17,0.0,3,65,Lapped,norris,1,NOR,http://en.wikipedia.org/wiki/Lando_Norris,Lando,Norris,1999-11-13,British,mclaren,https://en.wikipedia.org/wiki/McLaren,McLaren,British,5308330.0,0 days 00:00:30.390000,4.0,55.0,0 days 00:01:17.182000,kph,217.216,2023,7
20,18,18,0.0,17,65,Lapped,kevin_magnussen,20,MAG,http://en.wikipedia.org/wiki/Kevin_Magnussen,Kevin,Magnussen,1992-10-05,Danish,haas,https://en.wikipedia.org/wiki/Haas_F1_Team,Haas F1 Team,American,5316020.0,0 days 00:00:38.080000,6.0,44.0,0 days 00:01:18.069000,kph,214.748,2023,7
77,19,19,0.0,16,65,Lapped,bottas,77,BOT,http://en.wikipedia.org/wiki/Valtteri_Bottas,Valtteri,Bottas,1989-08-28,Finnish,alfa,https://en.wikipedia.org/wiki/Alfa_Romeo_in_Formula_One,Alfa Romeo,Swiss,5327883.0,0 days 00:00:49.943000,8.0,50.0,0 days 00:01:18.242000,kph,214.273,2023,7
2,20,20,0.0,20,65,Lapped,sargeant,2,SAR,http://en.wikipedia.org/wiki/Logan_Sargeant,Logan,Sargeant,2000-12-31,American,williams,https://en.wikipedia.org/wiki/Williams_Racing,Williams,British,5329617.0,0 days 00:00:51.677000,20.0,41.0,0 days 00:01:19.247000,kph,211.556,2023,7
1,1,1,25.0,1,70,Finished,max_verstappen,3,VER,http://en.wikipedia.org/wiki/Max_Verstappen,Max,Verstappen,1997-09-30,Dutch,red_bull,https://en.wikipedia.org/wiki/Red_Bull_Racing,Red Bull,Austrian,5638348.0,0 days 01:33:58.348000,3.0,68.0,0 days 00:01:15.594000,kph,207.683,2023,8
14,2,2,18.0,2,70,Finished,alonso,14,ALO,http://en.wikipedia.org/wiki/Fernando_Alonso,Fernando,Alonso,1981-07-29,Spanish,aston_martin,https://en.wikipedia.org/wiki/Aston_Martin_in_Formula_One,Aston Martin,British,5647918.0,0 days 00:00:09.570000,4.0,62.0,0 days 00:01:15.779000,kph,207.176,2023,8
44,3,3,15.0,3,70,Finished,hamilton,44,HAM,http://en.wikipedia.org/wiki/Lewis_Hamilton,Lewis,Hamilton,1985-01-07,British,mercedes,https://en.wikipedia.org/wiki/Mercedes-Benz_in_Formula_One,Mercedes,German,5652516.0,0 days 00:00:14.168000,2.0,47.0,0 days 00:01:15.396000,kph,208.228,2023,8
16,4,4,12.0,10,70,Finished,leclerc,16,LEC,http://en.wikipedia.org/wiki/Charles_Leclerc,Charles,Leclerc,1997-10-16,Monegasque,ferrari,https://en.wikipedia.org/wiki/Scuderia_Ferrari,Ferrari,Italian,5656996.0,0 days 00:00:18.648000,5.0,47.0,0 days 00:01:15.907000,kph,206.826,2023,8
55,5,5,10.0,11,70,Finished,sainz,55,SAI,http://en.wikipedia.org/wiki/Carlos_Sainz_Jr.,Carlos,Sainz,1994-09-01,Spanish,ferrari,https://en.wikipedia.org/wiki/Scuderia_Ferrari,Ferrari,Italian,5659888.0,0 days 00:00:21.540000,6.0,47.0,0 days 00:01:15.911000,kph,206.815,2023,8
11,6,6,9.0,12,70,Finished,perez,11,PER,http://en.wikipedia.org/wiki/Sergio_P%C3%A9rez,Sergio,Pérez,1990-01-26,Mexican,red_bull,https://en.wikipedia.org/wiki/Red_Bull_Racing,Red Bull,Austrian,5689376.0,0 days 00:00:51.028000,1.0,70.0,0 days 00:01:14.481000,kph,210.786,2023,8
23,7,7,6.0,9,70,Finished,albon,23,ALB,http://en.wikipedia.org/wiki/Alexander_Albon,Alexander,Albon,1996-03-23,Thai,williams,https://en.wikipedia.org/wiki/Williams_Racing,Williams,British,5699161.0,0 days 00:01:00.813000,16.0,68.0,0 days 00:01:16.917000,kph,204.11,2023,8
31,8,8,4.0,6,70,Finished,ocon,31,OCO,http://en.wikipedia.org/wiki/Esteban_Ocon,Esteban,Ocon,1996-09-17,French,alpine,https://en.wikipedia.org/wiki/Alpine_F1_Team,Alpine F1 Team,French,5700040.0,0 days 00:01:01.692000,15.0,63.0,0 days 00:01:16.782000,kph,204.469,2023,8
18,9,9,2.0,16,70,Finished,stroll,18,STR,http://en.wikipedia.org/wiki/Lance_Stroll,Lance,Stroll,1998-10-29,Canadian,aston_martin,https://en.wikipedia.org/wiki/Aston_Martin_in_Formula_One,Aston Martin,British,5702750.0,0 days 00:01:04.402000,10.0,58.0,0 days 00:01:16.564000,kph,205.051,2023,8
77,10,10,1.0,14,70,Finished,bottas,77,BOT,http://en.wikipedia.org/wiki/Valtteri_Bottas,Valtteri,Bottas,1989-08-28,Finnish,alfa,https://en.wikipedia.org/wiki/Alfa_Romeo_in_Formula_One,Alfa Romeo,Swiss,5702780.0,0 days 00:01:04.432000,12.0,52.0,0 days 00:01:16.625000,kph,204.888,2023,8
81,11,11,0.0,8,70,Finished,piastri,81,PIA,http://en.wikipedia.org/wiki/Oscar_Piastri,Oscar,Piastri,2001-04-06,Australian,mclaren,https://en.wikipedia.org/wiki/McLaren,McLaren,British,5703449.0,0 days 00:01:05.101000,11.0,59.0,0 days 00:01:16.598000,kph,204.96,2023,8
10,12,12,0.0,15,70,Finished,gasly,10,GAS,http://en.wikipedia.org/wiki/Pierre_Gasly,Pierre,Gasly,1996-02-07,French,alpine,https://en.wikipedia.org/wiki/Alpine_F1_Team,Alpine F1 Team,French,5703597.0,0 days 00:01:05.249000,9.0,67.0,0 days 00:01:16.425000,kph,205.424,2023,8
4,13,13,0.0,7,70,Finished,norris,1,NOR,http://en.wikipedia.org/wiki/Lando_Norris,Lando,Norris,1999-11-13,British,mclaren,https://en.wikipedia.org/wiki/McLaren,McLaren,British,5706711.0,0 days 00:01:08.363000,8.0,65.0,0 days 00:01:16.374000,kph,205.562,2023,8
22,14,14,0.0,19,70,Finished,tsunoda,22,TSU,http://en.wikipedia.org/wiki/Yuki_Tsunoda,Yuki,Tsunoda,2000-05-11,Japanese,alphatauri,https://en.wikipedia.org/wiki/Scuderia_AlphaTauri,AlphaTauri,Italian,5711771.0,0 days 00:01:13.423000,14.0,68.0,0 days 00:01:16.666000,kph,204.779,2023,8
27,15,15,0.0,5,69,Lapped,hulkenberg,27,HUL,http://en.wikipedia.org/wiki/Nico_H%C3%BClkenberg,Nico,Hülkenberg,1987-08-19,German,haas,https://en.wikipedia.org/wiki/Haas_F1_Team,Haas F1 Team,American,5655291.0,0 days 00:00:16.943000,19.0,37.0,0 days 00:01:17.232000,kph,203.278,2023,8
24,16,16,0.0,20,69,Lapped,zhou,24,ZHO,http://en.wikipedia.org/wiki/Zhou_Guanyu,Guanyu,Zhou,1999-05-30,Chinese,alfa,https://en.wikipedia.org/wiki/Alfa_Romeo_in_Formula_One,Alfa Romeo,Swiss,5655725.0,0 days 00:00:17.377000,17.0,58.0,0 days 00:01:17.090000,kph,203.652,2023,8
20,17,17,0.0,13,69,Lapped,kevin_magnussen,20,MAG,http://en.wikipedia.org/wiki/Kevin_Magnussen,Kevin,Magnussen,1992-10-05,Danish,haas,https://en.wikipedia.org/wiki/Haas_F1_Team,Haas F1 Team,American,5708607.0,0 days 00:01:10.259000,7.0,55.0,0 days 00:01:16.126000,kph,206.231,2023,8
21,18,18,0.0,17,69,Lapped,de_vries,21,DEV,http://en.wikipedia.org/wiki/Nyck_de_Vries,Nyck,de Vries,1995-02-06,Dutch,alphatauri,https://en.wikipedia.org/wiki/Scuderia_AlphaTauri,AlphaTauri,Italian,5713315.0,0 days 00:01:14.967000,13.0,52.0,0 days 00:01:16.656000,kph,204.805,2023,8
63,19,R,0.0,4,53,Retired,russell,63,RUS,http://en.wikipedia.org/wiki/George_Russell_(racing_driver),George,Russell,1998-02-15,British,mercedes,https://en.wikipedia.org/wiki/Mercedes-Benz_in_Formula_One,Mercedes,German,,,18.0,44.0,0 days 00:01:17.097000,kph,203.634,2023,8
2,20,R,0.0,18,6,Retired,sargeant,2,SAR,http://en.wikipedia.org/wiki/Logan_Sargeant,Logan,Sargeant,2000-12-31,American,williams,https://en.wikipedia.org/wiki/Williams_Racing,Williams,British,,,20.0,4.0,0 days 00:01:18.437000,kph,200.155,2023,8
1,1,1,26.0,1,71,Finished,max_verstappen,3,VER,http://en.wikipedia.org/wiki/Max_Verstappen,Max,Verstappen,1997-09-30,Dutch,red_bull,https://en.wikipedia.org/wiki/Red_Bull_Racing,Red Bull,Austrian,5133607.0,0 days 01:25:33.607000,1.0,71.0,0 days 00:01:07.012000,kph,231.97,2023,9
16,2,2,18.0,2,71,Finished,leclerc,16,LEC,http://en.wikipedia.org/wiki/Charles_Leclerc,Charles,Leclerc,1997-10-16,Monegasque,ferrari,https://en.wikipedia.org/wiki/Scuderia_Ferrari,Ferrari,Italian,5138762.0,0 days 00:00:05.155000,5.0,51.0,0 days 00:01:08.820000,kph,225.876,2023,9
11,3,3,15.0,15,71,Finished,perez,11,PER,http://en.wikipedia.org/wiki/Sergio_P%C3%A9rez,Sergio,Pérez,1990-01-26,Mexican,red_bull,https://en.wikipedia.org/wiki/Red_Bull_Racing,Red Bull,Austrian,5150795.0,0 days 00:00:17.188000,2.0,52.0,0 days 00:01:08.111000,kph,228.227,2023,9
4,4,4,12.0,4,71,Finished,norris,1,NOR,http://en.wikipedia.org/wiki/Lando_Norris,Lando,Norris,1999-11-13,British,mclaren,https://en.wikipedia.org/wiki/McLaren,McLaren,British,5159934.0,0 days 00:00:26.327000,4.0,48.0,0 days 00:01:08.739000,kph,226.142,2023,9
14,5,5,10.0,7,71,Finished,alonso,14,ALO,http://en.wikipedia.org/wiki/Fernando_Alonso,Fernando,Alonso,1981-07-29,Spanish,aston_martin,https://en.wikipedia.org/wiki/Aston_Martin_in_Formula_One,Aston Martin,British,5163924.0,0 days 00:00:30.317000,8.0,54.0,0 days 00:01:09.108000,kph,224.934,2023,9
55,6,6,8.0,3,71,Finished,sainz,55,SAI,http://en.wikipedia.org/wiki/Carlos_Sainz_Jr.,Carlos,Sainz,1994-09-01,Spanish,ferrari,https://en.wikipedia.org/wiki/Scuderia_Ferrari,Ferrari,Italian,5164984.0,0 days 00:00:31.377000,6.0,50.0,0 days 00:01:08.880000,kph,225.679,2023,9
63,7,7,6.0,11,71,Finished,russell,63,RUS,http://en.wikipedia.org/wiki/George_Russell_(racing_driver),George,Russell,1998-02-15,British,mercedes,https://en.wikipedia.org/wiki/Mercedes-Benz_in_Formula_One,Mercedes,German,5182010.0,0 days 00:00:48.403000,10.0,49.0,0 days 00:01:09.283000,kph,224.366,2023,9
44,8,8,4.0,5,71,Finished,hamilton,44,HAM,http://en.wikipedia.org/wiki/Lewis_Hamilton,Lewis,Hamilton,1985-01-07,British,mercedes,https://en.wikipedia.org/wiki/Mercedes-Benz_in_Formula_One,Mercedes,German,5182803.0,0 days 00:00:49.196000,9.0,48.0,0 days 00:01:09.160000,kph,224.765,2023,9
18,9,9,2.0,6,71,Finished,stroll,18,STR,http://en.wikipedia.org/wiki/Lance_Stroll,Lance,Stroll,1998-10-29,Canadian,aston_martin,https://en.wikipedia.org/wiki/Aston_Martin_in_Formula_One,Aston Martin,British,5192650.0,0 days 00:00:59.043000,3.0,57.0,0 days 00:01:08.463000,kph,227.054,2023,9
10,10,10,1.0,9,71,Finished,gasly,10,GAS,http://en.wikipedia.org/wiki/Pierre_Gasly,Pierre,Gasly,1996-02-07,French,alpine,https://en.wikipedia.org/wiki/Alpine_F1_Team,Alpine F1 Team,French,5201274.0,0 days 00:01:07.667000,7.0,48.0,0 days 00:01:09.046000,kph,225.136,2023,9
23,11,11,0.0,10,71,Finished,albon,23,ALB,http://en.wikipedia.org/wiki/Alexander_Albon,Alexander,Albon,1996-03-23,Thai,williams,https://en.wikipedia.org/wiki/Williams_Racing,Williams,British,5213374.0,0 days 00:01:19.767000,11.0,53.0,0 days 00:01:09.560000,kph,223.473,2023,9
24,12,12,0.0,17,70,Lapped,zhou,24,ZHO,http://en.wikipedia.org/wiki/Zhou_Guanyu,Guanyu,Zhou,1999-05-30,Chinese,alfa,https://en.wikipedia.org/wiki/Alfa_Romeo_in_Formula_One,Alfa Romeo,Swiss,5158240.0,0 days 00:00:24.633000,14.0,46.0,0 days 00:01:09.786000,kph,222.749,2023,9
2,13,13,0.0,18,70,Lapped,sargeant,2,SAR,http://en.wikipedia.org/wiki/Logan_Sargeant,Logan,Sargeant,2000-12-31,American,williams,https://en.wikipedia.org/wiki/Williams_Racing,Williams,British,5164991.0,0 days 00:00:31.384000,12.0,45.0,0 days 00:01:09.611000,kph,223.309,2023,9
31,14,14,0.0,12,70,Lapped,ocon,31,OCO,http://en.wikipedia.org/wiki/Esteban_Ocon,Esteban,Ocon,1996-09-17,French,alpine,https://en.wikipedia.org/wiki/Alpine_F1_Team,Alpine F1 Team,French,5175747.0,0 days 00:00:42.140000,15.0,50.0,0 days 00:01:09.797000,kph,222.714,2023,9
77,15,15,0.0,14,70,Lapped,bottas,77,BOT,http://en.wikipedia.org/wiki/Valtteri_Bottas,Valtteri,Bottas,1989-08-28,Finnish,alfa,https://en.wikipedia.org/wiki/Alfa_Romeo_in_Formula_One,Alfa Romeo,Swiss,5176384.0,0 days 00:00:42.777000,18.0,49.0,0 days 00:01:09.940000,kph,222.259,2023,9
81,16,16,0.0,13,70,Lapped,piastri,81,PIA,http://en.wikipedia.org/wiki/Oscar_Piastri,Oscar,Piastri,2001-04-06,Australian,mclaren,https://en.wikipedia.org/wiki/McLaren,McLaren,British,5180176.0,0 days 00:00:46.569000,17.0,46.0,0 days 00:01:09.862000,kph,222.507,2023,9
21,17,17,0.0,20,70,Lapped,de_vries,21,DEV,http://en.wikipedia.org/wiki/Nyck_de_Vries,Nyck,de Vries,1995-02-06,Dutch,alphatauri,https://en.wikipedia.org/wiki/Scuderia_AlphaTauri,AlphaTauri,Italian,5183310.0,0 days 00:00:49.703000,16.0,46.0,0 days 00:01:09.852000,kph,222.539,2023,9
20,18,18,0.0,19,70,Lapped,kevin_magnussen,20,MAG,http://en.wikipedia.org/wiki/Kevin_Magnussen,Kevin,Magnussen,1992-10-05,Danish,haas,https://en.wikipedia.org/wiki/Haas_F1_Team,Haas F1 Team,American,5190260.0,0 days 00:00:56.653000,19.0,37.0,0 days 00:01:10.176000,kph,221.511,2023,9
22,19,19,0.0,16,70,Lapped,tsunoda,22,TSU,http://en.wikipedia.org/wiki/Yuki_Tsunoda,Yuki,Tsunoda,2000-05-11,Japanese,alphatauri,https://en.wikipedia.org/wiki/Scuderia_AlphaTauri,AlphaTauri,Italian,5193480.0,0 days 00:00:59.873000,13.0,45.0,0 days 00:01:09.620000,kph,223.28,2023,9
27,20,R,0.0,8,12,Retired,hulkenberg,27,HUL,http://en.wikipedia.org/wiki/Nico_H%C3%BClkenberg,Nico,Hülkenberg,1987-08-19,German,haas,https://en.wikipedia.org/wiki/Haas_F1_Team,Haas F1 Team,American,,,20.0,7.0,0 days 00:01:11.066000,kph,218.737,2023,9
1,1,1,26.0,1,52,Finished,max_verstappen,3,VER,http://en.wikipedia.org/wiki/Max_Verstappen,Max,Verstappen,1997-09-30,Dutch,red_bull,https://en.wikipedia.org/wiki/Red_Bull_Racing,Red Bull,Austrian,5116938.0,0 days 01:25:16.938000,1.0,42.0,0 days 00:01:30.275000,kph,234.922,2023,10
4,2,2,18.0,2,52,Finished,norris,1,NOR,http://en.wikipedia.org/wiki/Lando_Norris,Lando,Norris,1999-11-13,British,mclaren,https://en.wikipedia.org/wiki/McLaren,McLaren,British,5120736.0,0 days 00:00:03.798000,2.0,43.0,0 days 00:01:30.543000,kph,234.226,2023,10
44,3,3,15.0,7,52,Finished,hamilton,44,HAM,http://en.wikipedia.org/wiki/Lewis_Hamilton,Lewis,Hamilton,1985-01-07,British,mercedes,https://en.wikipedia.org/wiki/Mercedes-Benz_in_Formula_One,Mercedes,German,5123721.0,0 days 00:00:06.783000,3.0,43.0,0 days 00:01:30.545000,kph,234.221,2023,10
81,4,4,12.0,3,52,Finished,piastri,81,PIA,http://en.wikipedia.org/wiki/Oscar_Piastri,Oscar,Piastri,2001-04-06,Australian,mclaren,https://en.wikipedia.org/wiki/McLaren,McLaren,British,5124714.0,0 days 00:00:07.776000,4.0,41.0,0 days 00:01:30.850000,kph,233.435,2023,10
63,5,5,10.0,6,52,Finished,russell,63,RUS,http://en.wikipedia.org/wiki/George_Russell_(racing_driver),George,Russell,1998-02-15,British,mercedes,https://en.wikipedia.org/wiki/Mercedes-Benz_in_Formula_One,Mercedes,German,5128144.0,0 days 00:00:11.206000,6.0,41.0,0 days 00:01:31.124000,kph,232.733,2023,10
11,6,6,8.0,15,52,Finished,perez,11,PER,http://en.wikipedia.org/wiki/Sergio_P%C3%A9rez,Sergio,Pérez,1990-01-26,Mexican,red_bull,https://en.wikipedia.org/wiki/Red_Bull_Racing,Red Bull,Austrian,5129820.0,0 days 00:00:12.882000,5.0,51.0,0 days 00:01:30.914000,kph,233.271,2023,10
14,7,7,6.0,9,52,Finished,alonso,14,ALO,http://en.wikipedia.org/wiki/Fernando_Alonso,Fernando,Alonso,1981-07-29,Spanish,aston_martin,https://en.wikipedia.org/wiki/Aston_Martin_in_Formula_One,Aston Martin,British,5134131.0,0 days 00:00:17.193000,9.0,48.0,0 days 00:01:31.338000,kph,232.188,2023,10
23,8,8,4.0,8,52,Finished,albon,23,ALB,http://en.wikipedia.org/wiki/Alexander_Albon,Alexander,Albon,1996-03-23,Thai,williams,https://en.wikipedia.org/wiki/Williams_Racing,Williams,British,5134816.0,0 days 00:00:17.878000,8.0,41.0,0 days 00:01:31.273000,kph,232.353,2023,10
16,9,9,2.0,4,52,Finished,leclerc,16,LEC,http://en.wikipedia.org/wiki/Charles_Leclerc,Charles,Leclerc,1997-10-16,Monegasque,ferrari,https://en.wikipedia.org/wiki/Scuderia_Ferrari,Ferrari,Italian,5135627.0,0 days 00:00:18.689000,7.0,48.0,0 days 00:01:31.255000,kph,232.399,2023,10
55,10,10,1.0,5,52,Finished,sainz,55,SAI,http://en.wikipedia.org/wiki/Carlos_Sainz_Jr.,Carlos,Sainz,1994-09-01,Spanish,ferrari,https://en.wikipedia.org/wiki/Scuderia_Ferrari,Ferrari,Italian,5136386.0,0 days 00:00:19.448000,10.0,51.0,0 days 00:01:31.366000,kph,232.116,2023,10
2,11,11,0.0,14,52,Finished,sargeant,2,SAR,http://en.wikipedia.org/wiki/Logan_Sargeant,Logan,Sargeant,2000-12-31,American,williams,https://en.wikipedia.org/wiki/Williams_Racing,Williams,British,5140570.0,0 days 00:00:23.632000,13.0,42.0,0 days 00:01:31.699000,kph,231.274,2023,10
77,12,12,0.0,20,52,Finished,bottas,77,BOT,http://en.wikipedia.org/wiki/Valtteri_Bottas,Valtteri,Bottas,1989-08-28,Finnish,alfa,https://en.wikipedia.org/wiki/Alfa_Romeo_in_Formula_One,Alfa Romeo,Swiss,5142768.0,0 days 00:00:25.830000,16.0,52.0,0 days 00:01:31.852000,kph,230.888,2023,10
27,13,13,0.0,11,52,Finished,hulkenberg,27,HUL,http://en.wikipedia.org/wiki/Nico_H%C3%BClkenberg,Nico,Hülkenberg,1987-08-19,German,haas,https://en.wikipedia.org/wiki/Haas_F1_Team,Haas F1 Team,American,5143601.0,0 days 00:00:26.663000,15.0,52.0,0 days 00:01:31.776000,kph,231.08,2023,10
18,14,14,0.0,12,52,Finished,stroll,18,STR,http://en.wikipedia.org/wiki/Lance_Stroll,Lance,Stroll,1998-10-29,Canadian,aston_martin,https://en.wikipedia.org/wiki/Aston_Martin_in_Formula_One,Aston Martin,British,5144421.0,0 days 00:00:27.483000,11.0,42.0,0 days 00:01:31.508000,kph,231.756,2023,10
24,15,15,0.0,17,52,Finished,zhou,24,ZHO,http://en.wikipedia.org/wiki/Zhou_Guanyu,Guanyu,Zhou,1999-05-30,Chinese,alfa,https://en.wikipedia.org/wiki/Alfa_Romeo_in_Formula_One,Alfa Romeo,Swiss,5146758.0,0 days 00:00:29.820000,14.0,48.0,0 days 00:01:31.769000,kph,231.097,2023,10
22,16,16,0.0,16,52,Finished,tsunoda,22,TSU,http://en.wikipedia.org/wiki/Yuki_Tsunoda,Yuki,Tsunoda,2000-05-11,Japanese,alphatauri,https://en.wikipedia.org/wiki/Scuderia_AlphaTauri,AlphaTauri,Italian,5148163.0,0 days 00:00:31.225000,17.0,48.0,0 days 00:01:32.084000,kph,230.307,2023,10
21,17,17,0.0,18,52,Finished,de_vries,21,DEV,http://en.wikipedia.org/wiki/Nyck_de_Vries,Nyck,de Vries,1995-02-06,Dutch,alphatauri,https://en.wikipedia.org/wiki/Scuderia_AlphaTauri,AlphaTauri,Italian,5150066.0,0 days 00:00:33.128000,18.0,48.0,0 days 00:01:32.353000,kph,229.636,2023,10
10,18,18,0.0,10,46,Retired,gasly,10,GAS,http://en.wikipedia.org/wiki/Pierre_Gasly,Pierre,Gasly,1996-02-07,French,alpine,https://en.wikipedia.org/wiki/Alpine_F1_Team,Alpine F1 Team,French,4655589.0,,12.0,42.0,0 days 00:01:31.539000,kph,231.678,2023,10
20,19,R,0.0,19,31,Retired,kevin_magnussen,20,MAG,http://en.wikipedia.org/wiki/Kevin_Magnussen,Kevin,Magnussen,1992-10-05,Danish,haas,https://en.wikipedia.org/wiki/Haas_F1_Team,Haas F1 Team,American,,,19.0,29.0,0 days 00:01:33.356000,kph,227.169,2023,10
31,20,R,0.0,13,9,Retired,ocon,31,OCO,http://en.wikipedia.org/wiki/Esteban_Ocon,Esteban,Ocon,1996-09-17,French,alpine,https://en.wikipedia.org/wiki/Alpine_F1_Team,Alpine F1 Team,French,,,20.0,4.0,0 days 00:01:33.941000,kph,225.754,2023,10
1,1,1,26.0,2,70,Finished,max_verstappen,3,VER,http://en.wikipedia.org/wiki/Max_Verstappen,Max,Verstappen,1997-09-30,Dutch,red_bull,https://en.wikipedia.org/wiki/Red_Bull_Racing,Red Bull,Austrian,5888634.0,0 days 01:38:08.634000,1.0,53.0,0 days 00:01:20.504000,kph,195.91,2023,11
4,2,2,18.0,3,70,Finished,norris,1,NOR,http://en.wikipedia.org/wiki/Lando_Norris,Lando,Norris,1999-11-13,British,mclaren,https://en.wikipedia.org/wiki/McLaren,McLaren,British,5922365.0,0 days 00:00:33.731000,4.0,50.0,0 days 00:01:22.178000,kph,191.919,2023,11
11,3,3,15.0,9,70,Finished,perez,11,PER,http://en.wikipedia.org/wiki/Sergio_P%C3%A9rez,Sergio,Pérez,1990-01-26,Mexican,red_bull,https://en.wikipedia.org/wiki/Red_Bull_Racing,Red Bull,Austrian,5926237.0,0 days 00:00:37.603000,5.0,53.0,0 days 00:01:22.295000,kph,191.647,2023,11
44,4,4,12.0,1,70,Finished,hamilton,44,HAM,http://en.wikipedia.org/wiki/Lewis_Hamilton,Lewis,Hamilton,1985-01-07,British,mercedes,https://en.wikipedia.org/wiki/Mercedes-Benz_in_Formula_One,Mercedes,German,5927768.0,0 days 00:00:39.134000,2.0,54.0,0 days 00:01:21.601000,kph,193.277,2023,11
81,5,5,10.0,4,70,Finished,piastri,81,PIA,http://en.wikipedia.org/wiki/Oscar_Piastri,Oscar,Piastri,2001-04-06,Australian,mclaren,https://en.wikipedia.org/wiki/McLaren,McLaren,British,5951206.0,0 days 00:01:02.572000,8.0,45.0,0 days 00:01:22.736000,kph,190.625,2023,11
63,6,6,8.0,18,70,Finished,russell,63,RUS,http://en.wikipedia.org/wiki/George_Russell_(racing_driver),George,Russell,1998-02-15,British,mercedes,https://en.wikipedia.org/wiki/Mercedes-Benz_in_Formula_One,Mercedes,German,5954459.0,0 days 00:01:05.825000,3.0,48.0,0 days 00:01:22.158000,kph,191.966,2023,11
16,7,7,6.0,6,70,Finished,leclerc,16,LEC,http://en.wikipedia.org/wiki/Charles_Leclerc,Charles,Leclerc,1997-10-16,Monegasque,ferrari,https://en.wikipedia.org/wiki/Scuderia_Ferrari,Ferrari,Italian,5958951.0,0 days 00:01:10.317000,6.0,50.0,0 days 00:01:22.469000,kph,191.242,2023,11
55,8,8,4.0,11,70,Finished,sainz,55,SAI,http://en.wikipedia.org/wiki/Carlos_Sainz_Jr.,Carlos,Sainz,1994-09-01,Spanish,ferrari,https://en.wikipedia.org/wiki/Scuderia_Ferrari,Ferrari,Italian,5959707.0,0 days 00:01:11.073000,7.0,54.0,0 days 00:01:22.584000,kph,190.976,2023,11
14,9,9,2.0,8,70,Finished,alonso,14,ALO,http://en.wikipedia.org/wiki/Fernando_Alonso,Fernando,Alonso,1981-07-29,Spanish,aston_martin,https://en.wikipedia.org/wiki/Aston_Martin_in_Formula_One,Aston Martin,British,5964343.0,0 days 00:01:15.709000,9.0,51.0,0 days 00:01:22.745000,kph,190.604,2023,11
18,10,10,1.0,14,69,Lapped,stroll,18,STR,http://en.wikipedia.org/wiki/Lance_Stroll,Lance,Stroll,1998-10-29,Canadian,aston_martin,https://en.wikipedia.org/wiki/Aston_Martin_in_Formula_One,Aston Martin,British,5903249.0,0 days 00:00:14.615000,11.0,54.0,0 days 00:01:23.425000,kph,189.051,2023,11
23,11,11,0.0,16,69,Lapped,albon,23,ALB,http://en.wikipedia.org/wiki/Alexander_Albon,Alexander,Albon,1996-03-23,Thai,williams,https://en.wikipedia.org/wiki/Williams_Racing,Williams,British,5917721.0,0 days 00:00:29.087000,18.0,54.0,0 days 00:01:24.051000,kph,187.643,2023,11
77,12,12,0.0,7,69,Lapped,bottas,77,BOT,http://en.wikipedia.org/wiki/Valtteri_Bottas,Valtteri,Bottas,1989-08-28,Finnish,alfa,https://en.wikipedia.org/wiki/Alfa_Romeo_in_Formula_One,Alfa Romeo,Swiss,5918713.0,0 days 00:00:30.079000,14.0,42.0,0 days 00:01:23.651000,kph,188.54,2023,11
3,13,13,0.0,13,69,Lapped,ricciardo,3,RIC,http://en.wikipedia.org/wiki/Daniel_Ricciardo,Daniel,Ricciardo,1989-07-01,Australian,alphatauri,https://en.wikipedia.org/wiki/Scuderia_AlphaTauri,AlphaTauri,Italian,5924891.0,0 days 00:00:36.257000,17.0,67.0,0 days 00:01:23.934000,kph,187.904,2023,11
27,14,14,0.0,10,69,Lapped,hulkenberg,27,HUL,http://en.wikipedia.org/wiki/Nico_H%C3%BClkenberg,Nico,Hülkenberg,1987-08-19,German,haas,https://en.wikipedia.org/wiki/Haas_F1_Team,Haas F1 Team,American,5939932.0,0 days 00:00:51.298000,13.0,42.0,0 days 00:01:23.573000,kph,188.716,2023,11
22,15,15,0.0,17,69,Lapped,tsunoda,22,TSU,http://en.wikipedia.org/wiki/Yuki_Tsunoda,Yuki,Tsunoda,2000-05-11,Japanese,alphatauri,https://en.wikipedia.org/wiki/Scuderia_AlphaTauri,AlphaTauri,Italian,5940177.0,0 days 00:00:51.543000,10.0,68.0,0 days 00:01:23.269000,kph,189.405,2023,11
24,16,16,0.0,5,69,Lapped,zhou,24,ZHO,http://en.wikipedia.org/wiki/Zhou_Guanyu,Guanyu,Zhou,1999-05-30,Chinese,alfa,https://en.wikipedia.org/wiki/Alfa_Romeo_in_Formula_One,Alfa Romeo,Swiss,5949125.0,0 days 00:01:00.491000,15.0,12.0,0 days 00:01:23.743000,kph,188.333,2023,11
20,17,17,0.0,19,69,Lapped,kevin_magnussen,20,MAG,http://en.wikipedia.org/wiki/Kevin_Magnussen,Kevin,Magnussen,1992-10-05,Danish,haas,https://en.wikipedia.org/wiki/Haas_F1_Team,Haas F1 Team,American,5970985.0,0 days 00:01:22.351000,16.0,54.0,0 days 00:01:23.864000,kph,188.061,2023,11
2,18,18,0.0,20,67,Retired,sargeant,2,SAR,http://en.wikipedia.org/wiki/Logan_Sargeant,Logan,Sargeant,2000-12-31,American,williams,https://en.wikipedia.org/wiki/Williams_Racing,Williams,British,5789224.0,,12.0,36.0,0 days 00:01:23.496000,kph,188.89,2023,11
31,19,R,0.0,12,2,Retired,ocon,31,OCO,http://en.wikipedia.org/wiki/Esteban_Ocon,Esteban,Ocon,1996-09-17,French,alpine,https://en.wikipedia.org/wiki/Alpine_F1_Team,Alpine F1 Team,French,,,,,,,,2023,11
10,20,R,0.0,15,1,Retired,gasly,10,GAS,http://en.wikipedia.org/wiki/Pierre_Gasly,Pierre,Gasly,1996-02-07,French,alpine,https://en.wikipedia.org/wiki/Alpine_F1_Team,Alpine F1 Team,French,,,,,,,,2023,11
1,1,1,25.0,6,44,Finished,max_verstappen,3,VER,http://en.wikipedia.org/wiki/Max_Verstappen,Max,Verstappen,1997-09-30,Dutch,red_bull,https://en.wikipedia.org/wiki/Red_Bull_Racing,Red Bull,Austrian,4950450.0,0 days 01:22:30.450000,2.0,32.0,0 days 00:01:48.922000,kph,231.49,2023,12
11,2,2,18.0,2,44,Finished,perez,11,PER,http://en.wikipedia.org/wiki/Sergio_P%C3%A9rez,Sergio,Pérez,1990-01-26,Mexican,red_bull,https://en.wikipedia.org/wiki/Red_Bull_Racing,Red Bull,Austrian,4972755.0,0 days 00:00:22.305000,6.0,31.0,0 days 00:01:50.308000,kph,228.581,2023,12
16,3,3,15.0,1,44,Finished,leclerc,16,LEC,http://en.wikipedia.org/wiki/Charles_Leclerc,Charles,Leclerc,1997-10-16,Monegasque,ferrari,https://en.wikipedia.org/wiki/Scuderia_Ferrari,Ferrari,Italian,4982709.0,0 days 00:00:32.259000,7.0,30.0,0 days 00:01:50.436000,kph,228.316,2023,12
44,4,4,13.0,3,44,Finished,hamilton,44,HAM,http://en.wikipedia.org/wiki/Lewis_Hamilton,Lewis,Hamilton,1985-01-07,British,mercedes,https://en.wikipedia.org/wiki/Mercedes-Benz_in_Formula_One,Mercedes,German,5000121.0,0 days 00:00:49.671000,1.0,44.0,0 days 00:01:47.305000,kph,234.978,2023,12
14,5,5,10.0,9,44,Finished,alonso,14,ALO,http://en.wikipedia.org/wiki/Fernando_Alonso,Fernando,Alonso,1981-07-29,Spanish,aston_martin,https://en.wikipedia.org/wiki/Aston_Martin_in_Formula_One,Aston Martin,British,5006634.0,0 days 00:00:56.184000,13.0,42.0,0 days 00:01:50.938000,kph,227.283,2023,12
63,6,6,8.0,8,44,Finished,russell,63,RUS,http://en.wikipedia.org/wiki/George_Russell_(racing_driver),George,Russell,1998-02-15,British,mercedes,https://en.wikipedia.org/wiki/Mercedes-Benz_in_Formula_One,Mercedes,German,5013551.0,0 days 00:01:03.101000,11.0,25.0,0 days 00:01:50.603000,kph,227.972,2023,12
4,7,7,6.0,7,44,Finished,norris,1,NOR,http://en.wikipedia.org/wiki/Lando_Norris,Lando,Norris,1999-11-13,British,mclaren,https://en.wikipedia.org/wiki/McLaren,McLaren,British,5024169.0,0 days 00:01:13.719000,18.0,26.0,0 days 00:01:51.682000,kph,225.769,2023,12
31,8,8,4.0,14,44,Finished,ocon,31,OCO,http://en.wikipedia.org/wiki/Esteban_Ocon,Esteban,Ocon,1996-09-17,French,alpine,https://en.wikipedia.org/wiki/Alpine_F1_Team,Alpine F1 Team,French,5025169.0,0 days 00:01:14.719000,8.0,27.0,0 days 00:01:50.439000,kph,228.31,2023,12
18,9,9,2.0,10,44,Finished,stroll,18,STR,http://en.wikipedia.org/wiki/Lance_Stroll,Lance,Stroll,1998-10-29,Canadian,aston_martin,https://en.wikipedia.org/wiki/Aston_Martin_in_Formula_One,Aston Martin,British,5029790.0,0 days 00:01:19.340000,16.0,26.0,0 days 00:01:51.297000,kph,226.55,2023,12
22,10,10,1.0,11,44,Finished,tsunoda,22,TSU,http://en.wikipedia.org/wiki/Yuki_Tsunoda,Yuki,Tsunoda,2000-05-11,Japanese,alphatauri,https://en.wikipedia.org/wiki/Scuderia_AlphaTauri,AlphaTauri,Italian,5030671.0,0 days 00:01:20.221000,17.0,26.0,0 days 00:01:51.394000,kph,226.353,2023,12
10,11,11,0.0,12,44,Finished,gasly,10,GAS,http://en.wikipedia.org/wiki/Pierre_Gasly,Pierre,Gasly,1996-02-07,French,alpine,https://en.wikipedia.org/wiki/Alpine_F1_Team,Alpine F1 Team,French,5033534.0,0 days 00:01:23.084000,12.0,25.0,0 days 00:01:50.911000,kph,227.339,2023,12
77,12,12,0.0,13,44,Finished,bottas,77,BOT,http://en.wikipedia.org/wiki/Valtteri_Bottas,Valtteri,Bottas,1989-08-28,Finnish,alfa,https://en.wikipedia.org/wiki/Alfa_Romeo_in_Formula_One,Alfa Romeo,Swiss,5035641.0,0 days 00:01:25.191000,10.0,26.0,0 days 00:01:50.515000,kph,228.153,2023,12
24,13,13,0.0,17,44,Finished,zhou,24,ZHO,http://en.wikipedia.org/wiki/Zhou_Guanyu,Guanyu,Zhou,1999-05-30,Chinese,alfa,https://en.wikipedia.org/wiki/Alfa_Romeo_in_Formula_One,Alfa Romeo,Swiss,5045891.0,0 days 00:01:35.441000,5.0,27.0,0 days 00:01:50.188000,kph,228.83,2023,12
23,14,14,0.0,15,44,Finished,albon,23,ALB,http://en.wikipedia.org/wiki/Alexander_Albon,Alexander,Albon,1996-03-23,Thai,williams,https://en.wikipedia.org/wiki/Williams_Racing,Williams,British,5046634.0,0 days 00:01:36.184000,3.0,35.0,0 days 00:01:49.841000,kph,229.553,2023,12
20,15,15,0.0,16,44,Finished,kevin_magnussen,20,MAG,http://en.wikipedia.org/wiki/Kevin_Magnussen,Kevin,Magnussen,1992-10-05,Danish,haas,https://en.wikipedia.org/wiki/Haas_F1_Team,Haas F1 Team,American,5052204.0,0 days 00:01:41.754000,14.0,27.0,0 days 00:01:50.993000,kph,227.171,2023,12
3,16,16,0.0,19,44,Finished,ricciardo,3,RIC,http://en.wikipedia.org/wiki/Daniel_Ricciardo,Daniel,Ricciardo,1989-07-01,Australian,alphatauri,https://en.wikipedia.org/wiki/Scuderia_AlphaTauri,AlphaTauri,Italian,5053521.0,0 days 00:01:43.071000,15.0,25.0,0 days 00:01:50.994000,kph,227.169,2023,12
2,17,17,0.0,18,44,Finished,sargeant,2,SAR,http://en.wikipedia.org/wiki/Logan_Sargeant,Logan,Sargeant,2000-12-31,American,williams,https://en.wikipedia.org/wiki/Williams_Racing,Williams,British,5054926.0,0 days 00:01:44.476000,9.0,37.0,0 days 00:01:50.486000,kph,228.213,2023,12
27,18,18,0.0,20,44,Finished,hulkenberg,27,HUL,http://en.wikipedia.org/wiki/Nico_H%C3%BClkenberg,Nico,Hülkenberg,1987-08-19,German,haas,https://en.wikipedia.org/wiki/Haas_F1_Team,Haas F1 Team,American,5060900.0,0 days 00:01:50.450000,4.0,26.0,0 days 00:01:49.907000,kph,229.415,2023,12
55,19,R,0.0,4,23,Retired,sainz,55,SAI,http://en.wikipedia.org/wiki/Carlos_Sainz_Jr.,Carlos,Sainz,1994-09-01,Spanish,ferrari,https://en.wikipedia.org/wiki/Scuderia_Ferrari,Ferrari,Italian,,,19.0,9.0,0 days 00:01:53.138000,kph,222.864,2023,12
81,20,R,0.0,5,0,Retired,piastri,81,PIA,http://en.wikipedia.org/wiki/Oscar_Piastri,Oscar,Piastri,2001-04-06,Australian,mclaren,https://en.wikipedia.org/wiki/McLaren,McLaren,British,,,,,,,,2023,12
1,1,1,25.0,1,72,Finished,max_verstappen,3,VER,http://en.wikipedia.org/wiki/Max_Verstappen,Max,Verstappen,1997-09-30,Dutch,red_bull,https://en.wikipedia.org/wiki/Red_Bull_Racing,Red Bull,Austrian,8644411.0,0 days 02:24:04.411000,2.0,58.0,0 days 00:01:13.889000,kph,207.505,2023,13
14,2,2,19.0,5,72,Finished,alonso,14,ALO,http://en.wikipedia.org/wiki/Fernando_Alonso,Fernando,Alonso,1981-07-29,Spanish,aston_martin,https://en.wikipedia.org/wiki/Aston_Martin_in_Formula_One,Aston Martin,British,8648155.0,0 days 00:00:03.744000,1.0,56.0,0 days 00:01:13.837000,kph,207.651,2023,13
10,3,3,15.0,12,72,Finished,gasly,10,GAS,http://en.wikipedia.org/wiki/Pierre_Gasly,Pierre,Gasly,1996-02-07,French,alpine,https://en.wikipedia.org/wiki/Alpine_F1_Team,Alpine F1 Team,French,8651469.0,0 days 00:00:07.058000,7.0,55.0,0 days 00:01:14.441000,kph,205.967,2023,13
11,4,4,12.0,7,72,Finished,perez,11,PER,http://en.wikipedia.org/wiki/Sergio_P%C3%A9rez,Sergio,Pérez,1990-01-26,Mexican,red_bull,https://en.wikipedia.org/wiki/Red_Bull_Racing,Red Bull,Austrian,8654479.0,0 days 00:00:10.068000,4.0,59.0,0 days 00:01:14.231000,kph,206.549,2023,13
55,5,5,10.0,6,72,Finished,sainz,55,SAI,http://en.wikipedia.org/wiki/Carlos_Sainz_Jr.,Carlos,Sainz,1994-09-01,Spanish,ferrari,https://en.wikipedia.org/wiki/Scuderia_Ferrari,Ferrari,Italian,8656952.0,0 days 00:00:12.541000,13.0,54.0,0 days 00:01:14.934000,kph,204.612,2023,13
44,6,6,8.0,13,72,Finished,hamilton,44,HAM,http://en.wikipedia.org/wiki/Lewis_Hamilton,Lewis,Hamilton,1985-01-07,British,mercedes,https://en.wikipedia.org/wiki/Mercedes-Benz_in_Formula_One,Mercedes,German,8657620.0,0 days 00:00:13.209000,3.0,58.0,0 days 00:01:13.904000,kph,207.463,2023,13
4,7,7,6.0,2,72,Finished,norris,1,NOR,http://en.wikipedia.org/wiki/Lando_Norris,Lando,Norris,1999-11-13,British,mclaren,https://en.wikipedia.org/wiki/McLaren,McLaren,British,8657643.0,0 days 00:00:13.232000,6.0,50.0,0 days 00:01:14.390000,kph,206.108,2023,13
23,8,8,4.0,4,72,Finished,albon,23,ALB,http://en.wikipedia.org/wiki/Alexander_Albon,Alexander,Albon,1996-03-23,Thai,williams,https://en.wikipedia.org/wiki/Williams_Racing,Williams,British,8659566.0,0 days 00:00:15.155000,8.0,55.0,0 days 00:01:14.468000,kph,205.892,2023,13
81,9,9,2.0,8,72,Finished,piastri,81,PIA,http://en.wikipedia.org/wiki/Oscar_Piastri,Oscar,Piastri,2001-04-06,Australian,mclaren,https://en.wikipedia.org/wiki/McLaren,McLaren,British,8660991.0,0 days 00:00:16.580000,5.0,54.0,0 days 00:01:14.299000,kph,206.36,2023,13
31,10,10,1.0,16,72,Finished,ocon,31,OCO,http://en.wikipedia.org/wiki/Esteban_Ocon,Esteban,Ocon,1996-09-17,French,alpine,https://en.wikipedia.org/wiki/Alpine_F1_Team,Alpine F1 Team,French,8662757.0,0 days 00:00:18.346000,10.0,51.0,0 days 00:01:14.570000,kph,205.61,2023,13
18,11,11,0.0,11,72,Finished,stroll,18,STR,http://en.wikipedia.org/wiki/Lance_Stroll,Lance,Stroll,1998-10-29,Canadian,aston_martin,https://en.wikipedia.org/wiki/Aston_Martin_in_Formula_One,Aston Martin,British,8664498.0,0 days 00:00:20.087000,15.0,37.0,0 days 00:01:15.171000,kph,203.966,2023,13
27,12,12,0.0,14,72,Finished,hulkenberg,27,HUL,http://en.wikipedia.org/wiki/Nico_H%C3%BClkenberg,Nico,Hülkenberg,1987-08-19,German,haas,https://en.wikipedia.org/wiki/Haas_F1_Team,Haas F1 Team,American,8665251.0,0 days 00:00:20.840000,9.0,53.0,0 days 00:01:14.472000,kph,205.881,2023,13
40,13,13,0.0,19,72,Finished,lawson,30,LAW,http://en.wikipedia.org/wiki/Liam_Lawson,Liam,Lawson,2002-02-11,New Zealander,alphatauri,https://en.wikipedia.org/wiki/Scuderia_AlphaTauri,AlphaTauri,Italian,8670558.0,0 days 00:00:26.147000,12.0,49.0,0 days 00:01:14.820000,kph,204.923,2023,13
77,14,14,0.0,18,72,Finished,bottas,77,BOT,http://en.wikipedia.org/wiki/Valtteri_Bottas,Valtteri,Bottas,1989-08-28,Finnish,alfa,https://en.wikipedia.org/wiki/Alfa_Romeo_in_Formula_One,Alfa Romeo,Swiss,8671799.0,0 days 00:00:27.388000,11.0,49.0,0 days 00:01:14.698000,kph,205.258,2023,13
22,15,15,0.0,17,72,Finished,tsunoda,22,TSU,http://en.wikipedia.org/wiki/Yuki_Tsunoda,Yuki,Tsunoda,2000-05-11,Japanese,alphatauri,https://en.wikipedia.org/wiki/Scuderia_AlphaTauri,AlphaTauri,Italian,8674304.0,0 days 00:00:29.893000,18.0,35.0,0 days 00:01:16.253000,kph,201.072,2023,13
20,16,16,0.0,0,72,Finished,kevin_magnussen,20,MAG,http://en.wikipedia.org/wiki/Kevin_Magnussen,Kevin,Magnussen,1992-10-05,Danish,haas,https://en.wikipedia.org/wiki/Haas_F1_Team,Haas F1 Team,American,8675821.0,0 days 00:00:31.410000,17.0,37.0,0 days 00:01:15.489000,kph,203.107,2023,13
63,17,17,0.0,3,72,Finished,russell,63,RUS,http://en.wikipedia.org/wiki/George_Russell_(racing_driver),George,Russell,1998-02-15,British,mercedes,https://en.wikipedia.org/wiki/Mercedes-Benz_in_Formula_One,Mercedes,German,8700165.0,0 days 00:00:55.754000,14.0,54.0,0 days 00:01:15.124000,kph,204.094,2023,13
24,18,R,0.0,15,62,Accident,zhou,24,ZHO,http://en.wikipedia.org/wiki/Zhou_Guanyu,Guanyu,Zhou,1999-05-30,Chinese,alfa,https://en.wikipedia.org/wiki/Alfa_Romeo_in_Formula_One,Alfa Romeo,Swiss,,,16.0,39.0,0 days 00:01:15.417000,kph,203.301,2023,13
16,19,R,0.0,9,41,Undertray,leclerc,16,LEC,http://en.wikipedia.org/wiki/Charles_Leclerc,Charles,Leclerc,1997-10-16,Monegasque,ferrari,https://en.wikipedia.org/wiki/Scuderia_Ferrari,Ferrari,Italian,,,19.0,33.0,0 days 00:01:17.277000,kph,198.408,2023,13
2,20,R,0.0,10,14,Accident,sargeant,2,SAR,http://en.wikipedia.org/wiki/Logan_Sargeant,Logan,Sargeant,2000-12-31,American,williams,https://en.wikipedia.org/wiki/Williams_Racing,Williams,British,,,20.0,13.0,0 days 00:01:17.399000,kph,198.095,2023,13
1,1,1,25.0,2,51,Finished,max_verstappen,3,VER,http://en.wikipedia.org/wiki/Max_Verstappen,Max,Verstappen,1997-09-30,Dutch,red_bull,https://en.wikipedia.org/wiki/Red_Bull_Racing,Red Bull,Austrian,4421143.0,0 days 01:13:41.143000,2.0,33.0,0 days 00:01:25.240000,kph,244.659,2023,14
11,2,2,18.0,5,51,Finished,perez,11,PER,http://en.wikipedia.org/wiki/Sergio_P%C3%A9rez,Sergio,Pérez,1990-01-26,Mexican,red_bull,https://en.wikipedia.org/wiki/Red_Bull_Racing,Red Bull,Austrian,4427207.0,0 days 00:00:06.064000,4.0,39.0,0 days 00:01:25.522000,kph,243.853,2023,14
55,3,3,15.0,1,51,Finished,sainz,55,SAI,http://en.wikipedia.org/wiki/Carlos_Sainz_Jr.,Carlos,Sainz,1994-09-01,Spanish,ferrari,https://en.wikipedia.org/wiki/Scuderia_Ferrari,Ferrari,Italian,4432336.0,0 days 00:00:11.193000,3.0,30.0,0 days 00:01:25.501000,kph,243.912,2023,14
16,4,4,12.0,3,51,Finished,leclerc,16,LEC,http://en.wikipedia.org/wiki/Charles_Leclerc,Charles,Leclerc,1997-10-16,Monegasque,ferrari,https://en.wikipedia.org/wiki/Scuderia_Ferrari,Ferrari,Italian,4432520.0,0 days 00:00:11.377000,5.0,38.0,0 days 00:01:25.580000,kph,243.687,2023,14
63,5,5,10.0,4,51,Finished,russell,63,RUS,http://en.wikipedia.org/wiki/George_Russell_(racing_driver),George,Russell,1998-02-15,British,mercedes,https://en.wikipedia.org/wiki/Mercedes-Benz_in_Formula_One,Mercedes,German,4444171.0,0 days 00:00:23.028000,9.0,38.0,0 days 00:01:25.847000,kph,242.929,2023,14
44,6,6,8.0,8,51,Finished,hamilton,44,HAM,http://en.wikipedia.org/wiki/Lewis_Hamilton,Lewis,Hamilton,1985-01-07,British,mercedes,https://en.wikipedia.org/wiki/Mercedes-Benz_in_Formula_One,Mercedes,German,4463822.0,0 days 00:00:42.679000,6.0,29.0,0 days 00:01:25.582000,kph,243.682,2023,14
23,7,7,6.0,6,51,Finished,albon,23,ALB,http://en.wikipedia.org/wiki/Alexander_Albon,Alexander,Albon,1996-03-23,Thai,williams,https://en.wikipedia.org/wiki/Williams_Racing,Williams,British,4466249.0,0 days 00:00:45.106000,16.0,33.0,0 days 00:01:26.389000,kph,241.405,2023,14
4,8,8,4.0,9,51,Finished,norris,1,NOR,http://en.wikipedia.org/wiki/Lando_Norris,Lando,Norris,1999-11-13,British,mclaren,https://en.wikipedia.org/wiki/McLaren,McLaren,British,4466592.0,0 days 00:00:45.449000,14.0,24.0,0 days 00:01:26.144000,kph,242.092,2023,14
14,9,9,2.0,10,51,Finished,alonso,14,ALO,http://en.wikipedia.org/wiki/Fernando_Alonso,Fernando,Alonso,1981-07-29,Spanish,aston_martin,https://en.wikipedia.org/wiki/Aston_Martin_in_Formula_One,Aston Martin,British,4467437.0,0 days 00:00:46.294000,13.0,43.0,0 days 00:01:26.105000,kph,242.201,2023,14
77,10,10,1.0,14,51,Finished,bottas,77,BOT,http://en.wikipedia.org/wiki/Valtteri_Bottas,Valtteri,Bottas,1989-08-28,Finnish,alfa,https://en.wikipedia.org/wiki/Alfa_Romeo_in_Formula_One,Alfa Romeo,Swiss,4485199.0,0 days 00:01:04.056000,12.0,27.0,0 days 00:01:25.988000,kph,242.531,2023,14
40,11,11,0.0,12,51,Finished,lawson,30,LAW,http://en.wikipedia.org/wiki/Liam_Lawson,Liam,Lawson,2002-02-11,New Zealander,alphatauri,https://en.wikipedia.org/wiki/Scuderia_AlphaTauri,AlphaTauri,Italian,4491781.0,0 days 00:01:10.638000,8.0,44.0,0 days 00:01:25.842000,kph,242.944,2023,14
81,12,12,0.0,7,51,Finished,piastri,81,PIA,http://en.wikipedia.org/wiki/Oscar_Piastri,Oscar,Piastri,2001-04-06,Australian,mclaren,https://en.wikipedia.org/wiki/McLaren,McLaren,British,4494217.0,0 days 00:01:13.074000,1.0,43.0,0 days 00:01:25.072000,kph,245.142,2023,14
2,13,13,0.0,15,51,Finished,sargeant,2,SAR,http://en.wikipedia.org/wiki/Logan_Sargeant,Logan,Sargeant,2000-12-31,American,williams,https://en.wikipedia.org/wiki/Williams_Racing,Williams,British,4499700.0,0 days 00:01:18.557000,18.0,16.0,0 days 00:01:26.840000,kph,240.152,2023,14
24,14,14,0.0,16,51,Finished,zhou,24,ZHO,http://en.wikipedia.org/wiki/Zhou_Guanyu,Guanyu,Zhou,1999-05-30,Chinese,alfa,https://en.wikipedia.org/wiki/Alfa_Romeo_in_Formula_One,Alfa Romeo,Swiss,4501307.0,0 days 00:01:20.164000,11.0,35.0,0 days 00:01:25.983000,kph,242.545,2023,14
10,15,15,0.0,17,51,Finished,gasly,10,GAS,http://en.wikipedia.org/wiki/Pierre_Gasly,Pierre,Gasly,1996-02-07,French,alpine,https://en.wikipedia.org/wiki/Alpine_F1_Team,Alpine F1 Team,French,4503653.0,0 days 00:01:22.510000,7.0,44.0,0 days 00:01:25.758000,kph,243.181,2023,14
18,16,16,0.0,20,51,Finished,stroll,18,STR,http://en.wikipedia.org/wiki/Lance_Stroll,Lance,Stroll,1998-10-29,Canadian,aston_martin,https://en.wikipedia.org/wiki/Aston_Martin_in_Formula_One,Aston Martin,British,4508409.0,0 days 00:01:27.266000,17.0,31.0,0 days 00:01:26.617000,kph,240.77,2023,14
27,17,17,0.0,13,50,Lapped,hulkenberg,27,HUL,http://en.wikipedia.org/wiki/Nico_H%C3%BClkenberg,Nico,Hülkenberg,1987-08-19,German,haas,https://en.wikipedia.org/wiki/Haas_F1_Team,Haas F1 Team,American,4423236.0,0 days 00:00:02.093000,10.0,50.0,0 days 00:01:25.894000,kph,242.796,2023,14
20,18,18,0.0,19,50,Lapped,kevin_magnussen,20,MAG,http://en.wikipedia.org/wiki/Kevin_Magnussen,Kevin,Magnussen,1992-10-05,Danish,haas,https://en.wikipedia.org/wiki/Haas_F1_Team,Haas F1 Team,American,4433767.0,0 days 00:00:12.624000,15.0,42.0,0 days 00:01:26.278000,kph,241.716,2023,14
31,19,R,0.0,18,39,Retired,ocon,31,OCO,http://en.wikipedia.org/wiki/Esteban_Ocon,Esteban,Ocon,1996-09-17,French,alpine,https://en.wikipedia.org/wiki/Alpine_F1_Team,Alpine F1 Team,French,,,19.0,33.0,0 days 00:01:26.963000,kph,239.812,2023,14
22,20,W,0.0,11,0,Did not start,tsunoda,22,TSU,http://en.wikipedia.org/wiki/Yuki_Tsunoda,Yuki,Tsunoda,2000-05-11,Japanese,alphatauri,https://en.wikipedia.org/wiki/Scuderia_AlphaTauri,AlphaTauri,Italian,,,,,,,,2023,14
55,1,1,25.0,1,62,Finished,sainz,55,SAI,http://en.wikipedia.org/wiki/Carlos_Sainz_Jr.,Carlos,Sainz,1994-09-01,Spanish,ferrari,https://en.wikipedia.org/wiki/Scuderia_Ferrari,Ferrari,Italian,6397418.0,0 days 01:46:37.418000,7.0,47.0,0 days 00:01:37.666000,kph,182.089,2023,15
4,2,2,18.0,4,62,Finished,norris,1,NOR,http://en.wikipedia.org/wiki/Lando_Norris,Lando,Norris,1999-11-13,British,mclaren,https://en.wikipedia.org/wiki/McLaren,McLaren,British,6398230.0,0 days 00:00:00.812000,8.0,46.0,0 days 00:01:38.046000,kph,181.384,2023,15
44,3,3,16.0,5,62,Finished,hamilton,44,HAM,http://en.wikipedia.org/wiki/Lewis_Hamilton,Lewis,Hamilton,1985-01-07,British,mercedes,https://en.wikipedia.org/wiki/Mercedes-Benz_in_Formula_One,Mercedes,German,6398687.0,0 days 00:00:01.269000,1.0,47.0,0 days 00:01:35.867000,kph,185.507,2023,15
16,4,4,12.0,3,62,Finished,leclerc,16,LEC,http://en.wikipedia.org/wiki/Charles_Leclerc,Charles,Leclerc,1997-10-16,Monegasque,ferrari,https://en.wikipedia.org/wiki/Scuderia_Ferrari,Ferrari,Italian,6418595.0,0 days 00:00:21.177000,11.0,46.0,0 days 00:01:38.275000,kph,180.961,2023,15
1,5,5,10.0,11,62,Finished,max_verstappen,3,VER,http://en.wikipedia.org/wiki/Max_Verstappen,Max,Verstappen,1997-09-30,Dutch,red_bull,https://en.wikipedia.org/wiki/Red_Bull_Racing,Red Bull,Austrian,6418859.0,0 days 00:00:21.441000,4.0,61.0,0 days 00:01:36.575000,kph,184.147,2023,15
10,6,6,8.0,12,62,Finished,gasly,10,GAS,http://en.wikipedia.org/wiki/Pierre_Gasly,Pierre,Gasly,1996-02-07,French,alpine,https://en.wikipedia.org/wiki/Alpine_F1_Team,Alpine F1 Team,French,6435859.0,0 days 00:00:38.441000,12.0,46.0,0 days 00:01:38.277000,kph,180.957,2023,15
81,7,7,6.0,17,62,Finished,piastri,81,PIA,http://en.wikipedia.org/wiki/Oscar_Piastri,Oscar,Piastri,2001-04-06,Australian,mclaren,https://en.wikipedia.org/wiki/McLaren,McLaren,British,6438897.0,0 days 00:00:41.479000,13.0,46.0,0 days 00:01:38.492000,kph,180.562,2023,15
11,8,8,4.0,13,62,Finished,perez,11,PER,http://en.wikipedia.org/wiki/Sergio_P%C3%A9rez,Sergio,Pérez,1990-01-26,Mexican,red_bull,https://en.wikipedia.org/wiki/Red_Bull_Racing,Red Bull,Austrian,6456952.0,0 days 00:00:59.534000,5.0,61.0,0 days 00:01:37.108000,kph,183.136,2023,15
40,9,9,2.0,10,62,Finished,lawson,30,LAW,http://en.wikipedia.org/wiki/Liam_Lawson,Liam,Lawson,2002-02-11,New Zealander,alphatauri,https://en.wikipedia.org/wiki/Scuderia_AlphaTauri,AlphaTauri,Italian,6463336.0,0 days 00:01:05.918000,15.0,47.0,0 days 00:01:39.028000,kph,179.585,2023,15
20,10,10,1.0,6,62,Finished,kevin_magnussen,20,MAG,http://en.wikipedia.org/wiki/Kevin_Magnussen,Kevin,Magnussen,1992-10-05,Danish,haas,https://en.wikipedia.org/wiki/Haas_F1_Team,Haas F1 Team,American,6469534.0,0 days 00:01:12.116000,10.0,48.0,0 days 00:01:38.107000,kph,181.271,2023,15
23,11,11,0.0,14,62,Finished,albon,23,ALB,http://en.wikipedia.org/wiki/Alexander_Albon,Alexander,Albon,1996-03-23,Thai,williams,https://en.wikipedia.org/wiki/Williams_Racing,Williams,British,6470835.0,0 days 00:01:13.417000,6.0,46.0,0 days 00:01:37.342000,kph,182.696,2023,15
24,12,12,0.0,19,62,Finished,zhou,24,ZHO,http://en.wikipedia.org/wiki/Zhou_Guanyu,Guanyu,Zhou,1999-05-30,Chinese,alfa,https://en.wikipedia.org/wiki/Alfa_Romeo_in_Formula_One,Alfa Romeo,Swiss,6481067.0,0 days 00:01:23.649000,16.0,46.0,0 days 00:01:39.316000,kph,179.064,2023,15
27,13,13,0.0,9,62,Finished,hulkenberg,27,HUL,http://en.wikipedia.org/wiki/Nico_H%C3%BClkenberg,Nico,Hülkenberg,1987-08-19,German,haas,https://en.wikipedia.org/wiki/Haas_F1_Team,Haas F1 Team,American,6483619.0,0 days 00:01:26.201000,17.0,50.0,0 days 00:01:39.923000,kph,177.977,2023,15
2,14,14,0.0,18,62,Finished,sargeant,2,SAR,http://en.wikipedia.org/wiki/Logan_Sargeant,Logan,Sargeant,2000-12-31,American,williams,https://en.wikipedia.org/wiki/Williams_Racing,Williams,British,6484307.0,0 days 00:01:26.889000,14.0,45.0,0 days 00:01:38.531000,kph,180.491,2023,15
14,15,15,0.0,7,62,Finished,alonso,14,ALO,http://en.wikipedia.org/wiki/Fernando_Alonso,Fernando,Alonso,1981-07-29,Spanish,aston_martin,https://en.wikipedia.org/wiki/Aston_Martin_in_Formula_One,Aston Martin,British,6485021.0,0 days 00:01:27.603000,3.0,47.0,0 days 00:01:36.456000,kph,184.374,2023,15
63,16,16,0.0,2,61,Retired,russell,63,RUS,http://en.wikipedia.org/wiki/George_Russell_(racing_driver),George,Russell,1998-02-15,British,mercedes,https://en.wikipedia.org/wiki/Mercedes-Benz_in_Formula_One,Mercedes,German,6298932.0,,2.0,46.0,0 days 00:01:36.273000,kph,184.724,2023,15
77,17,R,0.0,16,51,Retired,bottas,77,BOT,http://en.wikipedia.org/wiki/Valtteri_Bottas,Valtteri,Bottas,1989-08-28,Finnish,alfa,https://en.wikipedia.org/wiki/Alfa_Romeo_in_Formula_One,Alfa Romeo,Swiss,,,9.0,51.0,0 days 00:01:38.075000,kph,181.33,2023,15
31,18,R,0.0,8,42,Retired,ocon,31,OCO,http://en.wikipedia.org/wiki/Esteban_Ocon,Esteban,Ocon,1996-09-17,French,alpine,https://en.wikipedia.org/wiki/Alpine_F1_Team,Alpine F1 Team,French,,,18.0,33.0,0 days 00:01:39.930000,kph,177.964,2023,15
22,19,R,0.0,15,0,Retired,tsunoda,22,TSU,http://en.wikipedia.org/wiki/Yuki_Tsunoda,Yuki,Tsunoda,2000-05-11,Japanese,alphatauri,https://en.wikipedia.org/wiki/Scuderia_AlphaTauri,AlphaTauri,Italian,,,,,,,,2023,15
18,20,W,0.0,0,0,Withdrew,stroll,18,STR,http://en.wikipedia.org/wiki/Lance_Stroll,Lance,Stroll,1998-10-29,Canadian,aston_martin,https://en.wikipedia.org/wiki/Aston_Martin_in_Formula_One,Aston Martin,British,,,,,,,,2023,15
1,1,1,26.0,1,53,Finished,max_verstappen,3,VER,http://en.wikipedia.org/wiki/Max_Verstappen,Max,Verstappen,1997-09-30,Dutch,red_bull,https://en.wikipedia.org/wiki/Red_Bull_Racing,Red Bull,Austrian,5458421.0,0 days 01:30:58.421000,1.0,39.0,0 days 00:01:34.183000,kph,221.963,2023,16
4,2,2,18.0,3,53,Finished,norris,1,NOR,http://en.wikipedia.org/wiki/Lando_Norris,Lando,Norris,1999-11-13,British,mclaren,https://en.wikipedia.org/wiki/McLaren,McLaren,British,5477808.0,0 days 00:00:19.387000,2.0,40.0,0 days 00:01:35.247000,kph,219.484,2023,16
81,3,3,15.0,2,53,Finished,piastri,81,PIA,http://en.wikipedia.org/wiki/Oscar_Piastri,Oscar,Piastri,2001-04-06,Australian,mclaren,https://en.wikipedia.org/wiki/McLaren,McLaren,British,5494915.0,0 days 00:00:36.494000,5.0,38.0,0 days 00:01:36.328000,kph,217.021,2023,16
16,4,4,12.0,4,53,Finished,leclerc,16,LEC,http://en.wikipedia.org/wiki/Charles_Leclerc,Charles,Leclerc,1997-10-16,Monegasque,ferrari,https://en.wikipedia.org/wiki/Scuderia_Ferrari,Ferrari,Italian,5502419.0,0 days 00:00:43.998000,6.0,40.0,0 days 00:01:36.362000,kph,216.944,2023,16
44,5,5,10.0,7,53,Finished,hamilton,44,HAM,http://en.wikipedia.org/wiki/Lewis_Hamilton,Lewis,Hamilton,1985-01-07,British,mercedes,https://en.wikipedia.org/wiki/Mercedes-Benz_in_Formula_One,Mercedes,German,5507797.0,0 days 00:00:49.376000,3.0,36.0,0 days 00:01:35.611000,kph,218.648,2023,16
55,6,6,8.0,6,53,Finished,sainz,55,SAI,http://en.wikipedia.org/wiki/Carlos_Sainz_Jr.,Carlos,Sainz,1994-09-01,Spanish,ferrari,https://en.wikipedia.org/wiki/Scuderia_Ferrari,Ferrari,Italian,5508642.0,0 days 00:00:50.221000,4.0,40.0,0 days 00:01:36.187000,kph,217.339,2023,16
63,7,7,6.0,8,53,Finished,russell,63,RUS,http://en.wikipedia.org/wiki/George_Russell_(racing_driver),George,Russell,1998-02-15,British,mercedes,https://en.wikipedia.org/wiki/Mercedes-Benz_in_Formula_One,Mercedes,German,5516080.0,0 days 00:00:57.659000,11.0,27.0,0 days 00:01:37.653000,kph,214.076,2023,16
14,8,8,4.0,10,53,Finished,alonso,14,ALO,http://en.wikipedia.org/wiki/Fernando_Alonso,Fernando,Alonso,1981-07-29,Spanish,aston_martin,https://en.wikipedia.org/wiki/Aston_Martin_in_Formula_One,Aston Martin,British,5533146.0,0 days 00:01:14.725000,8.0,28.0,0 days 00:01:37.203000,kph,215.067,2023,16
31,9,9,2.0,14,53,Finished,ocon,31,OCO,http://en.wikipedia.org/wiki/Esteban_Ocon,Esteban,Ocon,1996-09-17,French,alpine,https://en.wikipedia.org/wiki/Alpine_F1_Team,Alpine F1 Team,French,5538099.0,0 days 00:01:19.678000,10.0,34.0,0 days 00:01:37.398000,kph,214.636,2023,16
10,10,10,1.0,12,53,Finished,gasly,10,GAS,http://en.wikipedia.org/wiki/Pierre_Gasly,Pierre,Gasly,1996-02-07,French,alpine,https://en.wikipedia.org/wiki/Alpine_F1_Team,Alpine F1 Team,French,5541576.0,0 days 00:01:23.155000,7.0,36.0,0 days 00:01:36.371000,kph,216.924,2023,16
40,11,11,0.0,11,52,Lapped,lawson,30,LAW,http://en.wikipedia.org/wiki/Liam_Lawson,Liam,Lawson,2002-02-11,New Zealander,alphatauri,https://en.wikipedia.org/wiki/Scuderia_AlphaTauri,AlphaTauri,Italian,5461510.0,0 days 00:00:03.089000,15.0,50.0,0 days 00:01:38.267000,kph,212.738,2023,16
22,12,12,0.0,9,52,Lapped,tsunoda,22,TSU,http://en.wikipedia.org/wiki/Yuki_Tsunoda,Yuki,Tsunoda,2000-05-11,Japanese,alphatauri,https://en.wikipedia.org/wiki/Scuderia_AlphaTauri,AlphaTauri,Italian,5462395.0,0 days 00:00:03.974000,12.0,36.0,0 days 00:01:37.768000,kph,213.824,2023,16
24,13,13,0.0,19,52,Lapped,zhou,24,ZHO,http://en.wikipedia.org/wiki/Zhou_Guanyu,Guanyu,Zhou,1999-05-30,Chinese,alfa,https://en.wikipedia.org/wiki/Alfa_Romeo_in_Formula_One,Alfa Romeo,Swiss,5464761.0,0 days 00:00:06.340000,13.0,45.0,0 days 00:01:37.791000,kph,213.774,2023,16
27,14,14,0.0,18,52,Lapped,hulkenberg,27,HUL,http://en.wikipedia.org/wiki/Nico_H%C3%BClkenberg,Nico,Hülkenberg,1987-08-19,German,haas,https://en.wikipedia.org/wiki/Haas_F1_Team,Haas F1 Team,American,5468019.0,0 days 00:00:09.598000,9.0,44.0,0 days 00:01:37.250000,kph,214.963,2023,16
20,15,15,0.0,15,52,Lapped,kevin_magnussen,20,MAG,http://en.wikipedia.org/wiki/Kevin_Magnussen,Kevin,Magnussen,1992-10-05,Danish,haas,https://en.wikipedia.org/wiki/Haas_F1_Team,Haas F1 Team,American,5487991.0,0 days 00:00:29.570000,14.0,41.0,0 days 00:01:37.842000,kph,213.662,2023,16
23,16,R,0.0,13,26,Retired,albon,23,ALB,http://en.wikipedia.org/wiki/Alexander_Albon,Alexander,Albon,1996-03-23,Thai,williams,https://en.wikipedia.org/wiki/Williams_Racing,Williams,British,,,18.0,15.0,0 days 00:01:39.185000,kph,210.769,2023,16
2,17,R,0.0,20,22,Retired,sargeant,2,SAR,http://en.wikipedia.org/wiki/Logan_Sargeant,Logan,Sargeant,2000-12-31,American,williams,https://en.wikipedia.org/wiki/Williams_Racing,Williams,British,,,16.0,7.0,0 days 00:01:38.848000,kph,211.488,2023,16
18,18,R,0.0,17,20,Retired,stroll,18,STR,http://en.wikipedia.org/wiki/Lance_Stroll,Lance,Stroll,1998-10-29,Canadian,aston_martin,https://en.wikipedia.org/wiki/Aston_Martin_in_Formula_One,Aston Martin,British,,,17.0,16.0,0 days 00:01:39.050000,kph,211.057,2023,16
11,19,R,0.0,5,15,Retired,perez,11,PER,http://en.wikipedia.org/wiki/Sergio_P%C3%A9rez,Sergio,Pérez,1990-01-26,Mexican,red_bull,https://en.wikipedia.org/wiki/Red_Bull_Racing,Red Bull,Austrian,,,19.0,8.0,0 days 00:01:39.704000,kph,209.672,2023,16
77,20,R,0.0,16,7,Retired,bottas,77,BOT,http://en.wikipedia.org/wiki/Valtteri_Bottas,Valtteri,Bottas,1989-08-28,Finnish,alfa,https://en.wikipedia.org/wiki/Alfa_Romeo_in_Formula_One,Alfa Romeo,Swiss,,,20.0,5.0,0 days 00:02:02.755000,kph,170.3,2023,16
1,1,1,26.0,1,57,Finished,max_verstappen,3,VER,http://en.wikipedia.org/wiki/Max_Verstappen,Max,Verstappen,1997-09-30,Dutch,red_bull,https://en.wikipedia.org/wiki/Red_Bull_Racing,Red Bull,Austrian,5259168.0,0 days 01:27:39.168000,1.0,56.0,0 days 00:01:24.319000,kph,231.364,2023,17
81,2,2,18.0,6,57,Finished,piastri,81,PIA,http://en.wikipedia.org/wiki/Oscar_Piastri,Oscar,Piastri,2001-04-06,Australian,mclaren,https://en.wikipedia.org/wiki/McLaren,McLaren,British,5264001.0,0 days 00:00:04.833000,3.0,48.0,0 days 00:01:24.921000,kph,229.724,2023,17
4,3,3,15.0,10,57,Finished,norris,1,NOR,http://en.wikipedia.org/wiki/Lando_Norris,Lando,Norris,1999-11-13,British,mclaren,https://en.wikipedia.org/wiki/McLaren,McLaren,British,5265137.0,0 days 00:00:05.969000,2.0,47.0,0 days 00:01:24.842000,kph,229.938,2023,17
63,4,4,12.0,2,57,Finished,russell,63,RUS,http://en.wikipedia.org/wiki/George_Russell_(racing_driver),George,Russell,1998-02-15,British,mercedes,https://en.wikipedia.org/wiki/Mercedes-Benz_in_Formula_One,Mercedes,German,5293287.0,0 days 00:00:34.119000,5.0,35.0,0 days 00:01:25.770000,kph,227.45,2023,17
16,5,5,10.0,5,57,Finished,leclerc,16,LEC,http://en.wikipedia.org/wiki/Charles_Leclerc,Charles,Leclerc,1997-10-16,Monegasque,ferrari,https://en.wikipedia.org/wiki/Scuderia_Ferrari,Ferrari,Italian,5298144.0,0 days 00:00:38.976000,4.0,57.0,0 days 00:01:24.992000,kph,229.532,2023,17
14,6,6,8.0,4,57,Finished,alonso,14,ALO,http://en.wikipedia.org/wiki/Fernando_Alonso,Fernando,Alonso,1981-07-29,Spanish,aston_martin,https://en.wikipedia.org/wiki/Aston_Martin_in_Formula_One,Aston Martin,British,5308200.0,0 days 00:00:49.032000,6.0,57.0,0 days 00:01:26.045000,kph,226.723,2023,17
31,7,7,6.0,8,57,Finished,ocon,31,OCO,http://en.wikipedia.org/wiki/Esteban_Ocon,Esteban,Ocon,1996-09-17,French,alpine,https://en.wikipedia.org/wiki/Alpine_F1_Team,Alpine F1 Team,French,5321558.0,0 days 00:01:02.390000,11.0,42.0,0 days 00:01:26.450000,kph,225.661,2023,17
77,8,8,4.0,9,57,Finished,bottas,77,BOT,http://en.wikipedia.org/wiki/Valtteri_Bottas,Valtteri,Bottas,1989-08-28,Finnish,alfa,https://en.wikipedia.org/wiki/Alfa_Romeo_in_Formula_One,Alfa Romeo,Swiss,5325731.0,0 days 00:01:06.563000,13.0,54.0,0 days 00:01:26.652000,kph,225.135,2023,17
24,9,9,2.0,19,57,Finished,zhou,24,ZHO,http://en.wikipedia.org/wiki/Zhou_Guanyu,Guanyu,Zhou,1999-05-30,Chinese,alfa,https://en.wikipedia.org/wiki/Alfa_Romeo_in_Formula_One,Alfa Romeo,Swiss,5335295.0,0 days 00:01:16.127000,9.0,54.0,0 days 00:01:26.323000,kph,225.993,2023,17
11,10,10,1.0,20,57,Finished,perez,11,PER,http://en.wikipedia.org/wiki/Sergio_P%C3%A9rez,Sergio,Pérez,1990-01-26,Mexican,red_bull,https://en.wikipedia.org/wiki/Red_Bull_Racing,Red Bull,Austrian,5339349.0,0 days 00:01:20.181000,7.0,50.0,0 days 00:01:26.220000,kph,226.263,2023,17
18,11,11,0.0,16,57,Finished,stroll,18,STR,http://en.wikipedia.org/wiki/Lance_Stroll,Lance,Stroll,1998-10-29,Canadian,aston_martin,https://en.wikipedia.org/wiki/Aston_Martin_in_Formula_One,Aston Martin,British,5340820.0,0 days 00:01:21.652000,10.0,55.0,0 days 00:01:26.352000,kph,225.917,2023,17
10,12,12,0.0,7,57,Finished,gasly,10,GAS,http://en.wikipedia.org/wiki/Pierre_Gasly,Pierre,Gasly,1996-02-07,French,alpine,https://en.wikipedia.org/wiki/Alpine_F1_Team,Alpine F1 Team,French,5341468.0,0 days 00:01:22.300000,8.0,49.0,0 days 00:01:26.310000,kph,226.027,2023,17
23,13,13,0.0,13,57,Finished,albon,23,ALB,http://en.wikipedia.org/wiki/Alexander_Albon,Alexander,Albon,1996-03-23,Thai,williams,https://en.wikipedia.org/wiki/Williams_Racing,Williams,British,5350182.0,0 days 00:01:31.014000,14.0,57.0,0 days 00:01:26.666000,kph,225.098,2023,17
20,14,14,0.0,18,56,Lapped,kevin_magnussen,20,MAG,http://en.wikipedia.org/wiki/Kevin_Magnussen,Kevin,Magnussen,1992-10-05,Danish,haas,https://en.wikipedia.org/wiki/Haas_F1_Team,Haas F1 Team,American,5260414.0,0 days 00:00:01.246000,15.0,46.0,0 days 00:01:27.067000,kph,224.061,2023,17
22,15,15,0.0,11,56,Lapped,tsunoda,22,TSU,http://en.wikipedia.org/wiki/Yuki_Tsunoda,Yuki,Tsunoda,2000-05-11,Japanese,alphatauri,https://en.wikipedia.org/wiki/Scuderia_AlphaTauri,AlphaTauri,Italian,5268126.0,0 days 00:00:08.958000,17.0,55.0,0 days 00:01:27.174000,kph,223.786,2023,17
27,16,16,0.0,14,56,Lapped,hulkenberg,27,HUL,http://en.wikipedia.org/wiki/Nico_H%C3%BClkenberg,Nico,Hülkenberg,1987-08-19,German,haas,https://en.wikipedia.org/wiki/Haas_F1_Team,Haas F1 Team,American,5274253.0,0 days 00:00:15.085000,12.0,45.0,0 days 00:01:26.489000,kph,225.559,2023,17
40,17,17,0.0,17,56,Lapped,lawson,30,LAW,http://en.wikipedia.org/wiki/Liam_Lawson,Liam,Lawson,2002-02-11,New Zealander,alphatauri,https://en.wikipedia.org/wiki/Scuderia_AlphaTauri,AlphaTauri,Italian,5286276.0,0 days 00:00:27.108000,16.0,54.0,0 days 00:01:27.113000,kph,223.943,2023,17
2,18,R,0.0,15,40,Retired,sargeant,2,SAR,http://en.wikipedia.org/wiki/Logan_Sargeant,Logan,Sargeant,2000-12-31,American,williams,https://en.wikipedia.org/wiki/Williams_Racing,Williams,British,,,18.0,31.0,0 days 00:01:27.983000,kph,221.729,2023,17
44,19,R,0.0,3,0,Retired,hamilton,44,HAM,http://en.wikipedia.org/wiki/Lewis_Hamilton,Lewis,Hamilton,1985-01-07,British,mercedes,https://en.wikipedia.org/wiki/Mercedes-Benz_in_Formula_One,Mercedes,German,,,,,,,,2023,17
55,20,W,0.0,12,0,Did not start,sainz,55,SAI,http://en.wikipedia.org/wiki/Carlos_Sainz_Jr.,Carlos,Sainz,1994-09-01,Spanish,ferrari,https://en.wikipedia.org/wiki/Scuderia_Ferrari,Ferrari,Italian,,,,,,,,2023,17
1,1,1,25.0,6,56,Finished,max_verstappen,3,VER,http://en.wikipedia.org/wiki/Max_Verstappen,Max,Verstappen,1997-09-30,Dutch,red_bull,https://en.wikipedia.org/wiki/Red_Bull_Racing,Red Bull,Austrian,5721362.0,0 days 01:35:21.362000,9.0,40.0,0 days 00:01:40.028000,kph,198.412,2023,18
4,2,2,18.0,2,56,Finished,norris,1,NOR,http://en.wikipedia.org/wiki/Lando_Norris,Lando,Norris,1999-11-13,British,mclaren,https://en.wikipedia.org/wiki/McLaren,McLaren,British,5732092.0,0 days 00:00:10.730000,8.0,39.0,0 days 00:01:39.985000,kph,198.497,2023,18
55,3,3,15.0,4,56,Finished,sainz,55,SAI,http://en.wikipedia.org/wiki/Carlos_Sainz_Jr.,Carlos,Sainz,1994-09-01,Spanish,ferrari,https://en.wikipedia.org/wiki/Scuderia_Ferrari,Ferrari,Italian,5736496.0,0 days 00:00:15.134000,10.0,51.0,0 days 00:01:40.034000,kph,198.4,2023,18
11,4,4,12.0,9,56,Finished,perez,11,PER,http://en.wikipedia.org/wiki/Sergio_P%C3%A9rez,Sergio,Pérez,1990-01-26,Mexican,red_bull,https://en.wikipedia.org/wiki/Red_Bull_Racing,Red Bull,Austrian,5739822.0,0 days 00:00:18.460000,5.0,40.0,0 days 00:01:39.737000,kph,198.991,2023,18
63,5,5,10.0,5,56,Finished,russell,63,RUS,http://en.wikipedia.org/wiki/George_Russell_(racing_driver),George,Russell,1998-02-15,British,mercedes,https://en.wikipedia.org/wiki/Mercedes-Benz_in_Formula_One,Mercedes,German,5746361.0,0 days 00:00:24.999000,3.0,48.0,0 days 00:01:39.393000,kph,199.68,2023,18
10,6,6,8.0,7,56,Finished,gasly,10,GAS,http://en.wikipedia.org/wiki/Pierre_Gasly,Pierre,Gasly,1996-02-07,French,alpine,https://en.wikipedia.org/wiki/Alpine_F1_Team,Alpine F1 Team,French,5769358.0,0 days 00:00:47.996000,11.0,47.0,0 days 00:01:40.412000,kph,197.653,2023,18
18,7,7,6.0,20,56,Finished,stroll,18,STR,http://en.wikipedia.org/wiki/Lance_Stroll,Lance,Stroll,1998-10-29,Canadian,aston_martin,https://en.wikipedia.org/wiki/Aston_Martin_in_Formula_One,Aston Martin,British,5770058.0,0 days 00:00:48.696000,6.0,48.0,0 days 00:01:39.908000,kph,198.65,2023,18
22,8,8,5.0,11,56,Finished,tsunoda,22,TSU,http://en.wikipedia.org/wiki/Yuki_Tsunoda,Yuki,Tsunoda,2000-05-11,Japanese,alphatauri,https://en.wikipedia.org/wiki/Scuderia_AlphaTauri,AlphaTauri,Italian,5795747.0,0 days 00:01:14.385000,1.0,56.0,0 days 00:01:38.139000,kph,202.231,2023,18
23,9,9,2.0,15,56,Finished,albon,23,ALB,http://en.wikipedia.org/wiki/Alexander_Albon,Alexander,Albon,1996-03-23,Thai,williams,https://en.wikipedia.org/wiki/Williams_Racing,Williams,British,5808076.0,0 days 00:01:26.714000,15.0,48.0,0 days 00:01:41.318000,,,2023,18
2,10,10,1.0,16,56,Finished,sargeant,2,SAR,http://en.wikipedia.org/wiki/Logan_Sargeant,Logan,Sargeant,2000-12-31,American,williams,https://en.wikipedia.org/wiki/Williams_Racing,Williams,British,5809360.0,0 days 00:01:27.998000,14.0,34.0,0 days 00:01:41.238000,kph,196.041,2023,18
27,11,11,0.0,18,56,Finished,hulkenberg,27,HUL,http://en.wikipedia.org/wiki/Nico_H%C3%BClkenberg,Nico,Hülkenberg,1987-08-19,German,haas,https://en.wikipedia.org/wiki/Haas_F1_Team,Haas F1 Team,American,5811266.0,0 days 00:01:29.904000,12.0,45.0,0 days 00:01:40.925000,kph,196.648,2023,18
77,12,12,0.0,13,56,Finished,bottas,77,BOT,http://en.wikipedia.org/wiki/Valtteri_Bottas,Valtteri,Bottas,1989-08-28,Finnish,alfa,https://en.wikipedia.org/wiki/Alfa_Romeo_in_Formula_One,Alfa Romeo,Swiss,5819963.0,0 days 00:01:38.601000,18.0,54.0,0 days 00:01:41.972000,kph,194.629,2023,18
24,13,13,0.0,12,55,Lapped,zhou,24,ZHO,http://en.wikipedia.org/wiki/Zhou_Guanyu,Guanyu,Zhou,1999-05-30,Chinese,alfa,https://en.wikipedia.org/wiki/Alfa_Romeo_in_Formula_One,Alfa Romeo,Swiss,5724938.0,0 days 00:00:03.576000,17.0,51.0,0 days 00:01:41.879000,kph,194.807,2023,18
20,14,14,0.0,17,55,Lapped,kevin_magnussen,20,MAG,http://en.wikipedia.org/wiki/Kevin_Magnussen,Kevin,Magnussen,1992-10-05,Danish,haas,https://en.wikipedia.org/wiki/Haas_F1_Team,Haas F1 Team,American,5729434.0,0 days 00:00:08.072000,16.0,41.0,0 days 00:01:41.506000,kph,195.523,2023,18
3,15,15,0.0,14,55,Lapped,ricciardo,3,RIC,http://en.wikipedia.org/wiki/Daniel_Ricciardo,Daniel,Ricciardo,1989-07-01,Australian,alphatauri,https://en.wikipedia.org/wiki/Scuderia_AlphaTauri,AlphaTauri,Italian,5730214.0,0 days 00:00:08.852000,2.0,49.0,0 days 00:01:39.366000,kph,199.734,2023,18
14,16,R,0.0,19,49,Retired,alonso,14,ALO,http://en.wikipedia.org/wiki/Fernando_Alonso,Fernando,Alonso,1981-07-29,Spanish,aston_martin,https://en.wikipedia.org/wiki/Aston_Martin_in_Formula_One,Aston Martin,British,,,7.0,47.0,0 days 00:01:39.954000,kph,198.559,2023,18
81,17,R,0.0,10,10,Retired,piastri,81,PIA,http://en.wikipedia.org/wiki/Oscar_Piastri,Oscar,Piastri,2001-04-06,Australian,mclaren,https://en.wikipedia.org/wiki/McLaren,McLaren,British,,,19.0,5.0,0 days 00:01:42.705000,kph,193.24,2023,18
31,18,R,0.0,8,6,Retired,ocon,31,OCO,http://en.wikipedia.org/wiki/Esteban_Ocon,Esteban,Ocon,1996-09-17,French,alpine,https://en.wikipedia.org/wiki/Alpine_F1_Team,Alpine F1 Team,French,,,20.0,2.0,0 days 00:01:44.789000,kph,189.397,2023,18
44,19,19,0.0,3,56,Disqualified,hamilton,44,HAM,http://en.wikipedia.org/wiki/Lewis_Hamilton,Lewis,Hamilton,1985-01-07,British,mercedes,https://en.wikipedia.org/wiki/Mercedes-Benz_in_Formula_One,Mercedes,German,5723587.0,0 days 00:00:02.225000,4.0,42.0,0 days 00:01:39.582000,kph,199.301,2023,18
16,20,20,0.0,1,56,Disqualified,leclerc,16,LEC,http://en.wikipedia.org/wiki/Charles_Leclerc,Charles,Leclerc,1997-10-16,Monegasque,ferrari,https://en.wikipedia.org/wiki/Scuderia_Ferrari,Ferrari,Italian,5746024.0,0 days 00:00:24.662000,13.0,38.0,0 days 00:01:41.025000,,,2023,18
1,1,1,25.0,3,71,Finished,max_verstappen,3,VER,http://en.wikipedia.org/wiki/Max_Verstappen,Max,Verstappen,1997-09-30,Dutch,red_bull,https://en.wikipedia.org/wiki/Red_Bull_Racing,Red Bull,Austrian,7350814.0,0 days 02:02:30.814000,2.0,40.0,0 days 00:01:21.644000,kph,189.78,2023,19
44,2,2,19.0,6,71,Finished,hamilton,44,HAM,http://en.wikipedia.org/wiki/Lewis_Hamilton,Lewis,Hamilton,1985-01-07,British,mercedes,https://en.wikipedia.org/wiki/Mercedes-Benz_in_Formula_One,Mercedes,German,7364689.0,0 days 00:00:13.875000,1.0,71.0,0 days 00:01:21.334000,kph,190.503,2023,19
16,3,3,15.0,1,71,Finished,leclerc,16,LEC,http://en.wikipedia.org/wiki/Charles_Leclerc,Charles,Leclerc,1997-10-16,Monegasque,ferrari,https://en.wikipedia.org/wiki/Scuderia_Ferrari,Ferrari,Italian,7373938.0,0 days 00:00:23.124000,4.0,38.0,0 days 00:01:22.332000,kph,188.194,2023,19
55,4,4,12.0,2,71,Finished,sainz,55,SAI,http://en.wikipedia.org/wiki/Carlos_Sainz_Jr.,Carlos,Sainz,1994-09-01,Spanish,ferrari,https://en.wikipedia.org/wiki/Scuderia_Ferrari,Ferrari,Italian,7377968.0,0 days 00:00:27.154000,6.0,57.0,0 days 00:01:22.539000,kph,187.722,2023,19
4,5,5,10.0,17,71,Finished,norris,1,NOR,http://en.wikipedia.org/wiki/Lando_Norris,Lando,Norris,1999-11-13,British,mclaren,https://en.wikipedia.org/wiki/McLaren,McLaren,British,7384080.0,0 days 00:00:33.266000,3.0,71.0,0 days 00:01:21.944000,kph,189.085,2023,19
63,6,6,8.0,8,71,Finished,russell,63,RUS,http://en.wikipedia.org/wiki/George_Russell_(racing_driver),George,Russell,1998-02-15,British,mercedes,https://en.wikipedia.org/wiki/Mercedes-Benz_in_Formula_One,Mercedes,German,7391834.0,0 days 00:00:41.020000,10.0,38.0,0 days 00:01:22.780000,kph,187.175,2023,19
3,7,7,6.0,4,71,Finished,ricciardo,3,RIC,http://en.wikipedia.org/wiki/Daniel_Ricciardo,Daniel,Ricciardo,1989-07-01,Australian,alphatauri,https://en.wikipedia.org/wiki/Scuderia_AlphaTauri,AlphaTauri,Italian,7392384.0,0 days 00:00:41.570000,7.0,66.0,0 days 00:01:22.679000,kph,187.404,2023,19
81,8,8,4.0,7,71,Finished,piastri,81,PIA,http://en.wikipedia.org/wiki/Oscar_Piastri,Oscar,Piastri,2001-04-06,Australian,mclaren,https://en.wikipedia.org/wiki/McLaren,McLaren,British,7393918.0,0 days 00:00:43.104000,8.0,53.0,0 days 00:01:22.760000,kph,187.22,2023,19
23,9,9,2.0,14,71,Finished,albon,23,ALB,http://en.wikipedia.org/wiki/Alexander_Albon,Alexander,Albon,1996-03-23,Thai,williams,https://en.wikipedia.org/wiki/Williams_Racing,Williams,British,7399387.0,0 days 00:00:48.573000,9.0,65.0,0 days 00:01:22.773000,kph,187.191,2023,19
31,10,10,1.0,15,71,Finished,ocon,31,OCO,http://en.wikipedia.org/wiki/Esteban_Ocon,Esteban,Ocon,1996-09-17,French,alpine,https://en.wikipedia.org/wiki/Alpine_F1_Team,Alpine F1 Team,French,7413693.0,0 days 00:01:02.879000,11.0,66.0,0 days 00:01:22.976000,kph,186.733,2023,19
10,11,11,0.0,11,71,Finished,gasly,10,GAS,http://en.wikipedia.org/wiki/Pierre_Gasly,Pierre,Gasly,1996-02-07,French,alpine,https://en.wikipedia.org/wiki/Alpine_F1_Team,Alpine F1 Team,French,7417022.0,0 days 00:01:06.208000,16.0,43.0,0 days 00:01:23.230000,kph,186.163,2023,19
22,12,12,0.0,18,71,Finished,tsunoda,22,TSU,http://en.wikipedia.org/wiki/Yuki_Tsunoda,Yuki,Tsunoda,2000-05-11,Japanese,alphatauri,https://en.wikipedia.org/wiki/Scuderia_AlphaTauri,AlphaTauri,Italian,7429796.0,0 days 00:01:18.982000,5.0,11.0,0 days 00:01:22.501000,kph,187.808,2023,19
27,13,13,0.0,12,71,Finished,hulkenberg,27,HUL,http://en.wikipedia.org/wiki/Nico_H%C3%BClkenberg,Nico,Hülkenberg,1987-08-19,German,haas,https://en.wikipedia.org/wiki/Haas_F1_Team,Haas F1 Team,American,7431123.0,0 days 00:01:20.309000,15.0,43.0,0 days 00:01:23.222000,kph,186.181,2023,19
24,14,14,0.0,10,71,Finished,zhou,24,ZHO,http://en.wikipedia.org/wiki/Zhou_Guanyu,Guanyu,Zhou,1999-05-30,Chinese,alfa,https://en.wikipedia.org/wiki/Alfa_Romeo_in_Formula_One,Alfa Romeo,Swiss,7432490.0,0 days 00:01:21.676000,19.0,39.0,0 days 00:01:23.567000,kph,185.412,2023,19
77,15,15,0.0,9,71,Finished,bottas,77,BOT,http://en.wikipedia.org/wiki/Valtteri_Bottas,Valtteri,Bottas,1989-08-28,Finnish,alfa,https://en.wikipedia.org/wiki/Alfa_Romeo_in_Formula_One,Alfa Romeo,Swiss,7436411.0,0 days 00:01:25.597000,14.0,43.0,0 days 00:01:23.166000,kph,186.306,2023,19
2,16,16,0.0,19,70,Retired,sargeant,2,SAR,http://en.wikipedia.org/wiki/Logan_Sargeant,Logan,Sargeant,2000-12-31,American,williams,https://en.wikipedia.org/wiki/Williams_Racing,Williams,British,,,12.0,24.0,0 days 00:01:23.003000,kph,186.672,2023,19
18,17,17,0.0,0,66,Collision damage,stroll,18,STR,http://en.wikipedia.org/wiki/Lance_Stroll,Lance,Stroll,1998-10-29,Canadian,aston_martin,https://en.wikipedia.org/wiki/Aston_Martin_in_Formula_One,Aston Martin,British,,,17.0,43.0,0 days 00:01:23.257000,kph,186.103,2023,19
14,18,W,0.0,13,47,Withdrew,alonso,14,ALO,http://en.wikipedia.org/wiki/Fernando_Alonso,Fernando,Alonso,1981-07-29,Spanish,aston_martin,https://en.wikipedia.org/wiki/Aston_Martin_in_Formula_One,Aston Martin,British,,,18.0,40.0,0 days 00:01:23.531000,kph,185.492,2023,19
20,19,R,0.0,16,31,Accident,kevin_magnussen,20,MAG,http://en.wikipedia.org/wiki/Kevin_Magnussen,Kevin,Magnussen,1992-10-05,Danish,haas,https://en.wikipedia.org/wiki/Haas_F1_Team,Haas F1 Team,American,,,13.0,25.0,0 days 00:01:23.146000,kph,186.351,2023,19
11,20,R,0.0,5,1,Collision damage,perez,11,PER,http://en.wikipedia.org/wiki/Sergio_P%C3%A9rez,Sergio,Pérez,1990-01-26,Mexican,red_bull,https://en.wikipedia.org/wiki/Red_Bull_Racing,Red Bull,Austrian,,,,,,,,2023,19
1,1,1,25.0,1,71,Finished,max_verstappen,3,VER,http://en.wikipedia.org/wiki/Max_Verstappen,Max,Verstappen,1997-09-30,Dutch,red_bull,https://en.wikipedia.org/wiki/Red_Bull_Racing,Red Bull,Austrian,7008894.0,0 days 01:56:48.894000,2.0,68.0,0 days 00:01:13.422000,kph,211.277,2023,20
4,2,2,19.0,6,71,Finished,norris,1,NOR,http://en.wikipedia.org/wiki/Lando_Norris,Lando,Norris,1999-11-13,British,mclaren,https://en.wikipedia.org/wiki/McLaren,McLaren,British,7017171.0,0 days 00:00:08.277000,1.0,61.0,0 days 00:01:12.486000,kph,214.005,2023,20
14,3,3,15.0,4,71,Finished,alonso,14,ALO,http://en.wikipedia.org/wiki/Fernando_Alonso,Fernando,Alonso,1981-07-29,Spanish,aston_martin,https://en.wikipedia.org/wiki/Aston_Martin_in_Formula_One,Aston Martin,British,7043049.0,0 days 00:00:34.155000,10.0,54.0,0 days 00:01:14.442000,kph,208.382,2023,20
11,4,4,12.0,9,71,Finished,perez,11,PER,http://en.wikipedia.org/wiki/Sergio_P%C3%A9rez,Sergio,Pérez,1990-01-26,Mexican,red_bull,https://en.wikipedia.org/wiki/Red_Bull_Racing,Red Bull,Austrian,7043102.0,0 days 00:00:34.208000,5.0,55.0,0 days 00:01:14.124000,kph,209.276,2023,20
18,5,5,10.0,3,71,Finished,stroll,18,STR,http://en.wikipedia.org/wiki/Lance_Stroll,Lance,Stroll,1998-10-29,Canadian,aston_martin,https://en.wikipedia.org/wiki/Aston_Martin_in_Formula_One,Aston Martin,British,7049739.0,0 days 00:00:40.845000,4.0,67.0,0 days 00:01:14.007000,kph,209.607,2023,20
55,6,6,8.0,7,71,Finished,sainz,55,SAI,http://en.wikipedia.org/wiki/Carlos_Sainz_Jr.,Carlos,Sainz,1994-09-01,Spanish,ferrari,https://en.wikipedia.org/wiki/Scuderia_Ferrari,Ferrari,Italian,7059082.0,0 days 00:00:50.188000,9.0,59.0,0 days 00:01:14.406000,kph,208.483,2023,20
10,7,7,6.0,15,71,Finished,gasly,10,GAS,http://en.wikipedia.org/wiki/Pierre_Gasly,Pierre,Gasly,1996-02-07,French,alpine,https://en.wikipedia.org/wiki/Alpine_F1_Team,Alpine F1 Team,French,7064987.0,0 days 00:00:56.093000,11.0,48.0,0 days 00:01:14.521000,kph,208.161,2023,20
44,8,8,4.0,5,71,Finished,hamilton,44,HAM,http://en.wikipedia.org/wiki/Lewis_Hamilton,Lewis,Hamilton,1985-01-07,British,mercedes,https://en.wikipedia.org/wiki/Mercedes-Benz_in_Formula_One,Mercedes,German,7071753.0,0 days 00:01:02.859000,12.0,59.0,0 days 00:01:14.739000,kph,207.554,2023,20
22,9,9,2.0,16,71,Finished,tsunoda,22,TSU,http://en.wikipedia.org/wiki/Yuki_Tsunoda,Yuki,Tsunoda,2000-05-11,Japanese,alphatauri,https://en.wikipedia.org/wiki/Scuderia_AlphaTauri,AlphaTauri,Italian,7078774.0,0 days 00:01:09.880000,7.0,64.0,0 days 00:01:14.231000,kph,208.974,2023,20
31,10,10,1.0,14,70,Lapped,ocon,31,OCO,http://en.wikipedia.org/wiki/Esteban_Ocon,Esteban,Ocon,1996-09-17,French,alpine,https://en.wikipedia.org/wiki/Alpine_F1_Team,Alpine F1 Team,French,7018735.0,0 days 00:00:09.841000,6.0,53.0,0 days 00:01:14.206000,kph,209.045,2023,20
2,11,11,0.0,19,70,Lapped,sargeant,2,SAR,http://en.wikipedia.org/wiki/Logan_Sargeant,Logan,Sargeant,2000-12-31,American,williams,https://en.wikipedia.org/wiki/Williams_Racing,Williams,British,7035102.0,0 days 00:00:26.208000,16.0,51.0,0 days 00:01:15.738000,kph,204.816,2023,20
27,12,12,0.0,11,70,Lapped,hulkenberg,27,HUL,http://en.wikipedia.org/wiki/Nico_H%C3%BClkenberg,Nico,Hülkenberg,1987-08-19,German,haas,https://en.wikipedia.org/wiki/Haas_F1_Team,Haas F1 Team,American,7038854.0,0 days 00:00:29.960000,14.0,66.0,0 days 00:01:15.036000,kph,206.732,2023,20
3,13,13,0.0,17,70,Lapped,ricciardo,3,RIC,http://en.wikipedia.org/wiki/Daniel_Ricciardo,Daniel,Ricciardo,1989-07-01,Australian,alphatauri,https://en.wikipedia.org/wiki/Scuderia_AlphaTauri,AlphaTauri,Italian,7078855.0,0 days 00:01:09.961000,3.0,68.0,0 days 00:01:13.866000,kph,210.007,2023,20
81,14,14,0.0,10,69,Lapped,piastri,81,PIA,http://en.wikipedia.org/wiki/Oscar_Piastri,Oscar,Piastri,2001-04-06,Australian,mclaren,https://en.wikipedia.org/wiki/McLaren,McLaren,British,7012530.0,0 days 00:00:03.636000,8.0,66.0,0 days 00:01:14.310000,kph,208.752,2023,20
63,15,R,0.0,8,57,Retired,russell,63,RUS,http://en.wikipedia.org/wiki/George_Russell_(racing_driver),George,Russell,1998-02-15,British,mercedes,https://en.wikipedia.org/wiki/Mercedes-Benz_in_Formula_One,Mercedes,German,,,13.0,55.0,0 days 00:01:14.934000,kph,207.014,2023,20
77,16,R,0.0,18,39,Retired,bottas,77,BOT,http://en.wikipedia.org/wiki/Valtteri_Bottas,Valtteri,Bottas,1989-08-28,Finnish,alfa,https://en.wikipedia.org/wiki/Alfa_Romeo_in_Formula_One,Alfa Romeo,Swiss,,,15.0,20.0,0 days 00:01:15.731000,kph,204.835,2023,20
24,17,R,0.0,20,22,Retired,zhou,24,ZHO,http://en.wikipedia.org/wiki/Zhou_Guanyu,Guanyu,Zhou,1999-05-30,Chinese,alfa,https://en.wikipedia.org/wiki/Alfa_Romeo_in_Formula_One,Alfa Romeo,Swiss,,,17.0,17.0,0 days 00:01:16.232000,kph,203.489,2023,20
20,18,R,0.0,12,0,Retired,kevin_magnussen,20,MAG,http://en.wikipedia.org/wiki/Kevin_Magnussen,Kevin,Magnussen,1992-10-05,Danish,haas,https://en.wikipedia.org/wiki/Haas_F1_Team,Haas F1 Team,American,,,,,,,,2023,20
23,19,R,0.0,13,0,Retired,albon,23,ALB,http://en.wikipedia.org/wiki/Alexander_Albon,Alexander,Albon,1996-03-23,Thai,williams,https://en.wikipedia.org/wiki/Williams_Racing,Williams,British,,,,,,,,2023,20
16,20,W,0.0,2,0,Did not start,leclerc,16,LEC,http://en.wikipedia.org/wiki/Charles_Leclerc,Charles,Leclerc,1997-10-16,Monegasque,ferrari,https://en.wikipedia.org/wiki/Scuderia_Ferrari,Ferrari,Italian,,,,,,,,2023,20
1,1,1,25.0,2,50,Finished,max_verstappen,3,VER,http://en.wikipedia.org/wiki/Max_Verstappen,Max,Verstappen,1997-09-30,Dutch,red_bull,https://en.wikipedia.org/wiki/Red_Bull_Racing,Red Bull,Austrian,5348289.0,0 days 01:29:08.289000,2.0,44.0,0 days 00:01:35.614000,kph,233.476,2023,21
16,2,2,18.0,1,50,Finished,leclerc,16,LEC,http://en.wikipedia.org/wiki/Charles_Leclerc,Charles,Leclerc,1997-10-16,Monegasque,ferrari,https://en.wikipedia.org/wiki/Scuderia_Ferrari,Ferrari,Italian,5350359.0,0 days 00:00:02.070000,3.0,50.0,0 days 00:01:35.669000,kph,233.342,2023,21
11,3,3,15.0,11,50,Finished,perez,11,PER,http://en.wikipedia.org/wiki/Sergio_P%C3%A9rez,Sergio,Pérez,1990-01-26,Mexican,red_bull,https://en.wikipedia.org/wiki/Red_Bull_Racing,Red Bull,Austrian,5350530.0,0 days 00:00:02.241000,5.0,40.0,0 days 00:01:35.939000,kph,232.685,2023,21
31,4,4,12.0,16,50,Finished,ocon,31,OCO,http://en.wikipedia.org/wiki/Esteban_Ocon,Esteban,Ocon,1996-09-17,French,alpine,https://en.wikipedia.org/wiki/Alpine_F1_Team,Alpine F1 Team,French,5366954.0,0 days 00:00:18.665000,10.0,47.0,0 days 00:01:36.637000,kph,231.004,2023,21
18,5,5,10.0,19,50,Finished,stroll,18,STR,http://en.wikipedia.org/wiki/Lance_Stroll,Lance,Stroll,1998-10-29,Canadian,aston_martin,https://en.wikipedia.org/wiki/Aston_Martin_in_Formula_One,Aston Martin,British,5368356.0,0 days 00:00:20.067000,9.0,45.0,0 days 00:01:36.584000,kph,231.131,2023,21
55,6,6,8.0,12,50,Finished,sainz,55,SAI,http://en.wikipedia.org/wiki/Carlos_Sainz_Jr.,Carlos,Sainz,1994-09-01,Spanish,ferrari,https://en.wikipedia.org/wiki/Scuderia_Ferrari,Ferrari,Italian,5369123.0,0 days 00:00:20.834000,6.0,47.0,0 days 00:01:35.984000,kph,232.576,2023,21
44,7,7,6.0,10,50,Finished,hamilton,44,HAM,http://en.wikipedia.org/wiki/Lewis_Hamilton,Lewis,Hamilton,1985-01-07,British,mercedes,https://en.wikipedia.org/wiki/Mercedes-Benz_in_Formula_One,Mercedes,German,5370044.0,0 days 00:00:21.755000,4.0,48.0,0 days 00:01:35.716000,kph,233.227,2023,21
63,8,8,4.0,3,50,Finished,russell,63,RUS,http://en.wikipedia.org/wiki/George_Russell_(racing_driver),George,Russell,1998-02-15,British,mercedes,https://en.wikipedia.org/wiki/Mercedes-Benz_in_Formula_One,Mercedes,German,5371380.0,0 days 00:00:23.091000,7.0,44.0,0 days 00:01:36.071000,kph,232.365,2023,21
14,9,9,2.0,9,50,Finished,alonso,14,ALO,http://en.wikipedia.org/wiki/Fernando_Alonso,Fernando,Alonso,1981-07-29,Spanish,aston_martin,https://en.wikipedia.org/wiki/Aston_Martin_in_Formula_One,Aston Martin,British,5374253.0,0 days 00:00:25.964000,8.0,42.0,0 days 00:01:36.559000,kph,231.191,2023,21
81,10,10,2.0,18,50,Finished,piastri,81,PIA,http://en.wikipedia.org/wiki/Oscar_Piastri,Oscar,Piastri,2001-04-06,Australian,mclaren,https://en.wikipedia.org/wiki/McLaren,McLaren,British,5377785.0,0 days 00:00:29.496000,1.0,47.0,0 days 00:01:35.490000,kph,233.779,2023,21
10,11,11,0.0,4,50,Finished,gasly,10,GAS,http://en.wikipedia.org/wiki/Pierre_Gasly,Pierre,Gasly,1996-02-07,French,alpine,https://en.wikipedia.org/wiki/Alpine_F1_Team,Alpine F1 Team,French,5382559.0,0 days 00:00:34.270000,11.0,37.0,0 days 00:01:36.913000,kph,230.346,2023,21
23,12,12,0.0,5,50,Finished,albon,23,ALB,http://en.wikipedia.org/wiki/Alexander_Albon,Alexander,Albon,1996-03-23,Thai,williams,https://en.wikipedia.org/wiki/Williams_Racing,Williams,British,5391687.0,0 days 00:00:43.398000,13.0,50.0,0 days 00:01:37.357000,kph,229.296,2023,21
20,13,13,0.0,8,50,Finished,kevin_magnussen,20,MAG,http://en.wikipedia.org/wiki/Kevin_Magnussen,Kevin,Magnussen,1992-10-05,Danish,haas,https://en.wikipedia.org/wiki/Haas_F1_Team,Haas F1 Team,American,5393114.0,0 days 00:00:44.825000,15.0,50.0,0 days 00:01:37.455000,kph,229.065,2023,21
3,14,14,0.0,14,50,Finished,ricciardo,3,RIC,http://en.wikipedia.org/wiki/Daniel_Ricciardo,Daniel,Ricciardo,1989-07-01,Australian,alphatauri,https://en.wikipedia.org/wiki/Scuderia_AlphaTauri,AlphaTauri,Italian,5396814.0,0 days 00:00:48.525000,12.0,50.0,0 days 00:01:37.108000,kph,229.884,2023,21
24,15,15,0.0,17,50,Finished,zhou,24,ZHO,http://en.wikipedia.org/wiki/Zhou_Guanyu,Guanyu,Zhou,1999-05-30,Chinese,alfa,https://en.wikipedia.org/wiki/Alfa_Romeo_in_Formula_One,Alfa Romeo,Swiss,5398451.0,0 days 00:00:50.162000,14.0,32.0,0 days 00:01:37.375000,kph,229.253,2023,21
2,16,16,0.0,6,50,Finished,sargeant,2,SAR,http://en.wikipedia.org/wiki/Logan_Sargeant,Logan,Sargeant,2000-12-31,American,williams,https://en.wikipedia.org/wiki/Williams_Racing,Williams,British,5399171.0,0 days 00:00:50.882000,19.0,32.0,0 days 00:01:37.740000,kph,228.397,2023,21
77,17,17,0.0,7,50,Finished,bottas,77,BOT,http://en.wikipedia.org/wiki/Valtteri_Bottas,Valtteri,Bottas,1989-08-28,Finnish,alfa,https://en.wikipedia.org/wiki/Alfa_Romeo_in_Formula_One,Alfa Romeo,Swiss,5433639.0,0 days 00:01:25.350000,16.0,49.0,0 days 00:01:37.562000,kph,228.814,2023,21
22,18,18,0.0,20,46,Retired,tsunoda,22,TSU,http://en.wikipedia.org/wiki/Yuki_Tsunoda,Yuki,Tsunoda,2000-05-11,Japanese,alphatauri,https://en.wikipedia.org/wiki/Scuderia_AlphaTauri,AlphaTauri,Italian,5018931.0,,18.0,45.0,0 days 00:01:37.587000,kph,228.755,2023,21
27,19,19,0.0,13,45,Retired,hulkenberg,27,HUL,http://en.wikipedia.org/wiki/Nico_H%C3%BClkenberg,Nico,Hülkenberg,1987-08-19,German,haas,https://en.wikipedia.org/wiki/Haas_F1_Team,Haas F1 Team,American,4903790.0,,17.0,43.0,0 days 00:01:37.565000,kph,228.807,2023,21
4,20,R,0.0,15,2,Retired,norris,1,NOR,http://en.wikipedia.org/wiki/Lando_Norris,Lando,Norris,1999-11-13,British,mclaren,https://en.wikipedia.org/wiki/McLaren,McLaren,British,,,20.0,2.0,0 days 00:01:59.327000,kph,187.079,2023,21
1,1,1,26.0,1,58,Finished,max_verstappen,3,VER,http://en.wikipedia.org/wiki/Max_Verstappen,Max,Verstappen,1997-09-30,Dutch,red_bull,https://en.wikipedia.org/wiki/Red_Bull_Racing,Red Bull,Austrian,5222624.0,0 days 01:27:02.624000,1.0,45.0,0 days 00:01:26.993000,kph,218.541,2023,22
16,2,2,18.0,2,58,Finished,leclerc,16,LEC,http://en.wikipedia.org/wiki/Charles_Leclerc,Charles,Leclerc,1997-10-16,Monegasque,ferrari,https://en.wikipedia.org/wiki/Scuderia_Ferrari,Ferrari,Italian,5240617.0,0 days 00:00:17.993000,8.0,44.0,0 days 00:01:28.199000,kph,215.553,2023,22
63,3,3,15.0,4,58,Finished,russell,63,RUS,http://en.wikipedia.org/wiki/George_Russell_(racing_driver),George,Russell,1998-02-15,British,mercedes,https://en.wikipedia.org/wiki/Mercedes-Benz_in_Formula_One,Mercedes,German,5242952.0,0 days 00:00:20.328000,7.0,45.0,0 days 00:01:28.187000,kph,215.582,2023,22
11,4,4,12.0,9,58,Finished,perez,11,PER,http://en.wikipedia.org/wiki/Sergio_P%C3%A9rez,Sergio,Pérez,1990-01-26,Mexican,red_bull,https://en.wikipedia.org/wiki/Red_Bull_Racing,Red Bull,Austrian,5244077.0,0 days 00:00:21.453000,2.0,44.0,0 days 00:01:27.493000,kph,217.292,2023,22
4,5,5,10.0,5,58,Finished,norris,1,NOR,http://en.wikipedia.org/wiki/Lando_Norris,Lando,Norris,1999-11-13,British,mclaren,https://en.wikipedia.org/wiki/McLaren,McLaren,British,5246908.0,0 days 00:00:24.284000,6.0,45.0,0 days 00:01:28.164000,kph,215.639,2023,22
81,6,6,8.0,3,58,Finished,piastri,81,PIA,http://en.wikipedia.org/wiki/Oscar_Piastri,Oscar,Piastri,2001-04-06,Australian,mclaren,https://en.wikipedia.org/wiki/McLaren,McLaren,British,5254111.0,0 days 00:00:31.487000,5.0,38.0,0 days 00:01:28.138000,kph,215.702,2023,22
14,7,7,6.0,7,58,Finished,alonso,14,ALO,http://en.wikipedia.org/wiki/Fernando_Alonso,Fernando,Alonso,1981-07-29,Spanish,aston_martin,https://en.wikipedia.org/wiki/Aston_Martin_in_Formula_One,Aston Martin,British,5262136.0,0 days 00:00:39.512000,9.0,42.0,0 days 00:01:28.256000,kph,215.414,2023,22
22,8,8,4.0,6,58,Finished,tsunoda,22,TSU,http://en.wikipedia.org/wiki/Yuki_Tsunoda,Yuki,Tsunoda,2000-05-11,Japanese,alphatauri,https://en.wikipedia.org/wiki/Scuderia_AlphaTauri,AlphaTauri,Italian,5265712.0,0 days 00:00:43.088000,16.0,55.0,0 days 00:01:29.256000,kph,213.0,2023,22
44,9,9,2.0,11,58,Finished,hamilton,44,HAM,http://en.wikipedia.org/wiki/Lewis_Hamilton,Lewis,Hamilton,1985-01-07,British,mercedes,https://en.wikipedia.org/wiki/Mercedes-Benz_in_Formula_One,Mercedes,German,5267048.0,0 days 00:00:44.424000,10.0,52.0,0 days 00:01:28.372000,kph,215.131,2023,22
18,10,10,1.0,13,58,Finished,stroll,18,STR,http://en.wikipedia.org/wiki/Lance_Stroll,Lance,Stroll,1998-10-29,Canadian,aston_martin,https://en.wikipedia.org/wiki/Aston_Martin_in_Formula_One,Aston Martin,British,5278256.0,0 days 00:00:55.632000,4.0,44.0,0 days 00:01:28.050000,kph,215.918,2023,22
3,11,11,0.0,15,58,Finished,ricciardo,3,RIC,http://en.wikipedia.org/wiki/Daniel_Ricciardo,Daniel,Ricciardo,1989-07-01,Australian,alphatauri,https://en.wikipedia.org/wiki/Scuderia_AlphaTauri,AlphaTauri,Italian,5278853.0,0 days 00:00:56.229000,11.0,47.0,0 days 00:01:28.571000,kph,214.648,2023,22
31,12,12,0.0,12,58,Finished,ocon,31,OCO,http://en.wikipedia.org/wiki/Esteban_Ocon,Esteban,Ocon,1996-09-17,French,alpine,https://en.wikipedia.org/wiki/Alpine_F1_Team,Alpine F1 Team,French,5288997.0,0 days 00:01:06.373000,20.0,34.0,0 days 00:01:30.033000,kph,211.162,2023,22
10,13,13,0.0,10,58,Finished,gasly,10,GAS,http://en.wikipedia.org/wiki/Pierre_Gasly,Pierre,Gasly,1996-02-07,French,alpine,https://en.wikipedia.org/wiki/Alpine_F1_Team,Alpine F1 Team,French,5292984.0,0 days 00:01:10.360000,14.0,35.0,0 days 00:01:29.016000,kph,213.575,2023,22
23,14,14,0.0,14,58,Finished,albon,23,ALB,http://en.wikipedia.org/wiki/Alexander_Albon,Alexander,Albon,1996-03-23,Thai,williams,https://en.wikipedia.org/wiki/Williams_Racing,Williams,British,5295808.0,0 days 00:01:13.184000,3.0,45.0,0 days 00:01:27.845000,kph,216.422,2023,22
27,15,15,0.0,8,58,Finished,hulkenberg,27,HUL,http://en.wikipedia.org/wiki/Nico_H%C3%BClkenberg,Nico,Hülkenberg,1987-08-19,German,haas,https://en.wikipedia.org/wiki/Haas_F1_Team,Haas F1 Team,American,5306320.0,0 days 00:01:23.696000,15.0,58.0,0 days 00:01:29.217000,kph,213.093,2023,22
2,16,16,0.0,20,58,Finished,sargeant,2,SAR,http://en.wikipedia.org/wiki/Logan_Sargeant,Logan,Sargeant,2000-12-31,American,williams,https://en.wikipedia.org/wiki/Williams_Racing,Williams,British,5310415.0,0 days 00:01:27.791000,12.0,43.0,0 days 00:01:28.580000,kph,214.626,2023,22
24,17,17,0.0,19,58,Finished,zhou,24,ZHO,http://en.wikipedia.org/wiki/Zhou_Guanyu,Guanyu,Zhou,1999-05-30,Chinese,alfa,https://en.wikipedia.org/wiki/Alfa_Romeo_in_Formula_One,Alfa Romeo,Swiss,5312046.0,0 days 00:01:29.422000,13.0,43.0,0 days 00:01:28.746000,kph,214.224,2023,22
55,18,18,0.0,16,57,Retired,sainz,55,SAI,http://en.wikipedia.org/wiki/Carlos_Sainz_Jr.,Carlos,Sainz,1994-09-01,Spanish,ferrari,https://en.wikipedia.org/wiki/Scuderia_Ferrari,Ferrari,Italian,5210923.0,,17.0,42.0,0 days 00:01:29.452000,kph,212.534,2023,22
77,19,19,0.0,18,57,Lapped,bottas,77,BOT,http://en.wikipedia.org/wiki/Valtteri_Bottas,Valtteri,Bottas,1989-08-28,Finnish,alfa,https://en.wikipedia.org/wiki/Alfa_Romeo_in_Formula_One,Alfa Romeo,Swiss,5235035.0,0 days 00:00:12.411000,18.0,42.0,0 days 00:01:29.863000,kph,211.562,2023,22
20,20,20,0.0,17,57,Lapped,kevin_magnussen,20,MAG,http://en.wikipedia.org/wiki/Kevin_Magnussen,Kevin,Magnussen,1992-10-05,Danish,haas,https://en.wikipedia.org/wiki/Haas_F1_Team,Haas F1 Team,American,5237500.0,0 days 00:00:14.876000,19.0,46.0,0 days 00:01:29.934000,kph,211.395,2023,22
1,1,1,26.0,1,57,Finished,max_verstappen,3,VER,http://en.wikipedia.org/wiki/Max_Verstappen,Max,Verstappen,1997-09-30,Dutch,red_bull,https://en.wikipedia.org/wiki/Red_Bull_Racing,Red Bull,Austrian,5504742.0,0 days 01:31:44.742000,1.0,39.0,0 days 00:01:32.608000,kph,210.383,2024,1
11,2,2,18.0,5,57,Finished,perez,11,PER,http://en.wikipedia.org/wiki/Sergio_P%C3%A9rez,Sergio,Pérez,1990-01-26,Mexican,red_bull,https://en.wikipedia.org/wiki/Red_Bull_Racing,Red Bull,Austrian,5527199.0,0 days 00:00:22.457000,4.0,40.0,0 days 00:01:34.364000,kph,206.468,2024,1
55,3,3,15.0,4,57,Finished,sainz,55,SAI,http://en.wikipedia.org/wiki/Carlos_Sainz_Jr.,Carlos,Sainz,1994-09-01,Spanish,ferrari,https://en.wikipedia.org/wiki/Scuderia_Ferrari,Ferrari,Italian,5529852.0,0 days 00:00:25.110000,6.0,44.0,0 days 00:01:34.507000,kph,206.156,2024,1
16,4,4,12.0,2,57,Finished,leclerc,16,LEC,http://en.wikipedia.org/wiki/Charles_Leclerc,Charles,Leclerc,1997-10-16,Monegasque,ferrari,https://en.wikipedia.org/wiki/Scuderia_Ferrari,Ferrari,Italian,5544411.0,0 days 00:00:39.669000,2.0,36.0,0 days 00:01:34.090000,kph,207.069,2024,1
63,5,5,10.0,3,57,Finished,russell,63,RUS,http://en.wikipedia.org/wiki/George_Russell_(racing_driver),George,Russell,1998-02-15,British,mercedes,https://en.wikipedia.org/wiki/Mercedes-Benz_in_Formula_One,Mercedes,German,5551530.0,0 days 00:00:46.788000,12.0,40.0,0 days 00:01:35.065000,kph,204.946,2024,1
4,6,6,8.0,7,57,Finished,norris,1,NOR,http://en.wikipedia.org/wiki/Lando_Norris,Lando,Norris,1999-11-13,British,mclaren,https://en.wikipedia.org/wiki/McLaren,McLaren,British,5553200.0,0 days 00:00:48.458000,5.0,35.0,0 days 00:01:34.476000,,,2024,1
44,7,7,6.0,9,57,Finished,hamilton,44,HAM,http://en.wikipedia.org/wiki/Lewis_Hamilton,Lewis,Hamilton,1985-01-07,British,mercedes,https://en.wikipedia.org/wiki/Mercedes-Benz_in_Formula_One,Mercedes,German,5555066.0,0 days 00:00:50.324000,7.0,39.0,0 days 00:01:34.722000,kph,205.688,2024,1
81,8,8,4.0,8,57,Finished,piastri,81,PIA,http://en.wikipedia.org/wiki/Oscar_Piastri,Oscar,Piastri,2001-04-06,Australian,mclaren,https://en.wikipedia.org/wiki/McLaren,McLaren,British,5560824.0,0 days 00:00:56.082000,11.0,39.0,0 days 00:01:34.983000,,,2024,1
14,9,9,2.0,6,57,Finished,alonso,14,ALO,http://en.wikipedia.org/wiki/Fernando_Alonso,Fernando,Alonso,1981-07-29,Spanish,aston_martin,https://en.wikipedia.org/wiki/Aston_Martin_in_Formula_One,Aston Martin,British,5579629.0,0 days 00:01:14.887000,3.0,48.0,0 days 00:01:34.199000,kph,206.83,2024,1
18,10,10,1.0,12,57,Finished,stroll,18,STR,http://en.wikipedia.org/wiki/Lance_Stroll,Lance,Stroll,1998-10-29,Canadian,aston_martin,https://en.wikipedia.org/wiki/Aston_Martin_in_Formula_One,Aston Martin,British,5597958.0,0 days 00:01:33.216000,16.0,30.0,0 days 00:01:35.632000,kph,203.73,2024,1
24,11,11,0.0,17,56,Lapped,zhou,24,ZHO,http://en.wikipedia.org/wiki/Zhou_Guanyu,Guanyu,Zhou,1999-05-30,Chinese,sauber,https://en.wikipedia.org/wiki/Sauber_Motorsport,Sauber,Swiss,5511501.0,0 days 00:00:06.759000,14.0,30.0,0 days 00:01:35.458000,kph,204.102,2024,1
20,12,12,0.0,15,56,Lapped,kevin_magnussen,20,MAG,http://en.wikipedia.org/wiki/Kevin_Magnussen,Kevin,Magnussen,1992-10-05,Danish,haas,https://en.wikipedia.org/wiki/Haas_F1_Team,Haas F1 Team,American,5513058.0,0 days 00:00:08.316000,15.0,34.0,0 days 00:01:35.570000,kph,203.863,2024,1
3,13,13,0.0,14,56,Lapped,ricciardo,3,RIC,http://en.wikipedia.org/wiki/Daniel_Ricciardo,Daniel,Ricciardo,1989-07-01,Australian,rb,https://en.wikipedia.org/wiki/Racing_Bulls,RB F1 Team,Italian,5513700.0,0 days 00:00:08.958000,13.0,37.0,0 days 00:01:35.163000,kph,204.735,2024,1
22,14,14,0.0,11,56,Lapped,tsunoda,22,TSU,http://en.wikipedia.org/wiki/Yuki_Tsunoda,Yuki,Tsunoda,2000-05-11,Japanese,rb,https://en.wikipedia.org/wiki/Racing_Bulls,RB F1 Team,Italian,5514224.0,0 days 00:00:09.482000,18.0,37.0,0 days 00:01:35.833000,kph,203.303,2024,1
23,15,15,0.0,13,56,Lapped,albon,23,ALB,http://en.wikipedia.org/wiki/Alexander_Albon,Alexander,Albon,1996-03-23,Thai,williams,https://en.wikipedia.org/wiki/Williams_Racing,Williams,British,5516628.0,0 days 00:00:11.886000,17.0,40.0,0 days 00:01:35.723000,kph,203.537,2024,1
27,16,16,0.0,10,56,Lapped,hulkenberg,27,HUL,http://en.wikipedia.org/wiki/Nico_H%C3%BClkenberg,Nico,Hülkenberg,1987-08-19,German,haas,https://en.wikipedia.org/wiki/Haas_F1_Team,Haas F1 Team,American,5522374.0,0 days 00:00:17.632000,10.0,46.0,0 days 00:01:34.834000,kph,205.445,2024,1
31,17,17,0.0,19,56,Lapped,ocon,31,OCO,http://en.wikipedia.org/wiki/Esteban_Ocon,Esteban,Ocon,1996-09-17,French,alpine,https://en.wikipedia.org/wiki/Alpine_F1_Team,Alpine F1 Team,French,5536192.0,0 days 00:00:31.450000,20.0,34.0,0 days 00:01:36.226000,kph,202.473,2024,1
10,18,18,0.0,20,56,Lapped,gasly,10,GAS,http://en.wikipedia.org/wiki/Pierre_Gasly,Pierre,Gasly,1996-02-07,French,alpine,https://en.wikipedia.org/wiki/Alpine_F1_Team,Alpine F1 Team,French,5537159.0,0 days 00:00:32.417000,9.0,45.0,0 days 00:01:34.805000,kph,205.508,2024,1
77,19,19,0.0,16,56,Lapped,bottas,77,BOT,http://en.wikipedia.org/wiki/Valtteri_Bottas,Valtteri,Bottas,1989-08-28,Finnish,sauber,https://en.wikipedia.org/wiki/Sauber_Motorsport,Sauber,Swiss,5587972.0,0 days 00:01:23.230000,19.0,33.0,0 days 00:01:36.202000,kph,202.523,2024,1
2,20,20,0.0,18,55,Lapped,sargeant,2,SAR,http://en.wikipedia.org/wiki/Logan_Sargeant,Logan,Sargeant,2000-12-31,American,williams,https://en.wikipedia.org/wiki/Williams_Racing,Williams,British,5525537.0,0 days 00:00:20.795000,8.0,42.0,0 days 00:01:34.735000,kph,205.659,2024,1
1,1,1,25.0,1,50,Finished,max_verstappen,3,VER,http://en.wikipedia.org/wiki/Max_Verstappen,Max,Verstappen,1997-09-30,Dutch,red_bull,https://en.wikipedia.org/wiki/Red_Bull_Racing,Red Bull,Austrian,4843273.0,0 days 01:20:43.273000,3.0,50.0,0 days 00:01:31.773000,kph,242.188,2024,2
11,2,2,18.0,3,50,Finished,perez,11,PER,http://en.wikipedia.org/wiki/Sergio_P%C3%A9rez,Sergio,Pérez,1990-01-26,Mexican,red_bull,https://en.wikipedia.org/wiki/Red_Bull_Racing,Red Bull,Austrian,4856916.0,0 days 00:00:13.643000,8.0,37.0,0 days 00:01:32.273000,kph,240.876,2024,2
16,3,3,16.0,2,50,Finished,leclerc,16,LEC,http://en.wikipedia.org/wiki/Charles_Leclerc,Charles,Leclerc,1997-10-16,Monegasque,ferrari,https://en.wikipedia.org/wiki/Scuderia_Ferrari,Ferrari,Italian,4861912.0,0 days 00:00:18.639000,1.0,50.0,0 days 00:01:31.632000,kph,242.561,2024,2
81,4,4,12.0,5,50,Finished,piastri,81,PIA,http://en.wikipedia.org/wiki/Oscar_Piastri,Oscar,Piastri,2001-04-06,Australian,mclaren,https://en.wikipedia.org/wiki/McLaren,McLaren,British,4875280.0,0 days 00:00:32.007000,10.0,45.0,0 days 00:01:32.310000,,,2024,2
14,5,5,10.0,4,50,Finished,alonso,14,ALO,http://en.wikipedia.org/wiki/Fernando_Alonso,Fernando,Alonso,1981-07-29,Spanish,aston_martin,https://en.wikipedia.org/wiki/Aston_Martin_in_Formula_One,Aston Martin,British,4879032.0,0 days 00:00:35.759000,13.0,43.0,0 days 00:01:32.387000,kph,240.579,2024,2
63,6,6,8.0,7,50,Finished,russell,63,RUS,http://en.wikipedia.org/wiki/George_Russell_(racing_driver),George,Russell,1998-02-15,British,mercedes,https://en.wikipedia.org/wiki/Mercedes-Benz_in_Formula_One,Mercedes,German,4883209.0,0 days 00:00:39.936000,7.0,42.0,0 days 00:01:32.254000,kph,240.926,2024,2
38,7,7,6.0,11,50,Finished,bearman,87,BEA,http://en.wikipedia.org/wiki/Oliver_Bearman,Oliver,Bearman,2005-05-08,British,ferrari,https://en.wikipedia.org/wiki/Scuderia_Ferrari,Ferrari,Italian,4885952.0,0 days 00:00:42.679000,5.0,50.0,0 days 00:01:32.186000,kph,241.103,2024,2
4,8,8,4.0,6,50,Finished,norris,1,NOR,http://en.wikipedia.org/wiki/Lando_Norris,Lando,Norris,1999-11-13,British,mclaren,https://en.wikipedia.org/wiki/McLaren,McLaren,British,4888981.0,0 days 00:00:45.708000,4.0,40.0,0 days 00:01:31.944000,,,2024,2
44,9,9,2.0,8,50,Finished,hamilton,44,HAM,http://en.wikipedia.org/wiki/Lewis_Hamilton,Lewis,Hamilton,1985-01-07,British,mercedes,https://en.wikipedia.org/wiki/Mercedes-Benz_in_Formula_One,Mercedes,German,4890664.0,0 days 00:00:47.391000,2.0,38.0,0 days 00:01:31.746000,kph,242.26,2024,2
27,10,10,1.0,15,50,Finished,hulkenberg,27,HUL,http://en.wikipedia.org/wiki/Nico_H%C3%BClkenberg,Nico,Hülkenberg,1987-08-19,German,haas,https://en.wikipedia.org/wiki/Haas_F1_Team,Haas F1 Team,American,4920269.0,0 days 00:01:16.996000,12.0,49.0,0 days 00:01:32.366000,kph,240.633,2024,2
23,11,11,0.0,12,50,Finished,albon,23,ALB,http://en.wikipedia.org/wiki/Alexander_Albon,Alexander,Albon,1996-03-23,Thai,williams,https://en.wikipedia.org/wiki/Williams_Racing,Williams,British,4931627.0,0 days 00:01:28.354000,9.0,50.0,0 days 00:01:32.307000,kph,240.787,2024,2
20,12,12,0.0,13,50,Finished,kevin_magnussen,20,MAG,http://en.wikipedia.org/wiki/Kevin_Magnussen,Kevin,Magnussen,1992-10-05,Danish,haas,https://en.wikipedia.org/wiki/Haas_F1_Team,Haas F1 Team,American,4949010.0,0 days 00:01:45.737000,11.0,47.0,0 days 00:01:32.338000,kph,240.706,2024,2
31,13,13,0.0,17,49,Lapped,ocon,31,OCO,http://en.wikipedia.org/wiki/Esteban_Ocon,Esteban,Ocon,1996-09-17,French,alpine,https://en.wikipedia.org/wiki/Alpine_F1_Team,Alpine F1 Team,French,4847274.0,0 days 00:00:04.001000,17.0,48.0,0 days 00:01:33.481000,kph,237.763,2024,2
2,14,14,0.0,19,49,Lapped,sargeant,2,SAR,http://en.wikipedia.org/wiki/Logan_Sargeant,Logan,Sargeant,2000-12-31,American,williams,https://en.wikipedia.org/wiki/Williams_Racing,Williams,British,4850058.0,0 days 00:00:06.785000,15.0,49.0,0 days 00:01:33.026000,,,2024,2
22,15,15,0.0,9,49,Lapped,tsunoda,22,TSU,http://en.wikipedia.org/wiki/Yuki_Tsunoda,Yuki,Tsunoda,2000-05-11,Japanese,rb,https://en.wikipedia.org/wiki/Racing_Bulls,RB F1 Team,Italian,4853806.0,0 days 00:00:10.533000,18.0,44.0,0 days 00:01:33.523000,,,2024,2
3,16,16,0.0,14,49,Lapped,ricciardo,3,RIC,http://en.wikipedia.org/wiki/Daniel_Ricciardo,Daniel,Ricciardo,1989-07-01,Australian,rb,https://en.wikipedia.org/wiki/Racing_Bulls,RB F1 Team,Italian,4863988.0,0 days 00:00:20.715000,16.0,47.0,0 days 00:01:33.323000,kph,238.166,2024,2
77,17,17,0.0,16,49,Lapped,bottas,77,BOT,http://en.wikipedia.org/wiki/Valtteri_Bottas,Valtteri,Bottas,1989-08-28,Finnish,sauber,https://en.wikipedia.org/wiki/Sauber_Motorsport,Sauber,Swiss,4866388.0,0 days 00:00:23.115000,14.0,49.0,0 days 00:01:32.706000,kph,239.751,2024,2
24,18,18,0.0,20,49,Lapped,zhou,24,ZHO,http://en.wikipedia.org/wiki/Zhou_Guanyu,Guanyu,Zhou,1999-05-30,Chinese,sauber,https://en.wikipedia.org/wiki/Sauber_Motorsport,Sauber,Swiss,4872826.0,0 days 00:00:29.553000,6.0,49.0,0 days 00:01:32.208000,kph,241.046,2024,2
18,19,R,0.0,10,5,Retired,stroll,18,STR,http://en.wikipedia.org/wiki/Lance_Stroll,Lance,Stroll,1998-10-29,Canadian,aston_martin,https://en.wikipedia.org/wiki/Aston_Martin_in_Formula_One,Aston Martin,British,,,19.0,5.0,0 days 00:01:35.560000,kph,232.591,2024,2
10,20,R,0.0,18,1,Retired,gasly,10,GAS,http://en.wikipedia.org/wiki/Pierre_Gasly,Pierre,Gasly,1996-02-07,French,alpine,https://en.wikipedia.org/wiki/Alpine_F1_Team,Alpine F1 Team,French,,,,,,,,2024,2
55,1,1,25.0,2,58,Finished,sainz,55,SAI,http://en.wikipedia.org/wiki/Carlos_Sainz_Jr.,Carlos,Sainz,1994-09-01,Spanish,ferrari,https://en.wikipedia.org/wiki/Scuderia_Ferrari,Ferrari,Italian,4826843.0,0 days 01:20:26.843000,3.0,48.0,0 days 00:01:20.031000,kph,237.418,2024,3
16,2,2,19.0,4,58,Finished,leclerc,16,LEC,http://en.wikipedia.org/wiki/Charles_Leclerc,Charles,Leclerc,1997-10-16,Monegasque,ferrari,https://en.wikipedia.org/wiki/Scuderia_Ferrari,Ferrari,Italian,4829209.0,0 days 00:00:02.366000,1.0,56.0,0 days 00:01:19.813000,kph,238.066,2024,3
4,3,3,15.0,3,58,Finished,norris,1,NOR,http://en.wikipedia.org/wiki/Lando_Norris,Lando,Norris,1999-11-13,British,mclaren,https://en.wikipedia.org/wiki/McLaren,McLaren,British,4832747.0,0 days 00:00:05.904000,2.0,49.0,0 days 00:01:19.915000,,,2024,3
81,4,4,12.0,5,58,Finished,piastri,81,PIA,http://en.wikipedia.org/wiki/Oscar_Piastri,Oscar,Piastri,2001-04-06,Australian,mclaren,https://en.wikipedia.org/wiki/McLaren,McLaren,British,4862613.0,0 days 00:00:35.770000,4.0,54.0,0 days 00:01:20.199000,,,2024,3
11,5,5,10.0,6,58,Finished,perez,11,PER,http://en.wikipedia.org/wiki/Sergio_P%C3%A9rez,Sergio,Pérez,1990-01-26,Mexican,red_bull,https://en.wikipedia.org/wiki/Red_Bull_Racing,Red Bull,Austrian,4883152.0,0 days 00:00:56.309000,6.0,47.0,0 days 00:01:20.388000,kph,236.363,2024,3
18,6,6,8.0,9,58,Finished,stroll,18,STR,http://en.wikipedia.org/wiki/Lance_Stroll,Lance,Stroll,1998-10-29,Canadian,aston_martin,https://en.wikipedia.org/wiki/Aston_Martin_in_Formula_One,Aston Martin,British,4920065.0,0 days 00:01:33.222000,8.0,49.0,0 days 00:01:20.930000,kph,234.78,2024,3
22,7,7,6.0,8,58,Finished,tsunoda,22,TSU,http://en.wikipedia.org/wiki/Yuki_Tsunoda,Yuki,Tsunoda,2000-05-11,Japanese,rb,https://en.wikipedia.org/wiki/Racing_Bulls,RB F1 Team,Italian,4922444.0,0 days 00:01:35.601000,11.0,46.0,0 days 00:01:21.134000,kph,234.19,2024,3
14,8,8,4.0,10,58,Finished,alonso,14,ALO,http://en.wikipedia.org/wiki/Fernando_Alonso,Fernando,Alonso,1981-07-29,Spanish,aston_martin,https://en.wikipedia.org/wiki/Aston_Martin_in_Formula_One,Aston Martin,British,4927835.0,0 days 00:01:40.992000,7.0,52.0,0 days 00:01:20.493000,kph,236.055,2024,3
27,9,9,2.0,16,58,Finished,hulkenberg,27,HUL,http://en.wikipedia.org/wiki/Nico_H%C3%BClkenberg,Nico,Hülkenberg,1987-08-19,German,haas,https://en.wikipedia.org/wiki/Haas_F1_Team,Haas F1 Team,American,4931396.0,0 days 00:01:44.553000,12.0,46.0,0 days 00:01:21.145000,kph,234.158,2024,3
20,10,10,1.0,14,57,Lapped,kevin_magnussen,20,MAG,http://en.wikipedia.org/wiki/Kevin_Magnussen,Kevin,Magnussen,1992-10-05,Danish,haas,https://en.wikipedia.org/wiki/Haas_F1_Team,Haas F1 Team,American,4830924.0,0 days 00:00:04.081000,9.0,44.0,0 days 00:01:21.082000,kph,234.34,2024,3
23,11,11,0.0,12,57,Lapped,albon,23,ALB,http://en.wikipedia.org/wiki/Alexander_Albon,Alexander,Albon,1996-03-23,Thai,williams,https://en.wikipedia.org/wiki/Williams_Racing,Williams,British,4831852.0,0 days 00:00:05.009000,17.0,46.0,0 days 00:01:21.618000,kph,232.801,2024,3
3,12,12,0.0,18,57,Lapped,ricciardo,3,RIC,http://en.wikipedia.org/wiki/Daniel_Ricciardo,Daniel,Ricciardo,1989-07-01,Australian,rb,https://en.wikipedia.org/wiki/Racing_Bulls,RB F1 Team,Italian,4838351.0,0 days 00:00:11.508000,13.0,46.0,0 days 00:01:21.239000,kph,233.887,2024,3
10,13,13,0.0,17,57,Lapped,gasly,10,GAS,http://en.wikipedia.org/wiki/Pierre_Gasly,Pierre,Gasly,1996-02-07,French,alpine,https://en.wikipedia.org/wiki/Alpine_F1_Team,Alpine F1 Team,French,4867796.0,0 days 00:00:40.953000,10.0,51.0,0 days 00:01:21.090000,kph,234.317,2024,3
77,14,14,0.0,13,57,Lapped,bottas,77,BOT,http://en.wikipedia.org/wiki/Valtteri_Bottas,Valtteri,Bottas,1989-08-28,Finnish,sauber,https://en.wikipedia.org/wiki/Sauber_Motorsport,Sauber,Swiss,4869169.0,0 days 00:00:42.326000,16.0,48.0,0 days 00:01:21.422000,kph,233.361,2024,3
24,15,15,0.0,19,57,Lapped,zhou,24,ZHO,http://en.wikipedia.org/wiki/Zhou_Guanyu,Guanyu,Zhou,1999-05-30,Chinese,sauber,https://en.wikipedia.org/wiki/Sauber_Motorsport,Sauber,Swiss,4871136.0,0 days 00:00:44.293000,14.0,49.0,0 days 00:01:21.327000,kph,233.634,2024,3
31,16,16,0.0,15,57,Lapped,ocon,31,OCO,http://en.wikipedia.org/wiki/Esteban_Ocon,Esteban,Ocon,1996-09-17,French,alpine,https://en.wikipedia.org/wiki/Alpine_F1_Team,Alpine F1 Team,French,4880822.0,0 days 00:00:53.979000,15.0,45.0,0 days 00:01:21.354000,kph,233.557,2024,3
63,17,17,0.0,7,56,Retired,russell,63,RUS,http://en.wikipedia.org/wiki/George_Russell_(racing_driver),George,Russell,1998-02-15,British,mercedes,https://en.wikipedia.org/wiki/Mercedes-Benz_in_Formula_One,Mercedes,German,4684734.0,,5.0,53.0,0 days 00:01:20.284000,kph,236.669,2024,3
44,18,R,0.0,11,15,Retired,hamilton,44,HAM,http://en.wikipedia.org/wiki/Lewis_Hamilton,Lewis,Hamilton,1985-01-07,British,mercedes,https://en.wikipedia.org/wiki/Mercedes-Benz_in_Formula_One,Mercedes,German,,,18.0,11.0,0 days 00:01:22.444000,kph,230.469,2024,3
1,19,R,0.0,1,3,Retired,max_verstappen,3,VER,http://en.wikipedia.org/wiki/Max_Verstappen,Max,Verstappen,1997-09-30,Dutch,red_bull,https://en.wikipedia.org/wiki/Red_Bull_Racing,Red Bull,Austrian,,,19.0,3.0,0 days 00:01:23.115000,kph,228.608,2024,3
1,1,1,26.0,1,53,Finished,max_verstappen,3,VER,http://en.wikipedia.org/wiki/Max_Verstappen,Max,Verstappen,1997-09-30,Dutch,red_bull,https://en.wikipedia.org/wiki/Red_Bull_Racing,Red Bull,Austrian,6863566.0,0 days 01:54:23.566000,1.0,50.0,0 days 00:01:33.706000,kph,223.093,2024,4
11,2,2,18.0,2,53,Finished,perez,11,PER,http://en.wikipedia.org/wiki/Sergio_P%C3%A9rez,Sergio,Pérez,1990-01-26,Mexican,red_bull,https://en.wikipedia.org/wiki/Red_Bull_Racing,Red Bull,Austrian,6876101.0,0 days 00:00:12.535000,3.0,35.0,0 days 00:01:33.945000,kph,222.525,2024,4
55,3,3,15.0,4,53,Finished,sainz,55,SAI,http://en.wikipedia.org/wiki/Carlos_Sainz_Jr.,Carlos,Sainz,1994-09-01,Spanish,ferrari,https://en.wikipedia.org/wiki/Scuderia_Ferrari,Ferrari,Italian,6884432.0,0 days 00:00:20.866000,2.0,46.0,0 days 00:01:33.841000,kph,222.772,2024,4
16,4,4,12.0,8,53,Finished,leclerc,16,LEC,http://en.wikipedia.org/wiki/Charles_Leclerc,Charles,Leclerc,1997-10-16,Monegasque,ferrari,https://en.wikipedia.org/wiki/Scuderia_Ferrari,Ferrari,Italian,6890088.0,0 days 00:00:26.522000,9.0,53.0,0 days 00:01:35.044000,kph,219.952,2024,4
4,5,5,10.0,3,53,Finished,norris,1,NOR,http://en.wikipedia.org/wiki/Lando_Norris,Lando,Norris,1999-11-13,British,mclaren,https://en.wikipedia.org/wiki/McLaren,McLaren,British,6893266.0,0 days 00:00:29.700000,10.0,51.0,0 days 00:01:35.186000,,,2024,4
14,6,6,8.0,5,53,Finished,alonso,14,ALO,http://en.wikipedia.org/wiki/Fernando_Alonso,Fernando,Alonso,1981-07-29,Spanish,aston_martin,https://en.wikipedia.org/wiki/Aston_Martin_in_Formula_One,Aston Martin,British,6907838.0,0 days 00:00:44.272000,6.0,53.0,0 days 00:01:34.726000,kph,220.691,2024,4
63,7,7,6.0,9,53,Finished,russell,63,RUS,http://en.wikipedia.org/wiki/George_Russell_(racing_driver),George,Russell,1998-02-15,British,mercedes,https://en.wikipedia.org/wiki/Mercedes-Benz_in_Formula_One,Mercedes,German,6909517.0,0 days 00:00:45.951000,5.0,39.0,0 days 00:01:34.404000,kph,221.444,2024,4
81,8,8,4.0,6,53,Finished,piastri,81,PIA,http://en.wikipedia.org/wiki/Oscar_Piastri,Oscar,Piastri,2001-04-06,Australian,mclaren,https://en.wikipedia.org/wiki/McLaren,McLaren,British,6911091.0,0 days 00:00:47.525000,7.0,35.0,0 days 00:01:34.802000,,,2024,4
44,9,9,2.0,7,53,Finished,hamilton,44,HAM,http://en.wikipedia.org/wiki/Lewis_Hamilton,Lewis,Hamilton,1985-01-07,British,mercedes,https://en.wikipedia.org/wiki/Mercedes-Benz_in_Formula_One,Mercedes,German,6912192.0,0 days 00:00:48.626000,4.0,41.0,0 days 00:01:33.952000,kph,222.509,2024,4
22,10,10,1.0,10,52,Lapped,tsunoda,22,TSU,http://en.wikipedia.org/wiki/Yuki_Tsunoda,Yuki,Tsunoda,2000-05-11,Japanese,rb,https://en.wikipedia.org/wiki/Racing_Bulls,RB F1 Team,Italian,6865168.0,0 days 00:00:01.602000,14.0,51.0,0 days 00:01:36.342000,kph,216.989,2024,4
27,11,11,0.0,12,52,Lapped,hulkenberg,27,HUL,http://en.wikipedia.org/wiki/Nico_H%C3%BClkenberg,Nico,Hülkenberg,1987-08-19,German,haas,https://en.wikipedia.org/wiki/Haas_F1_Team,Haas F1 Team,American,6870734.0,0 days 00:00:07.168000,11.0,52.0,0 days 00:01:35.325000,kph,219.304,2024,4
18,12,12,0.0,16,52,Lapped,stroll,18,STR,http://en.wikipedia.org/wiki/Lance_Stroll,Lance,Stroll,1998-10-29,Canadian,aston_martin,https://en.wikipedia.org/wiki/Aston_Martin_in_Formula_One,Aston Martin,British,6874799.0,0 days 00:00:11.233000,12.0,41.0,0 days 00:01:35.798000,kph,218.221,2024,4
20,13,13,0.0,18,52,Lapped,kevin_magnussen,20,MAG,http://en.wikipedia.org/wiki/Kevin_Magnussen,Kevin,Magnussen,1992-10-05,Danish,haas,https://en.wikipedia.org/wiki/Haas_F1_Team,Haas F1 Team,American,6881485.0,0 days 00:00:17.919000,17.0,24.0,0 days 00:01:36.654000,kph,216.289,2024,4
77,14,14,0.0,13,52,Lapped,bottas,77,BOT,http://en.wikipedia.org/wiki/Valtteri_Bottas,Valtteri,Bottas,1989-08-28,Finnish,sauber,https://en.wikipedia.org/wiki/Sauber_Motorsport,Sauber,Swiss,6882459.0,0 days 00:00:18.893000,15.0,25.0,0 days 00:01:36.608000,kph,216.392,2024,4
31,15,15,0.0,15,52,Lapped,ocon,31,OCO,http://en.wikipedia.org/wiki/Esteban_Ocon,Esteban,Ocon,1996-09-17,French,alpine,https://en.wikipedia.org/wiki/Alpine_F1_Team,Alpine F1 Team,French,6904718.0,0 days 00:00:41.152000,13.0,52.0,0 days 00:01:36.232000,kph,217.237,2024,4
10,16,16,0.0,17,52,Lapped,gasly,10,GAS,http://en.wikipedia.org/wiki/Pierre_Gasly,Pierre,Gasly,1996-02-07,French,alpine,https://en.wikipedia.org/wiki/Alpine_F1_Team,Alpine F1 Team,French,6918632.0,0 days 00:00:55.066000,16.0,48.0,0 days 00:01:36.642000,kph,216.315,2024,4
2,17,17,0.0,19,52,Lapped,sargeant,2,SAR,http://en.wikipedia.org/wiki/Logan_Sargeant,Logan,Sargeant,2000-12-31,American,williams,https://en.wikipedia.org/wiki/Williams_Racing,Williams,British,6936331.0,0 days 00:01:12.765000,8.0,43.0,0 days 00:01:34.900000,kph,220.286,2024,4
24,18,R,0.0,20,12,Retired,zhou,24,ZHO,http://en.wikipedia.org/wiki/Zhou_Guanyu,Guanyu,Zhou,1999-05-30,Chinese,sauber,https://en.wikipedia.org/wiki/Sauber_Motorsport,Sauber,Swiss,,,18.0,9.0,0 days 00:01:37.160000,kph,215.162,2024,4
3,19,R,0.0,11,0,Retired,ricciardo,3,RIC,http://en.wikipedia.org/wiki/Daniel_Ricciardo,Daniel,Ricciardo,1989-07-01,Australian,rb,https://en.wikipedia.org/wiki/Racing_Bulls,RB F1 Team,Italian,,,,,,,,2024,4
23,20,R,0.0,14,0,Retired,albon,23,ALB,http://en.wikipedia.org/wiki/Alexander_Albon,Alexander,Albon,1996-03-23,Thai,williams,https://en.wikipedia.org/wiki/Williams_Racing,Williams,British,,,,,,,,2024,4
1,1,1,25.0,1,56,Finished,max_verstappen,3,VER,http://en.wikipedia.org/wiki/Max_Verstappen,Max,Verstappen,1997-09-30,Dutch,red_bull,https://en.wikipedia.org/wiki/Red_Bull_Racing,Red Bull,Austrian,6052554.0,0 days 01:40:52.554000,2.0,33.0,0 days 00:01:38.406000,kph,199.414,2024,5
4,2,2,18.0,4,56,Finished,norris,1,NOR,http://en.wikipedia.org/wiki/Lando_Norris,Lando,Norris,1999-11-13,British,mclaren,https://en.wikipedia.org/wiki/McLaren,McLaren,British,6066327.0,0 days 00:00:13.773000,4.0,33.0,0 days 00:01:38.751000,,,2024,5
11,3,3,15.0,2,56,Finished,perez,11,PER,http://en.wikipedia.org/wiki/Sergio_P%C3%A9rez,Sergio,Pérez,1990-01-26,Mexican,red_bull,https://en.wikipedia.org/wiki/Red_Bull_Racing,Red Bull,Austrian,6071714.0,0 days 00:00:19.160000,7.0,33.0,0 days 00:01:39.388000,kph,197.444,2024,5
16,4,4,12.0,6,56,Finished,leclerc,16,LEC,http://en.wikipedia.org/wiki/Charles_Leclerc,Charles,Leclerc,1997-10-16,Monegasque,ferrari,https://en.wikipedia.org/wiki/Scuderia_Ferrari,Ferrari,Italian,6076177.0,0 days 00:00:23.623000,6.0,33.0,0 days 00:01:39.384000,kph,197.452,2024,5
55,5,5,10.0,7,56,Finished,sainz,55,SAI,http://en.wikipedia.org/wiki/Carlos_Sainz_Jr.,Carlos,Sainz,1994-09-01,Spanish,ferrari,https://en.wikipedia.org/wiki/Scuderia_Ferrari,Ferrari,Italian,6086537.0,0 days 00:00:33.983000,10.0,19.0,0 days 00:01:39.764000,kph,196.7,2024,5
63,6,6,8.0,8,56,Finished,russell,63,RUS,http://en.wikipedia.org/wiki/George_Russell_(racing_driver),George,Russell,1998-02-15,British,mercedes,https://en.wikipedia.org/wiki/Mercedes-Benz_in_Formula_One,Mercedes,German,6091278.0,0 days 00:00:38.724000,11.0,39.0,0 days 00:01:40.112000,kph,196.016,2024,5
14,7,7,7.0,3,56,Finished,alonso,14,ALO,http://en.wikipedia.org/wiki/Fernando_Alonso,Fernando,Alonso,1981-07-29,Spanish,aston_martin,https://en.wikipedia.org/wiki/Aston_Martin_in_Formula_One,Aston Martin,British,6095968.0,0 days 00:00:43.414000,1.0,45.0,0 days 00:01:37.810000,kph,200.629,2024,5
81,8,8,4.0,5,56,Finished,piastri,81,PIA,http://en.wikipedia.org/wiki/Oscar_Piastri,Oscar,Piastri,2001-04-06,Australian,mclaren,https://en.wikipedia.org/wiki/McLaren,McLaren,British,6108752.0,0 days 00:00:56.198000,9.0,18.0,0 days 00:01:39.739000,,,2024,5
44,9,9,2.0,18,56,Finished,hamilton,44,HAM,http://en.wikipedia.org/wiki/Lewis_Hamilton,Lewis,Hamilton,1985-01-07,British,mercedes,https://en.wikipedia.org/wiki/Mercedes-Benz_in_Formula_One,Mercedes,German,6110540.0,0 days 00:00:57.986000,14.0,34.0,0 days 00:01:40.835000,kph,194.61,2024,5
27,10,10,1.0,9,56,Finished,hulkenberg,27,HUL,http://en.wikipedia.org/wiki/Nico_H%C3%BClkenberg,Nico,Hülkenberg,1987-08-19,German,haas,https://en.wikipedia.org/wiki/Haas_F1_Team,Haas F1 Team,American,6113030.0,0 days 00:01:00.476000,13.0,32.0,0 days 00:01:40.815000,kph,194.649,2024,5
31,11,11,0.0,13,56,Finished,ocon,31,OCO,http://en.wikipedia.org/wiki/Esteban_Ocon,Esteban,Ocon,1996-09-17,French,alpine,https://en.wikipedia.org/wiki/Alpine_F1_Team,Alpine F1 Team,French,6115366.0,0 days 00:01:02.812000,15.0,33.0,0 days 00:01:40.937000,kph,194.414,2024,5
23,12,12,0.0,14,56,Finished,albon,23,ALB,http://en.wikipedia.org/wiki/Alexander_Albon,Alexander,Albon,1996-03-23,Thai,williams,https://en.wikipedia.org/wiki/Williams_Racing,Williams,British,6118060.0,0 days 00:01:05.506000,12.0,34.0,0 days 00:01:40.790000,kph,194.697,2024,5
10,13,13,0.0,15,56,Finished,gasly,10,GAS,http://en.wikipedia.org/wiki/Pierre_Gasly,Pierre,Gasly,1996-02-07,French,alpine,https://en.wikipedia.org/wiki/Alpine_F1_Team,Alpine F1 Team,French,6121777.0,0 days 00:01:09.223000,5.0,40.0,0 days 00:01:39.198000,kph,197.822,2024,5
24,14,14,0.0,16,56,Finished,zhou,24,ZHO,http://en.wikipedia.org/wiki/Zhou_Guanyu,Guanyu,Zhou,1999-05-30,Chinese,sauber,https://en.wikipedia.org/wiki/Sauber_Motorsport,Sauber,Swiss,6124243.0,0 days 00:01:11.689000,3.0,42.0,0 days 00:01:38.633000,kph,198.955,2024,5
18,15,15,0.0,11,56,Finished,stroll,18,STR,http://en.wikipedia.org/wiki/Lance_Stroll,Lance,Stroll,1998-10-29,Canadian,aston_martin,https://en.wikipedia.org/wiki/Aston_Martin_in_Formula_One,Aston Martin,British,6135340.0,0 days 00:01:22.786000,8.0,37.0,0 days 00:01:39.444000,kph,197.333,2024,5
20,16,16,0.0,17,56,Finished,kevin_magnussen,20,MAG,http://en.wikipedia.org/wiki/Kevin_Magnussen,Kevin,Magnussen,1992-10-05,Danish,haas,https://en.wikipedia.org/wiki/Haas_F1_Team,Haas F1 Team,American,6140087.0,0 days 00:01:27.533000,18.0,45.0,0 days 00:01:41.077000,kph,194.145,2024,5
2,17,17,0.0,20,56,Finished,sargeant,2,SAR,http://en.wikipedia.org/wiki/Logan_Sargeant,Logan,Sargeant,2000-12-31,American,williams,https://en.wikipedia.org/wiki/Williams_Racing,Williams,British,6147664.0,0 days 00:01:35.110000,17.0,14.0,0 days 00:01:41,kph,194.293,2024,5
3,18,R,0.0,12,33,Retired,ricciardo,3,RIC,http://en.wikipedia.org/wiki/Daniel_Ricciardo,Daniel,Ricciardo,1989-07-01,Australian,rb,https://en.wikipedia.org/wiki/Racing_Bulls,RB F1 Team,Italian,,,16.0,16.0,0 days 00:01:40.994000,kph,194.304,2024,5
22,19,R,0.0,19,26,Retired,tsunoda,22,TSU,http://en.wikipedia.org/wiki/Yuki_Tsunoda,Yuki,Tsunoda,2000-05-11,Japanese,rb,https://en.wikipedia.org/wiki/Racing_Bulls,RB F1 Team,Italian,,,20.0,11.0,0 days 00:01:41.593000,kph,193.158,2024,5
77,20,R,0.0,10,19,Retired,bottas,77,BOT,http://en.wikipedia.org/wiki/Valtteri_Bottas,Valtteri,Bottas,1989-08-28,Finnish,sauber,https://en.wikipedia.org/wiki/Sauber_Motorsport,Sauber,Swiss,,,19.0,11.0,0 days 00:01:41.276000,kph,193.763,2024,5
4,1,1,25.0,5,57,Finished,norris,1,NOR,http://en.wikipedia.org/wiki/Lando_Norris,Lando,Norris,1999-11-13,British,mclaren,https://en.wikipedia.org/wiki/McLaren,McLaren,British,5449876.0,0 days 01:30:49.876000,5.0,55.0,0 days 00:01:30.980000,kph,214.148,2024,6
1,2,2,18.0,1,57,Finished,max_verstappen,3,VER,http://en.wikipedia.org/wiki/Max_Verstappen,Max,Verstappen,1997-09-30,Dutch,red_bull,https://en.wikipedia.org/wiki/Red_Bull_Racing,Red Bull,Austrian,5457488.0,0 days 00:00:07.612000,8.0,48.0,0 days 00:01:31.261000,kph,213.488,2024,6
16,3,3,15.0,2,57,Finished,leclerc,16,LEC,http://en.wikipedia.org/wiki/Charles_Leclerc,Charles,Leclerc,1997-10-16,Monegasque,ferrari,https://en.wikipedia.org/wiki/Scuderia_Ferrari,Ferrari,Italian,5459796.0,0 days 00:00:09.920000,6.0,56.0,0 days 00:01:31.084000,kph,213.903,2024,6
11,4,4,12.0,4,57,Finished,perez,11,PER,http://en.wikipedia.org/wiki/Sergio_P%C3%A9rez,Sergio,Pérez,1990-01-26,Mexican,red_bull,https://en.wikipedia.org/wiki/Red_Bull_Racing,Red Bull,Austrian,5464526.0,0 days 00:00:14.650000,3.0,55.0,0 days 00:01:30.855000,kph,214.442,2024,6
55,5,5,10.0,3,57,Finished,sainz,55,SAI,http://en.wikipedia.org/wiki/Carlos_Sainz_Jr.,Carlos,Sainz,1994-09-01,Spanish,ferrari,https://en.wikipedia.org/wiki/Scuderia_Ferrari,Ferrari,Italian,5466283.0,0 days 00:00:16.407000,4.0,55.0,0 days 00:01:30.928000,kph,214.27,2024,6
44,6,6,8.0,8,57,Finished,hamilton,44,HAM,http://en.wikipedia.org/wiki/Lewis_Hamilton,Lewis,Hamilton,1985-01-07,British,mercedes,https://en.wikipedia.org/wiki/Mercedes-Benz_in_Formula_One,Mercedes,German,5466461.0,0 days 00:00:16.585000,7.0,54.0,0 days 00:01:31.233000,kph,213.554,2024,6
22,7,7,6.0,10,57,Finished,tsunoda,22,TSU,http://en.wikipedia.org/wiki/Yuki_Tsunoda,Yuki,Tsunoda,2000-05-11,Japanese,rb,https://en.wikipedia.org/wiki/Racing_Bulls,RB F1 Team,Italian,5476061.0,0 days 00:00:26.185000,10.0,55.0,0 days 00:01:31.682000,kph,212.508,2024,6
63,8,8,4.0,7,57,Finished,russell,63,RUS,http://en.wikipedia.org/wiki/George_Russell_(racing_driver),George,Russell,1998-02-15,British,mercedes,https://en.wikipedia.org/wiki/Mercedes-Benz_in_Formula_One,Mercedes,German,5484665.0,0 days 00:00:34.789000,13.0,43.0,0 days 00:01:31.921000,kph,211.955,2024,6
14,9,9,2.0,15,57,Finished,alonso,14,ALO,http://en.wikipedia.org/wiki/Fernando_Alonso,Fernando,Alonso,1981-07-29,Spanish,aston_martin,https://en.wikipedia.org/wiki/Aston_Martin_in_Formula_One,Aston Martin,British,5486983.0,0 days 00:00:37.107000,11.0,55.0,0 days 00:01:31.727000,kph,212.404,2024,6
31,10,10,1.0,13,57,Finished,ocon,31,OCO,http://en.wikipedia.org/wiki/Esteban_Ocon,Esteban,Ocon,1996-09-17,French,alpine,https://en.wikipedia.org/wiki/Alpine_F1_Team,Alpine F1 Team,French,5489622.0,0 days 00:00:39.746000,16.0,51.0,0 days 00:01:32.037000,kph,211.688,2024,6
27,11,11,0.0,9,57,Finished,hulkenberg,27,HUL,http://en.wikipedia.org/wiki/Nico_H%C3%BClkenberg,Nico,Hülkenberg,1987-08-19,German,haas,https://en.wikipedia.org/wiki/Haas_F1_Team,Haas F1 Team,American,5490665.0,0 days 00:00:40.789000,14.0,56.0,0 days 00:01:31.941000,kph,211.909,2024,6
10,12,12,0.0,12,57,Finished,gasly,10,GAS,http://en.wikipedia.org/wiki/Pierre_Gasly,Pierre,Gasly,1996-02-07,French,alpine,https://en.wikipedia.org/wiki/Alpine_F1_Team,Alpine F1 Team,French,5494834.0,0 days 00:00:44.958000,17.0,56.0,0 days 00:01:32.055000,kph,211.647,2024,6
81,13,13,0.0,6,57,Finished,piastri,81,PIA,http://en.wikipedia.org/wiki/Oscar_Piastri,Oscar,Piastri,2001-04-06,Australian,mclaren,https://en.wikipedia.org/wiki/McLaren,McLaren,British,5499632.0,0 days 00:00:49.756000,1.0,43.0,0 days 00:01:30.634000,kph,214.965,2024,6
24,14,14,0.0,19,57,Finished,zhou,24,ZHO,http://en.wikipedia.org/wiki/Zhou_Guanyu,Guanyu,Zhou,1999-05-30,Chinese,sauber,https://en.wikipedia.org/wiki/Sauber_Motorsport,Sauber,Swiss,5499855.0,0 days 00:00:49.979000,15.0,56.0,0 days 00:01:31.991000,kph,211.794,2024,6
3,15,15,0.0,20,57,Finished,ricciardo,3,RIC,http://en.wikipedia.org/wiki/Daniel_Ricciardo,Daniel,Ricciardo,1989-07-01,Australian,rb,https://en.wikipedia.org/wiki/Racing_Bulls,RB F1 Team,Italian,5500832.0,0 days 00:00:50.956000,19.0,57.0,0 days 00:01:32.122000,kph,211.493,2024,6
77,16,16,0.0,16,57,Finished,bottas,77,BOT,http://en.wikipedia.org/wiki/Valtteri_Bottas,Valtteri,Bottas,1989-08-28,Finnish,sauber,https://en.wikipedia.org/wiki/Sauber_Motorsport,Sauber,Swiss,5502232.0,0 days 00:00:52.356000,18.0,55.0,0 days 00:01:32.098000,kph,211.548,2024,6
18,17,17,0.0,11,57,Finished,stroll,18,STR,http://en.wikipedia.org/wiki/Lance_Stroll,Lance,Stroll,1998-10-29,Canadian,aston_martin,https://en.wikipedia.org/wiki/Aston_Martin_in_Formula_One,Aston Martin,British,5505049.0,0 days 00:00:55.173000,9.0,57.0,0 days 00:01:31.588000,kph,212.726,2024,6
23,18,18,0.0,14,57,Finished,albon,23,ALB,http://en.wikipedia.org/wiki/Alexander_Albon,Alexander,Albon,1996-03-23,Thai,williams,https://en.wikipedia.org/wiki/Williams_Racing,Williams,British,5525967.0,0 days 00:01:16.091000,2.0,55.0,0 days 00:01:30.849000,kph,214.456,2024,6
20,19,19,0.0,18,57,Finished,kevin_magnussen,20,MAG,http://en.wikipedia.org/wiki/Kevin_Magnussen,Kevin,Magnussen,1992-10-05,Danish,haas,https://en.wikipedia.org/wiki/Haas_F1_Team,Haas F1 Team,American,5534559.0,0 days 00:01:24.683000,12.0,33.0,0 days 00:01:31.774000,kph,212.295,2024,6
2,20,R,0.0,17,27,Retired,sargeant,2,SAR,http://en.wikipedia.org/wiki/Logan_Sargeant,Logan,Sargeant,2000-12-31,American,williams,https://en.wikipedia.org/wiki/Williams_Racing,Williams,British,,,20.0,15.0,0 days 00:01:33.452000,kph,208.483,2024,6
1,1,1,25.0,1,63,Finished,max_verstappen,3,VER,http://en.wikipedia.org/wiki/Max_Verstappen,Max,Verstappen,1997-09-30,Dutch,red_bull,https://en.wikipedia.org/wiki/Red_Bull_Racing,Red Bull,Austrian,5125252.0,0 days 01:25:25.252000,9.0,38.0,0 days 00:01:20.366000,kph,219.898,2024,7
4,2,2,18.0,2,63,Finished,norris,1,NOR,http://en.wikipedia.org/wiki/Lando_Norris,Lando,Norris,1999-11-13,British,mclaren,https://en.wikipedia.org/wiki/McLaren,McLaren,British,5125977.0,0 days 00:00:00.725000,6.0,54.0,0 days 00:01:19.994000,kph,220.921,2024,7
16,3,3,15.0,3,63,Finished,leclerc,16,LEC,http://en.wikipedia.org/wiki/Charles_Leclerc,Charles,Leclerc,1997-10-16,Monegasque,ferrari,https://en.wikipedia.org/wiki/Scuderia_Ferrari,Ferrari,Italian,5133168.0,0 days 00:00:07.916000,5.0,27.0,0 days 00:01:19.935000,kph,221.084,2024,7
81,4,4,12.0,5,63,Finished,piastri,81,PIA,http://en.wikipedia.org/wiki/Oscar_Piastri,Oscar,Piastri,2001-04-06,Australian,mclaren,https://en.wikipedia.org/wiki/McLaren,McLaren,British,5139384.0,0 days 00:00:14.132000,4.0,25.0,0 days 00:01:19.907000,kph,221.162,2024,7
55,5,5,10.0,4,63,Finished,sainz,55,SAI,http://en.wikipedia.org/wiki/Carlos_Sainz_Jr.,Carlos,Sainz,1994-09-01,Spanish,ferrari,https://en.wikipedia.org/wiki/Scuderia_Ferrari,Ferrari,Italian,5147577.0,0 days 00:00:22.325000,7.0,63.0,0 days 00:01:20.220000,kph,220.299,2024,7
44,6,6,8.0,8,63,Finished,hamilton,44,HAM,http://en.wikipedia.org/wiki/Lewis_Hamilton,Lewis,Hamilton,1985-01-07,British,mercedes,https://en.wikipedia.org/wiki/Mercedes-Benz_in_Formula_One,Mercedes,German,5160356.0,0 days 00:00:35.104000,8.0,43.0,0 days 00:01:20.331000,kph,219.994,2024,7
63,7,7,7.0,6,63,Finished,russell,63,RUS,http://en.wikipedia.org/wiki/George_Russell_(racing_driver),George,Russell,1998-02-15,British,mercedes,https://en.wikipedia.org/wiki/Mercedes-Benz_in_Formula_One,Mercedes,German,5172406.0,0 days 00:00:47.154000,1.0,54.0,0 days 00:01:18.589000,kph,224.871,2024,7
11,8,8,4.0,11,63,Finished,perez,11,PER,http://en.wikipedia.org/wiki/Sergio_P%C3%A9rez,Sergio,Pérez,1990-01-26,Mexican,red_bull,https://en.wikipedia.org/wiki/Red_Bull_Racing,Red Bull,Austrian,5180028.0,0 days 00:00:54.776000,3.0,52.0,0 days 00:01:19.686000,kph,221.775,2024,7
18,9,9,2.0,13,63,Finished,stroll,18,STR,http://en.wikipedia.org/wiki/Lance_Stroll,Lance,Stroll,1998-10-29,Canadian,aston_martin,https://en.wikipedia.org/wiki/Aston_Martin_in_Formula_One,Aston Martin,British,5204808.0,0 days 00:01:19.556000,10.0,58.0,0 days 00:01:20.570000,kph,219.342,2024,7
22,10,10,1.0,7,62,Lapped,tsunoda,22,TSU,http://en.wikipedia.org/wiki/Yuki_Tsunoda,Yuki,Tsunoda,2000-05-11,Japanese,rb,https://en.wikipedia.org/wiki/Racing_Bulls,RB F1 Team,Italian,5143108.0,0 days 00:00:17.856000,11.0,14.0,0 days 00:01:20.936000,kph,218.35,2024,7
27,11,11,0.0,10,62,Lapped,hulkenberg,27,HUL,http://en.wikipedia.org/wiki/Nico_H%C3%BClkenberg,Nico,Hülkenberg,1987-08-19,German,haas,https://en.wikipedia.org/wiki/Haas_F1_Team,Haas F1 Team,American,5150529.0,0 days 00:00:25.277000,20.0,3.0,0 days 00:01:21.700000,kph,216.308,2024,7
20,12,12,0.0,18,62,Lapped,kevin_magnussen,20,MAG,http://en.wikipedia.org/wiki/Kevin_Magnussen,Kevin,Magnussen,1992-10-05,Danish,haas,https://en.wikipedia.org/wiki/Haas_F1_Team,Haas F1 Team,American,5151686.0,0 days 00:00:26.434000,12.0,58.0,0 days 00:01:21.009000,kph,218.153,2024,7
3,13,13,0.0,9,62,Lapped,ricciardo,3,RIC,http://en.wikipedia.org/wiki/Daniel_Ricciardo,Daniel,Ricciardo,1989-07-01,Australian,rb,https://en.wikipedia.org/wiki/Racing_Bulls,RB F1 Team,Italian,5152913.0,0 days 00:00:27.661000,19.0,13.0,0 days 00:01:21.569000,kph,216.655,2024,7
31,14,14,0.0,12,62,Lapped,ocon,31,OCO,http://en.wikipedia.org/wiki/Esteban_Ocon,Esteban,Ocon,1996-09-17,French,alpine,https://en.wikipedia.org/wiki/Alpine_F1_Team,Alpine F1 Team,French,5169159.0,0 days 00:00:43.907000,16.0,37.0,0 days 00:01:21.304000,kph,217.361,2024,7
24,15,15,0.0,17,62,Lapped,zhou,24,ZHO,http://en.wikipedia.org/wiki/Zhou_Guanyu,Guanyu,Zhou,1999-05-30,Chinese,sauber,https://en.wikipedia.org/wiki/Sauber_Motorsport,Sauber,Swiss,5170185.0,0 days 00:00:44.933000,13.0,37.0,0 days 00:01:21.016000,kph,218.134,2024,7
10,16,16,0.0,15,62,Lapped,gasly,10,GAS,http://en.wikipedia.org/wiki/Pierre_Gasly,Pierre,Gasly,1996-02-07,French,alpine,https://en.wikipedia.org/wiki/Alpine_F1_Team,Alpine F1 Team,French,5174967.0,0 days 00:00:49.715000,17.0,10.0,0 days 00:01:21.371000,kph,217.183,2024,7
2,17,17,0.0,19,62,Lapped,sargeant,2,SAR,http://en.wikipedia.org/wiki/Logan_Sargeant,Logan,Sargeant,2000-12-31,American,williams,https://en.wikipedia.org/wiki/Williams_Racing,Williams,British,5176303.0,0 days 00:00:51.051000,14.0,55.0,0 days 00:01:21.229000,kph,217.562,2024,7
77,18,18,0.0,16,62,Lapped,bottas,77,BOT,http://en.wikipedia.org/wiki/Valtteri_Bottas,Valtteri,Bottas,1989-08-28,Finnish,sauber,https://en.wikipedia.org/wiki/Sauber_Motorsport,Sauber,Swiss,5181595.0,0 days 00:00:56.343000,18.0,11.0,0 days 00:01:21.455000,kph,216.959,2024,7
14,19,19,0.0,20,62,Lapped,alonso,14,ALO,http://en.wikipedia.org/wiki/Fernando_Alonso,Fernando,Alonso,1981-07-29,Spanish,aston_martin,https://en.wikipedia.org/wiki/Aston_Martin_in_Formula_One,Aston Martin,British,5200376.0,0 days 00:01:15.124000,2.0,62.0,0 days 00:01:19.004000,kph,223.689,2024,7
23,20,R,0.0,14,51,Retired,albon,23,ALB,http://en.wikipedia.org/wiki/Alexander_Albon,Alexander,Albon,1996-03-23,Thai,williams,https://en.wikipedia.org/wiki/Williams_Racing,Williams,British,,,15.0,48.0,0 days 00:01:21.274000,kph,217.442,2024,7
16,1,1,25.0,1,78,Finished,leclerc,16,LEC,http://en.wikipedia.org/wiki/Charles_Leclerc,Charles,Leclerc,1997-10-16,Monegasque,ferrari,https://en.wikipedia.org/wiki/Scuderia_Ferrari,Ferrari,Italian,8595554.0,0 days 02:23:15.554000,6.0,71.0,0 days 00:01:15.162000,,,2024,8
81,2,2,18.0,2,78,Finished,piastri,81,PIA,http://en.wikipedia.org/wiki/Oscar_Piastri,Oscar,Piastri,2001-04-06,Australian,mclaren,https://en.wikipedia.org/wiki/McLaren,McLaren,British,8602706.0,0 days 00:00:07.152000,11.0,73.0,0 days 00:01:16.281000,,,2024,8
55,3,3,15.0,3,78,Finished,sainz,55,SAI,http://en.wikipedia.org/wiki/Carlos_Sainz_Jr.,Carlos,Sainz,1994-09-01,Spanish,ferrari,https://en.wikipedia.org/wiki/Scuderia_Ferrari,Ferrari,Italian,8603139.0,0 days 00:00:07.585000,5.0,62.0,0 days 00:01:14.726000,,,2024,8
4,4,4,12.0,4,78,Finished,norris,1,NOR,http://en.wikipedia.org/wiki/Lando_Norris,Lando,Norris,1999-11-13,British,mclaren,https://en.wikipedia.org/wiki/McLaren,McLaren,British,8604204.0,0 days 00:00:08.650000,10.0,64.0,0 days 00:01:15.742000,,,2024,8
63,5,5,10.0,5,78,Finished,russell,63,RUS,http://en.wikipedia.org/wiki/George_Russell_(racing_driver),George,Russell,1998-02-15,British,mercedes,https://en.wikipedia.org/wiki/Mercedes-Benz_in_Formula_One,Mercedes,German,8608863.0,0 days 00:00:13.309000,7.0,73.0,0 days 00:01:15.228000,,,2024,8
1,6,6,8.0,6,78,Finished,max_verstappen,3,VER,http://en.wikipedia.org/wiki/Max_Verstappen,Max,Verstappen,1997-09-30,Dutch,red_bull,https://en.wikipedia.org/wiki/Red_Bull_Racing,Red Bull,Austrian,8609407.0,0 days 00:00:13.853000,2.0,58.0,0 days 00:01:14.569000,,,2024,8
44,7,7,7.0,7,78,Finished,hamilton,44,HAM,http://en.wikipedia.org/wiki/Lewis_Hamilton,Lewis,Hamilton,1985-01-07,British,mercedes,https://en.wikipedia.org/wiki/Mercedes-Benz_in_Formula_One,Mercedes,German,8610462.0,0 days 00:00:14.908000,1.0,63.0,0 days 00:01:14.165000,,,2024,8
22,8,8,4.0,8,77,Lapped,tsunoda,22,TSU,http://en.wikipedia.org/wiki/Yuki_Tsunoda,Yuki,Tsunoda,2000-05-11,Japanese,rb,https://en.wikipedia.org/wiki/Racing_Bulls,RB F1 Team,Italian,8635041.0,0 days 00:00:39.487000,4.0,77.0,0 days 00:01:14.720000,,,2024,8
23,9,9,2.0,9,77,Lapped,albon,23,ALB,http://en.wikipedia.org/wiki/Alexander_Albon,Alexander,Albon,1996-03-23,Thai,williams,https://en.wikipedia.org/wiki/Williams_Racing,Williams,British,8649606.0,0 days 00:00:54.052000,14.0,77.0,0 days 00:01:17.060000,,,2024,8
10,10,10,1.0,10,77,Lapped,gasly,10,GAS,http://en.wikipedia.org/wiki/Pierre_Gasly,Pierre,Gasly,1996-02-07,French,alpine,https://en.wikipedia.org/wiki/Alpine_F1_Team,Alpine F1 Team,French,8655795.0,0 days 00:01:00.241000,9.0,77.0,0 days 00:01:15.625000,,,2024,8
14,11,11,0.0,14,76,Lapped,alonso,14,ALO,http://en.wikipedia.org/wiki/Fernando_Alonso,Fernando,Alonso,1981-07-29,Spanish,aston_martin,https://en.wikipedia.org/wiki/Aston_Martin_in_Formula_One,Aston Martin,British,8599408.0,0 days 00:00:03.854000,16.0,68.0,0 days 00:01:17.939000,,,2024,8
3,12,12,0.0,12,76,Lapped,ricciardo,3,RIC,http://en.wikipedia.org/wiki/Daniel_Ricciardo,Daniel,Ricciardo,1989-07-01,Australian,rb,https://en.wikipedia.org/wiki/Racing_Bulls,RB F1 Team,Italian,8599818.0,0 days 00:00:04.264000,15.0,46.0,0 days 00:01:17.172000,,,2024,8
77,13,13,0.0,17,76,Lapped,bottas,77,BOT,http://en.wikipedia.org/wiki/Valtteri_Bottas,Valtteri,Bottas,1989-08-28,Finnish,sauber,https://en.wikipedia.org/wiki/Sauber_Motorsport,Sauber,Swiss,8600042.0,0 days 00:00:04.488000,12.0,17.0,0 days 00:01:16.561000,,,2024,8
18,14,14,0.0,13,76,Lapped,stroll,18,STR,http://en.wikipedia.org/wiki/Lance_Stroll,Lance,Stroll,1998-10-29,Canadian,aston_martin,https://en.wikipedia.org/wiki/Aston_Martin_in_Formula_One,Aston Martin,British,8601521.0,0 days 00:00:05.967000,13.0,59.0,0 days 00:01:16.710000,,,2024,8
2,15,15,0.0,15,76,Lapped,sargeant,2,SAR,http://en.wikipedia.org/wiki/Logan_Sargeant,Logan,Sargeant,2000-12-31,American,williams,https://en.wikipedia.org/wiki/Williams_Racing,Williams,British,8604580.0,0 days 00:00:09.026000,8.0,62.0,0 days 00:01:15.525000,,,2024,8
24,16,16,0.0,18,76,Lapped,zhou,24,ZHO,http://en.wikipedia.org/wiki/Zhou_Guanyu,Guanyu,Zhou,1999-05-30,Chinese,sauber,https://en.wikipedia.org/wiki/Sauber_Motorsport,Sauber,Swiss,8650814.0,0 days 00:00:55.260000,3.0,75.0,0 days 00:01:14.718000,,,2024,8
31,17,R,0.0,11,0,Retired,ocon,31,OCO,http://en.wikipedia.org/wiki/Esteban_Ocon,Esteban,Ocon,1996-09-17,French,alpine,https://en.wikipedia.org/wiki/Alpine_F1_Team,Alpine F1 Team,French,,,,,,,,2024,8
11,18,R,0.0,16,0,Retired,perez,11,PER,http://en.wikipedia.org/wiki/Sergio_P%C3%A9rez,Sergio,Pérez,1990-01-26,Mexican,red_bull,https://en.wikipedia.org/wiki/Red_Bull_Racing,Red Bull,Austrian,,,,,,,,2024,8
27,19,R,0.0,19,0,Retired,hulkenberg,27,HUL,http://en.wikipedia.org/wiki/Nico_H%C3%BClkenberg,Nico,Hülkenberg,1987-08-19,German,haas,https://en.wikipedia.org/wiki/Haas_F1_Team,Haas F1 Team,American,,,,,,,,2024,8
20,20,R,0.0,20,0,Retired,kevin_magnussen,20,MAG,http://en.wikipedia.org/wiki/Kevin_Magnussen,Kevin,Magnussen,1992-10-05,Danish,haas,https://en.wikipedia.org/wiki/Haas_F1_Team,Haas F1 Team,American,,,,,,,,2024,8
1,1,1,25.0,2,70,Finished,max_verstappen,3,VER,http://en.wikipedia.org/wiki/Max_Verstappen,Max,Verstappen,1997-09-30,Dutch,red_bull,https://en.wikipedia.org/wiki/Red_Bull_Racing,Red Bull,Austrian,6347927.0,0 days 01:45:47.927000,4.0,70.0,0 days 00:01:15.569000,kph,207.751,2024,9
4,2,2,18.0,3,70,Finished,norris,1,NOR,http://en.wikipedia.org/wiki/Lando_Norris,Lando,Norris,1999-11-13,British,mclaren,https://en.wikipedia.org/wiki/McLaren,McLaren,British,6351806.0,0 days 00:00:03.879000,3.0,67.0,0 days 00:01:15.558000,kph,207.782,2024,9
63,3,3,15.0,1,70,Finished,russell,63,RUS,http://en.wikipedia.org/wiki/George_Russell_(racing_driver),George,Russell,1998-02-15,British,mercedes,https://en.wikipedia.org/wiki/Mercedes-Benz_in_Formula_One,Mercedes,German,6352244.0,0 days 00:00:04.317000,2.0,70.0,0 days 00:01:14.895000,kph,209.621,2024,9
44,4,4,13.0,7,70,Finished,hamilton,44,HAM,http://en.wikipedia.org/wiki/Lewis_Hamilton,Lewis,Hamilton,1985-01-07,British,mercedes,https://en.wikipedia.org/wiki/Mercedes-Benz_in_Formula_One,Mercedes,German,6352842.0,0 days 00:00:04.915000,1.0,70.0,0 days 00:01:14.856000,kph,209.73,2024,9
81,5,5,10.0,4,70,Finished,piastri,81,PIA,http://en.wikipedia.org/wiki/Oscar_Piastri,Oscar,Piastri,2001-04-06,Australian,mclaren,https://en.wikipedia.org/wiki/McLaren,McLaren,British,6358126.0,0 days 00:00:10.199000,5.0,65.0,0 days 00:01:16.247000,kph,205.904,2024,9
14,6,6,8.0,6,70,Finished,alonso,14,ALO,http://en.wikipedia.org/wiki/Fernando_Alonso,Fernando,Alonso,1981-07-29,Spanish,aston_martin,https://en.wikipedia.org/wiki/Aston_Martin_in_Formula_One,Aston Martin,British,6365437.0,0 days 00:00:17.510000,6.0,70.0,0 days 00:01:16.303000,kph,205.753,2024,9
18,7,7,6.0,9,70,Finished,stroll,18,STR,http://en.wikipedia.org/wiki/Lance_Stroll,Lance,Stroll,1998-10-29,Canadian,aston_martin,https://en.wikipedia.org/wiki/Aston_Martin_in_Formula_One,Aston Martin,British,6371552.0,0 days 00:00:23.625000,9.0,70.0,0 days 00:01:16.762000,kph,204.523,2024,9
3,8,8,4.0,5,70,Finished,ricciardo,3,RIC,http://en.wikipedia.org/wiki/Daniel_Ricciardo,Daniel,Ricciardo,1989-07-01,Australian,rb,https://en.wikipedia.org/wiki/Racing_Bulls,RB F1 Team,Italian,6376599.0,0 days 00:00:28.672000,12.0,68.0,0 days 00:01:17.076000,kph,203.689,2024,9
10,9,9,2.0,15,70,Finished,gasly,10,GAS,http://en.wikipedia.org/wiki/Pierre_Gasly,Pierre,Gasly,1996-02-07,French,alpine,https://en.wikipedia.org/wiki/Alpine_F1_Team,Alpine F1 Team,French,6377948.0,0 days 00:00:30.021000,11.0,70.0,0 days 00:01:17.013000,kph,203.856,2024,9
31,10,10,1.0,18,70,Finished,ocon,31,OCO,http://en.wikipedia.org/wiki/Esteban_Ocon,Esteban,Ocon,1996-09-17,French,alpine,https://en.wikipedia.org/wiki/Alpine_F1_Team,Alpine F1 Team,French,6378240.0,0 days 00:00:30.313000,10.0,70.0,0 days 00:01:17.012000,kph,203.859,2024,9
27,11,11,0.0,17,70,Finished,hulkenberg,27,HUL,http://en.wikipedia.org/wiki/Nico_H%C3%BClkenberg,Nico,Hülkenberg,1987-08-19,German,haas,https://en.wikipedia.org/wiki/Haas_F1_Team,Haas F1 Team,American,6378751.0,0 days 00:00:30.824000,8.0,67.0,0 days 00:01:16.683000,kph,204.733,2024,9
20,12,12,0.0,14,70,Finished,kevin_magnussen,20,MAG,http://en.wikipedia.org/wiki/Kevin_Magnussen,Kevin,Magnussen,1992-10-05,Danish,haas,https://en.wikipedia.org/wiki/Haas_F1_Team,Haas F1 Team,American,6379180.0,0 days 00:00:31.253000,7.0,68.0,0 days 00:01:16.499000,kph,205.226,2024,9
77,13,13,0.0,19,70,Finished,bottas,77,BOT,http://en.wikipedia.org/wiki/Valtteri_Bottas,Valtteri,Bottas,1989-08-28,Finnish,sauber,https://en.wikipedia.org/wiki/Sauber_Motorsport,Sauber,Swiss,6388414.0,0 days 00:00:40.487000,13.0,65.0,0 days 00:01:17.250000,kph,203.231,2024,9
22,14,14,0.0,8,70,Finished,tsunoda,22,TSU,http://en.wikipedia.org/wiki/Yuki_Tsunoda,Yuki,Tsunoda,2000-05-11,Japanese,rb,https://en.wikipedia.org/wiki/Racing_Bulls,RB F1 Team,Italian,6400621.0,0 days 00:00:52.694000,14.0,70.0,0 days 00:01:17.309000,kph,203.075,2024,9
24,15,15,0.0,20,69,Lapped,zhou,24,ZHO,http://en.wikipedia.org/wiki/Zhou_Guanyu,Guanyu,Zhou,1999-05-30,Chinese,sauber,https://en.wikipedia.org/wiki/Sauber_Motorsport,Sauber,Swiss,6401455.0,0 days 00:00:53.528000,15.0,68.0,0 days 00:01:17.325000,kph,203.033,2024,9
55,16,R,0.0,12,52,Retired,sainz,55,SAI,http://en.wikipedia.org/wiki/Carlos_Sainz_Jr.,Carlos,Sainz,1994-09-01,Spanish,ferrari,https://en.wikipedia.org/wiki/Scuderia_Ferrari,Ferrari,Italian,,,17.0,51.0,0 days 00:01:18.957000,kph,198.837,2024,9
23,17,R,0.0,10,52,Retired,albon,23,ALB,http://en.wikipedia.org/wiki/Alexander_Albon,Alexander,Albon,1996-03-23,Thai,williams,https://en.wikipedia.org/wiki/Williams_Racing,Williams,British,,,18.0,51.0,0 days 00:01:19.359000,kph,197.83,2024,9
11,18,R,0.0,16,51,Retired,perez,11,PER,http://en.wikipedia.org/wiki/Sergio_P%C3%A9rez,Sergio,Pérez,1990-01-26,Mexican,red_bull,https://en.wikipedia.org/wiki/Red_Bull_Racing,Red Bull,Austrian,,,16.0,51.0,0 days 00:01:18.819000,kph,199.185,2024,9
16,19,R,0.0,11,40,Retired,leclerc,16,LEC,http://en.wikipedia.org/wiki/Charles_Leclerc,Charles,Leclerc,1997-10-16,Monegasque,ferrari,https://en.wikipedia.org/wiki/Scuderia_Ferrari,Ferrari,Italian,,,19.0,39.0,0 days 00:01:26.012000,kph,182.528,2024,9
2,20,R,0.0,13,23,Retired,sargeant,2,SAR,http://en.wikipedia.org/wiki/Logan_Sargeant,Logan,Sargeant,2000-12-31,American,williams,https://en.wikipedia.org/wiki/Williams_Racing,Williams,British,,,20.0,19.0,0 days 00:01:26.484000,kph,181.531,2024,9
1,1,1,25.0,2,66,Finished,max_verstappen,3,VER,http://en.wikipedia.org/wiki/Max_Verstappen,Max,Verstappen,1997-09-30,Dutch,red_bull,https://en.wikipedia.org/wiki/Red_Bull_Racing,Red Bull,Austrian,5300227.0,0 days 01:28:20.227000,2.0,54.0,0 days 00:01:17.776000,kph,215.557,2024,10
4,2,2,19.0,1,66,Finished,norris,1,NOR,http://en.wikipedia.org/wiki/Lando_Norris,Lando,Norris,1999-11-13,British,mclaren,https://en.wikipedia.org/wiki/McLaren,McLaren,British,5302446.0,0 days 00:00:02.219000,1.0,51.0,0 days 00:01:17.115000,kph,217.405,2024,10
44,3,3,15.0,3,66,Finished,hamilton,44,HAM,http://en.wikipedia.org/wiki/Lewis_Hamilton,Lewis,Hamilton,1985-01-07,British,mercedes,https://en.wikipedia.org/wiki/Mercedes-Benz_in_Formula_One,Mercedes,German,5318017.0,0 days 00:00:17.790000,4.0,46.0,0 days 00:01:17.809000,kph,215.466,2024,10
63,4,4,12.0,4,66,Finished,russell,63,RUS,http://en.wikipedia.org/wiki/George_Russell_(racing_driver),George,Russell,1998-02-15,British,mercedes,https://en.wikipedia.org/wiki/Mercedes-Benz_in_Formula_One,Mercedes,German,5322547.0,0 days 00:00:22.320000,7.0,50.0,0 days 00:01:18.290000,kph,214.142,2024,10
16,5,5,10.0,5,66,Finished,leclerc,16,LEC,http://en.wikipedia.org/wiki/Charles_Leclerc,Charles,Leclerc,1997-10-16,Monegasque,ferrari,https://en.wikipedia.org/wiki/Scuderia_Ferrari,Ferrari,Italian,5322936.0,0 days 00:00:22.709000,6.0,52.0,0 days 00:01:17.897000,kph,215.222,2024,10
55,6,6,8.0,6,66,Finished,sainz,55,SAI,http://en.wikipedia.org/wiki/Carlos_Sainz_Jr.,Carlos,Sainz,1994-09-01,Spanish,ferrari,https://en.wikipedia.org/wiki/Scuderia_Ferrari,Ferrari,Italian,5331255.0,0 days 00:00:31.028000,9.0,39.0,0 days 00:01:18.539000,kph,213.463,2024,10
81,7,7,6.0,9,66,Finished,piastri,81,PIA,http://en.wikipedia.org/wiki/Oscar_Piastri,Oscar,Piastri,2001-04-06,Australian,mclaren,https://en.wikipedia.org/wiki/McLaren,McLaren,British,5333987.0,0 days 00:00:33.760000,5.0,56.0,0 days 00:01:17.874000,kph,215.286,2024,10
11,8,8,4.0,11,66,Finished,perez,11,PER,http://en.wikipedia.org/wiki/Sergio_P%C3%A9rez,Sergio,Pérez,1990-01-26,Mexican,red_bull,https://en.wikipedia.org/wiki/Red_Bull_Racing,Red Bull,Austrian,5359751.0,0 days 00:00:59.524000,3.0,51.0,0 days 00:01:17.785000,kph,215.532,2024,10
10,9,9,2.0,7,66,Finished,gasly,10,GAS,http://en.wikipedia.org/wiki/Pierre_Gasly,Pierre,Gasly,1996-02-07,French,alpine,https://en.wikipedia.org/wiki/Alpine_F1_Team,Alpine F1 Team,French,5362252.0,0 days 00:01:02.025000,13.0,51.0,0 days 00:01:19.045000,kph,212.096,2024,10
31,10,10,1.0,8,66,Finished,ocon,31,OCO,http://en.wikipedia.org/wiki/Esteban_Ocon,Esteban,Ocon,1996-09-17,French,alpine,https://en.wikipedia.org/wiki/Alpine_F1_Team,Alpine F1 Team,French,5372116.0,0 days 00:01:11.889000,12.0,54.0,0 days 00:01:18.982000,kph,212.266,2024,10
27,11,11,0.0,13,66,Finished,hulkenberg,27,HUL,http://en.wikipedia.org/wiki/Nico_H%C3%BClkenberg,Nico,Hülkenberg,1987-08-19,German,haas,https://en.wikipedia.org/wiki/Haas_F1_Team,Haas F1 Team,American,5379442.0,0 days 00:01:19.215000,10.0,49.0,0 days 00:01:18.609000,kph,213.273,2024,10
14,12,12,0.0,10,65,Lapped,alonso,14,ALO,http://en.wikipedia.org/wiki/Fernando_Alonso,Fernando,Alonso,1981-07-29,Spanish,aston_martin,https://en.wikipedia.org/wiki/Aston_Martin_in_Formula_One,Aston Martin,British,5309724.0,0 days 00:00:09.497000,8.0,50.0,0 days 00:01:18.334000,kph,214.022,2024,10
24,13,13,0.0,15,65,Lapped,zhou,24,ZHO,http://en.wikipedia.org/wiki/Zhou_Guanyu,Guanyu,Zhou,1999-05-30,Chinese,sauber,https://en.wikipedia.org/wiki/Sauber_Motorsport,Sauber,Swiss,5315703.0,0 days 00:00:15.476000,11.0,50.0,0 days 00:01:18.771000,kph,212.834,2024,10
18,14,14,0.0,14,65,Lapped,stroll,18,STR,http://en.wikipedia.org/wiki/Lance_Stroll,Lance,Stroll,1998-10-29,Canadian,aston_martin,https://en.wikipedia.org/wiki/Aston_Martin_in_Formula_One,Aston Martin,British,5325479.0,0 days 00:00:25.252000,15.0,50.0,0 days 00:01:19.318000,kph,211.366,2024,10
3,15,15,0.0,18,65,Lapped,ricciardo,3,RIC,http://en.wikipedia.org/wiki/Daniel_Ricciardo,Daniel,Ricciardo,1989-07-01,Australian,rb,https://en.wikipedia.org/wiki/Racing_Bulls,RB F1 Team,Italian,5344277.0,0 days 00:00:44.050000,17.0,61.0,0 days 00:01:19.450000,kph,211.015,2024,10
77,16,16,0.0,12,65,Lapped,bottas,77,BOT,http://en.wikipedia.org/wiki/Valtteri_Bottas,Valtteri,Bottas,1989-08-28,Finnish,sauber,https://en.wikipedia.org/wiki/Sauber_Motorsport,Sauber,Swiss,5353540.0,0 days 00:00:53.313000,18.0,13.0,0 days 00:01:19.608000,kph,210.596,2024,10
20,17,17,0.0,16,65,Lapped,kevin_magnussen,20,MAG,http://en.wikipedia.org/wiki/Kevin_Magnussen,Kevin,Magnussen,1992-10-05,Danish,haas,https://en.wikipedia.org/wiki/Haas_F1_Team,Haas F1 Team,American,5355015.0,0 days 00:00:54.788000,19.0,33.0,0 days 00:01:19.805000,kph,210.077,2024,10
23,18,18,0.0,20,65,Lapped,albon,23,ALB,http://en.wikipedia.org/wiki/Alexander_Albon,Alexander,Albon,1996-03-23,Thai,williams,https://en.wikipedia.org/wiki/Williams_Racing,Williams,British,5358376.0,0 days 00:00:58.149000,14.0,45.0,0 days 00:01:19.132000,kph,211.863,2024,10
22,19,19,0.0,17,65,Lapped,tsunoda,22,TSU,http://en.wikipedia.org/wiki/Yuki_Tsunoda,Yuki,Tsunoda,2000-05-11,Japanese,rb,https://en.wikipedia.org/wiki/Racing_Bulls,RB F1 Team,Italian,5369131.0,0 days 00:01:08.904000,16.0,56.0,0 days 00:01:19.447000,kph,211.023,2024,10
2,20,20,0.0,19,64,Lapped,sargeant,2,SAR,http://en.wikipedia.org/wiki/Logan_Sargeant,Logan,Sargeant,2000-12-31,American,williams,https://en.wikipedia.org/wiki/Williams_Racing,Williams,British,5305093.0,0 days 00:00:04.866000,20.0,38.0,0 days 00:01:20.172000,kph,209.115,2024,10
63,1,1,25.0,3,71,Finished,russell,63,RUS,http://en.wikipedia.org/wiki/George_Russell_(racing_driver),George,Russell,1998-02-15,British,mercedes,https://en.wikipedia.org/wiki/Mercedes-Benz_in_Formula_One,Mercedes,German,5062798.0,0 days 01:24:22.798000,5.0,48.0,0 days 00:01:09.164000,kph,224.752,2024,11
81,2,2,18.0,7,71,Finished,piastri,81,PIA,http://en.wikipedia.org/wiki/Oscar_Piastri,Oscar,Piastri,2001-04-06,Australian,mclaren,https://en.wikipedia.org/wiki/McLaren,McLaren,British,5064704.0,0 days 00:00:01.906000,4.0,56.0,0 days 00:01:08.697000,kph,226.28,2024,11
55,3,3,15.0,4,71,Finished,sainz,55,SAI,http://en.wikipedia.org/wiki/Carlos_Sainz_Jr.,Carlos,Sainz,1994-09-01,Spanish,ferrari,https://en.wikipedia.org/wiki/Scuderia_Ferrari,Ferrari,Italian,5067331.0,0 days 00:00:04.533000,6.0,56.0,0 days 00:01:09.282000,kph,224.369,2024,11
44,4,4,12.0,5,71,Finished,hamilton,44,HAM,http://en.wikipedia.org/wiki/Lewis_Hamilton,Lewis,Hamilton,1985-01-07,British,mercedes,https://en.wikipedia.org/wiki/Mercedes-Benz_in_Formula_One,Mercedes,German,5085940.0,0 days 00:00:23.142000,7.0,61.0,0 days 00:01:09.562000,kph,223.466,2024,11
1,5,5,10.0,1,71,Finished,max_verstappen,3,VER,http://en.wikipedia.org/wiki/Max_Verstappen,Max,Verstappen,1997-09-30,Dutch,red_bull,https://en.wikipedia.org/wiki/Red_Bull_Racing,Red Bull,Austrian,5100051.0,0 days 00:00:37.253000,2.0,68.0,0 days 00:01:07.719000,kph,229.548,2024,11
27,6,6,8.0,9,71,Finished,hulkenberg,27,HUL,http://en.wikipedia.org/wiki/Nico_H%C3%BClkenberg,Nico,Hülkenberg,1987-08-19,German,haas,https://en.wikipedia.org/wiki/Haas_F1_Team,Haas F1 Team,American,5116886.0,0 days 00:00:54.088000,14.0,51.0,0 days 00:01:10.215000,kph,221.388,2024,11
11,7,7,6.0,8,71,Finished,perez,11,PER,http://en.wikipedia.org/wiki/Sergio_P%C3%A9rez,Sergio,Pérez,1990-01-26,Mexican,red_bull,https://en.wikipedia.org/wiki/Red_Bull_Racing,Red Bull,Austrian,5117470.0,0 days 00:00:54.672000,11.0,56.0,0 days 00:01:09.694000,kph,223.043,2024,11
20,8,8,4.0,12,71,Finished,kevin_magnussen,20,MAG,http://en.wikipedia.org/wiki/Kevin_Magnussen,Kevin,Magnussen,1992-10-05,Danish,haas,https://en.wikipedia.org/wiki/Haas_F1_Team,Haas F1 Team,American,5123153.0,0 days 00:01:00.355000,12.0,45.0,0 days 00:01:10.125000,kph,221.672,2024,11
3,9,9,2.0,11,71,Finished,ricciardo,3,RIC,http://en.wikipedia.org/wiki/Daniel_Ricciardo,Daniel,Ricciardo,1989-07-01,Australian,rb,https://en.wikipedia.org/wiki/Racing_Bulls,RB F1 Team,Italian,5123967.0,0 days 00:01:01.169000,18.0,49.0,0 days 00:01:10.426000,kph,220.725,2024,11
10,10,10,1.0,13,71,Finished,gasly,10,GAS,http://en.wikipedia.org/wiki/Pierre_Gasly,Pierre,Gasly,1996-02-07,French,alpine,https://en.wikipedia.org/wiki/Alpine_F1_Team,Alpine F1 Team,French,5124564.0,0 days 00:01:01.766000,9.0,45.0,0 days 00:01:09.609000,kph,223.315,2024,11
16,11,11,0.0,6,71,Finished,leclerc,16,LEC,http://en.wikipedia.org/wiki/Charles_Leclerc,Charles,Leclerc,1997-10-16,Monegasque,ferrari,https://en.wikipedia.org/wiki/Scuderia_Ferrari,Ferrari,Italian,5129854.0,0 days 00:01:07.056000,8.0,55.0,0 days 00:01:09.584000,kph,223.396,2024,11
31,12,12,0.0,10,71,Finished,ocon,31,OCO,http://en.wikipedia.org/wiki/Esteban_Ocon,Esteban,Ocon,1996-09-17,French,alpine,https://en.wikipedia.org/wiki/Alpine_F1_Team,Alpine F1 Team,French,5131123.0,0 days 00:01:08.325000,10.0,45.0,0 days 00:01:09.649000,kph,223.187,2024,11
18,13,13,0.0,17,70,Lapped,stroll,18,STR,http://en.wikipedia.org/wiki/Lance_Stroll,Lance,Stroll,1998-10-29,Canadian,aston_martin,https://en.wikipedia.org/wiki/Aston_Martin_in_Formula_One,Aston Martin,British,5073032.0,0 days 00:00:10.234000,13.0,54.0,0 days 00:01:10.143000,kph,221.615,2024,11
22,14,14,0.0,14,70,Lapped,tsunoda,22,TSU,http://en.wikipedia.org/wiki/Yuki_Tsunoda,Yuki,Tsunoda,2000-05-11,Japanese,rb,https://en.wikipedia.org/wiki/Racing_Bulls,RB F1 Team,Italian,5075943.0,0 days 00:00:13.145000,15.0,54.0,0 days 00:01:10.318000,kph,221.064,2024,11
23,15,15,0.0,16,70,Lapped,albon,23,ALB,http://en.wikipedia.org/wiki/Alexander_Albon,Alexander,Albon,1996-03-23,Thai,williams,https://en.wikipedia.org/wiki/Williams_Racing,Williams,British,5078664.0,0 days 00:00:15.866000,16.0,41.0,0 days 00:01:10.364000,kph,220.919,2024,11
77,16,16,0.0,18,70,Lapped,bottas,77,BOT,http://en.wikipedia.org/wiki/Valtteri_Bottas,Valtteri,Bottas,1989-08-28,Finnish,sauber,https://en.wikipedia.org/wiki/Sauber_Motorsport,Sauber,Swiss,5082173.0,0 days 00:00:19.375000,19.0,48.0,0 days 00:01:10.449000,kph,220.653,2024,11
24,17,17,0.0,20,70,Lapped,zhou,24,ZHO,http://en.wikipedia.org/wiki/Zhou_Guanyu,Guanyu,Zhou,1999-05-30,Chinese,sauber,https://en.wikipedia.org/wiki/Sauber_Motorsport,Sauber,Swiss,5107680.0,0 days 00:00:44.882000,20.0,54.0,0 days 00:01:10.470000,kph,220.587,2024,11
14,18,18,0.0,15,70,Lapped,alonso,14,ALO,http://en.wikipedia.org/wiki/Fernando_Alonso,Fernando,Alonso,1981-07-29,Spanish,aston_martin,https://en.wikipedia.org/wiki/Aston_Martin_in_Formula_One,Aston Martin,British,5110458.0,0 days 00:00:47.660000,1.0,70.0,0 days 00:01:07.694000,kph,229.633,2024,11
2,19,19,0.0,19,69,Lapped,sargeant,2,SAR,http://en.wikipedia.org/wiki/Logan_Sargeant,Logan,Sargeant,2000-12-31,American,williams,https://en.wikipedia.org/wiki/Williams_Racing,Williams,British,5069107.0,0 days 00:00:06.309000,17.0,60.0,0 days 00:01:10.406000,kph,220.788,2024,11
4,20,20,0.0,2,64,Lapped,norris,1,NOR,http://en.wikipedia.org/wiki/Lando_Norris,Lando,Norris,1999-11-13,British,mclaren,https://en.wikipedia.org/wiki/McLaren,McLaren,British,4596054.0,,3.0,53.0,0 days 00:01:08.016000,kph,228.546,2024,11
44,1,1,25.0,2,52,Finished,hamilton,44,HAM,http://en.wikipedia.org/wiki/Lewis_Hamilton,Lewis,Hamilton,1985-01-07,British,mercedes,https://en.wikipedia.org/wiki/Mercedes-Benz_in_Formula_One,Mercedes,German,4947059.0,0 days 01:22:27.059000,5.0,45.0,0 days 00:01:29.438000,kph,237.12,2024,12
1,2,2,18.0,4,52,Finished,max_verstappen,3,VER,http://en.wikipedia.org/wiki/Max_Verstappen,Max,Verstappen,1997-09-30,Dutch,red_bull,https://en.wikipedia.org/wiki/Red_Bull_Racing,Red Bull,Austrian,4948524.0,0 days 00:00:01.465000,3.0,48.0,0 days 00:01:28.952000,kph,238.416,2024,12
4,3,3,15.0,3,52,Finished,norris,1,NOR,http://en.wikipedia.org/wiki/Lando_Norris,Lando,Norris,1999-11-13,British,mclaren,https://en.wikipedia.org/wiki/McLaren,McLaren,British,4954606.0,0 days 00:00:07.547000,4.0,43.0,0 days 00:01:29.262000,kph,237.588,2024,12
81,4,4,12.0,5,52,Finished,piastri,81,PIA,http://en.wikipedia.org/wiki/Oscar_Piastri,Oscar,Piastri,2001-04-06,Australian,mclaren,https://en.wikipedia.org/wiki/McLaren,McLaren,British,4959488.0,0 days 00:00:12.429000,2.0,51.0,0 days 00:01:28.748000,kph,238.964,2024,12
55,5,5,11.0,7,52,Finished,sainz,55,SAI,http://en.wikipedia.org/wiki/Carlos_Sainz_Jr.,Carlos,Sainz,1994-09-01,Spanish,ferrari,https://en.wikipedia.org/wiki/Scuderia_Ferrari,Ferrari,Italian,4994377.0,0 days 00:00:47.318000,1.0,52.0,0 days 00:01:28.293000,kph,240.195,2024,12
27,6,6,8.0,6,52,Finished,hulkenberg,27,HUL,http://en.wikipedia.org/wiki/Nico_H%C3%BClkenberg,Nico,Hülkenberg,1987-08-19,German,haas,https://en.wikipedia.org/wiki/Haas_F1_Team,Haas F1 Team,American,5002781.0,0 days 00:00:55.722000,10.0,43.0,0 days 00:01:29.836000,kph,236.07,2024,12
18,7,7,6.0,8,52,Finished,stroll,18,STR,http://en.wikipedia.org/wiki/Lance_Stroll,Lance,Stroll,1998-10-29,Canadian,aston_martin,https://en.wikipedia.org/wiki/Aston_Martin_in_Formula_One,Aston Martin,British,5003628.0,0 days 00:00:56.569000,11.0,46.0,0 days 00:01:29.897000,kph,235.909,2024,12
14,8,8,4.0,10,52,Finished,alonso,14,ALO,http://en.wikipedia.org/wiki/Fernando_Alonso,Fernando,Alonso,1981-07-29,Spanish,aston_martin,https://en.wikipedia.org/wiki/Aston_Martin_in_Formula_One,Aston Martin,British,5010636.0,0 days 00:01:03.577000,7.0,47.0,0 days 00:01:29.710000,kph,236.401,2024,12
23,9,9,2.0,9,52,Finished,albon,23,ALB,http://en.wikipedia.org/wiki/Alexander_Albon,Alexander,Albon,1996-03-23,Thai,williams,https://en.wikipedia.org/wiki/Williams_Racing,Williams,British,5015446.0,0 days 00:01:08.387000,8.0,52.0,0 days 00:01:29.718000,kph,236.38,2024,12
22,10,10,1.0,13,52,Finished,tsunoda,22,TSU,http://en.wikipedia.org/wiki/Yuki_Tsunoda,Yuki,Tsunoda,2000-05-11,Japanese,rb,https://en.wikipedia.org/wiki/Racing_Bulls,RB F1 Team,Italian,5026362.0,0 days 00:01:19.303000,14.0,43.0,0 days 00:01:30.229000,kph,235.041,2024,12
2,11,11,0.0,12,52,Finished,sargeant,2,SAR,http://en.wikipedia.org/wiki/Logan_Sargeant,Logan,Sargeant,2000-12-31,American,williams,https://en.wikipedia.org/wiki/Williams_Racing,Williams,British,5036019.0,0 days 00:01:28.960000,12.0,42.0,0 days 00:01:29.972000,kph,235.713,2024,12
20,12,12,0.0,17,52,Finished,kevin_magnussen,20,MAG,http://en.wikipedia.org/wiki/Kevin_Magnussen,Kevin,Magnussen,1992-10-05,Danish,haas,https://en.wikipedia.org/wiki/Haas_F1_Team,Haas F1 Team,American,5037212.0,0 days 00:01:30.153000,13.0,42.0,0 days 00:01:30.093000,kph,235.396,2024,12
3,13,13,0.0,15,51,Lapped,ricciardo,3,RIC,http://en.wikipedia.org/wiki/Daniel_Ricciardo,Daniel,Ricciardo,1989-07-01,Australian,rb,https://en.wikipedia.org/wiki/Racing_Bulls,RB F1 Team,Italian,4956996.0,0 days 00:00:09.937000,15.0,47.0,0 days 00:01:30.735000,kph,233.731,2024,12
16,14,14,0.0,11,51,Lapped,leclerc,16,LEC,http://en.wikipedia.org/wiki/Charles_Leclerc,Charles,Leclerc,1997-10-16,Monegasque,ferrari,https://en.wikipedia.org/wiki/Scuderia_Ferrari,Ferrari,Italian,4987532.0,0 days 00:00:40.473000,9.0,43.0,0 days 00:01:29.748000,kph,236.301,2024,12
77,15,15,0.0,16,51,Lapped,bottas,77,BOT,http://en.wikipedia.org/wiki/Valtteri_Bottas,Valtteri,Bottas,1989-08-28,Finnish,sauber,https://en.wikipedia.org/wiki/Sauber_Motorsport,Sauber,Swiss,4988880.0,0 days 00:00:41.821000,18.0,44.0,0 days 00:01:31.277000,kph,232.343,2024,12
31,16,16,0.0,18,50,Lapped,ocon,31,OCO,http://en.wikipedia.org/wiki/Esteban_Ocon,Esteban,Ocon,1996-09-17,French,alpine,https://en.wikipedia.org/wiki/Alpine_F1_Team,Alpine F1 Team,French,4957741.0,0 days 00:00:10.682000,16.0,46.0,0 days 00:01:30.875000,kph,233.371,2024,12
11,17,17,0.0,20,50,Lapped,perez,11,PER,http://en.wikipedia.org/wiki/Sergio_P%C3%A9rez,Sergio,Pérez,1990-01-26,Mexican,red_bull,https://en.wikipedia.org/wiki/Red_Bull_Racing,Red Bull,Austrian,4965064.0,0 days 00:00:18.005000,6.0,50.0,0 days 00:01:29.707000,kph,236.409,2024,12
24,18,18,0.0,14,50,Lapped,zhou,24,ZHO,http://en.wikipedia.org/wiki/Zhou_Guanyu,Guanyu,Zhou,1999-05-30,Chinese,sauber,https://en.wikipedia.org/wiki/Sauber_Motorsport,Sauber,Swiss,5001535.0,0 days 00:00:54.476000,17.0,43.0,0 days 00:01:31.014000,kph,233.014,2024,12
63,19,R,0.0,1,33,Retired,russell,63,RUS,http://en.wikipedia.org/wiki/George_Russell_(racing_driver),George,Russell,1998-02-15,British,mercedes,https://en.wikipedia.org/wiki/Mercedes-Benz_in_Formula_One,Mercedes,German,,,19.0,3.0,0 days 00:01:31.298000,kph,232.289,2024,12
10,20,W,0.0,19,0,Did not start,gasly,10,GAS,http://en.wikipedia.org/wiki/Pierre_Gasly,Pierre,Gasly,1996-02-07,French,alpine,https://en.wikipedia.org/wiki/Alpine_F1_Team,Alpine F1 Team,French,,,,,,,,2024,12
81,1,1,25.0,2,70,Finished,piastri,81,PIA,http://en.wikipedia.org/wiki/Oscar_Piastri,Oscar,Piastri,2001-04-06,Australian,mclaren,https://en.wikipedia.org/wiki/McLaren,McLaren,British,5881989.0,0 days 01:38:01.989000,8.0,51.0,0 days 00:01:21.716000,kph,193.005,2024,13
4,2,2,18.0,1,70,Finished,norris,1,NOR,http://en.wikipedia.org/wiki/Lando_Norris,Lando,Norris,1999-11-13,British,mclaren,https://en.wikipedia.org/wiki/McLaren,McLaren,British,5884130.0,0 days 00:00:02.141000,7.0,50.0,0 days 00:01:21.712000,kph,193.014,2024,13
44,3,3,15.0,5,70,Finished,hamilton,44,HAM,http://en.wikipedia.org/wiki/Lewis_Hamilton,Lewis,Hamilton,1985-01-07,British,mercedes,https://en.wikipedia.org/wiki/Mercedes-Benz_in_Formula_One,Mercedes,German,5896869.0,0 days 00:00:14.880000,9.0,54.0,0 days 00:01:22.153000,kph,191.978,2024,13
16,4,4,12.0,6,70,Finished,leclerc,16,LEC,http://en.wikipedia.org/wiki/Charles_Leclerc,Charles,Leclerc,1997-10-16,Monegasque,ferrari,https://en.wikipedia.org/wiki/Scuderia_Ferrari,Ferrari,Italian,5901675.0,0 days 00:00:19.686000,10.0,29.0,0 days 00:01:22.182000,kph,191.91,2024,13
1,5,5,10.0,3,70,Finished,max_verstappen,3,VER,http://en.wikipedia.org/wiki/Max_Verstappen,Max,Verstappen,1997-09-30,Dutch,red_bull,https://en.wikipedia.org/wiki/Red_Bull_Racing,Red Bull,Austrian,5903338.0,0 days 00:00:21.349000,3.0,51.0,0 days 00:01:20.908000,kph,194.932,2024,13
55,6,6,8.0,4,70,Finished,sainz,55,SAI,http://en.wikipedia.org/wiki/Carlos_Sainz_Jr.,Carlos,Sainz,1994-09-01,Spanish,ferrari,https://en.wikipedia.org/wiki/Scuderia_Ferrari,Ferrari,Italian,5905062.0,0 days 00:00:23.073000,5.0,53.0,0 days 00:01:21.441000,kph,193.656,2024,13
11,7,7,6.0,16,70,Finished,perez,11,PER,http://en.wikipedia.org/wiki/Sergio_P%C3%A9rez,Sergio,Pérez,1990-01-26,Mexican,red_bull,https://en.wikipedia.org/wiki/Red_Bull_Racing,Red Bull,Austrian,5921781.0,0 days 00:00:39.792000,4.0,49.0,0 days 00:01:21.096000,kph,194.48,2024,13
63,8,8,5.0,17,70,Finished,russell,63,RUS,http://en.wikipedia.org/wiki/George_Russell_(racing_driver),George,Russell,1998-02-15,British,mercedes,https://en.wikipedia.org/wiki/Mercedes-Benz_in_Formula_One,Mercedes,German,5924357.0,0 days 00:00:42.368000,1.0,55.0,0 days 00:01:20.305000,kph,196.396,2024,13
22,9,9,2.0,10,70,Finished,tsunoda,22,TSU,http://en.wikipedia.org/wiki/Yuki_Tsunoda,Yuki,Tsunoda,2000-05-11,Japanese,rb,https://en.wikipedia.org/wiki/Racing_Bulls,RB F1 Team,Italian,5959248.0,0 days 00:01:17.259000,18.0,57.0,0 days 00:01:23.533000,kph,188.806,2024,13
18,10,10,1.0,8,70,Finished,stroll,18,STR,http://en.wikipedia.org/wiki/Lance_Stroll,Lance,Stroll,1998-10-29,Canadian,aston_martin,https://en.wikipedia.org/wiki/Aston_Martin_in_Formula_One,Aston Martin,British,5959965.0,0 days 00:01:17.976000,11.0,48.0,0 days 00:01:22.338000,kph,191.547,2024,13
14,11,11,0.0,7,70,Finished,alonso,14,ALO,http://en.wikipedia.org/wiki/Fernando_Alonso,Fernando,Alonso,1981-07-29,Spanish,aston_martin,https://en.wikipedia.org/wiki/Aston_Martin_in_Formula_One,Aston Martin,British,5964449.0,0 days 00:01:22.460000,14.0,52.0,0 days 00:01:23.063000,kph,189.875,2024,13
3,12,12,0.0,9,69,Lapped,ricciardo,3,RIC,http://en.wikipedia.org/wiki/Daniel_Ricciardo,Daniel,Ricciardo,1989-07-01,Australian,rb,https://en.wikipedia.org/wiki/Racing_Bulls,RB F1 Team,Italian,5899913.0,0 days 00:00:17.924000,12.0,30.0,0 days 00:01:22.640000,kph,190.847,2024,13
27,13,13,0.0,11,69,Lapped,hulkenberg,27,HUL,http://en.wikipedia.org/wiki/Nico_H%C3%BClkenberg,Nico,Hülkenberg,1987-08-19,German,haas,https://en.wikipedia.org/wiki/Haas_F1_Team,Haas F1 Team,American,5915173.0,0 days 00:00:33.184000,16.0,54.0,0 days 00:01:23.461000,kph,188.969,2024,13
23,14,14,0.0,13,69,Lapped,albon,23,ALB,http://en.wikipedia.org/wiki/Alexander_Albon,Alexander,Albon,1996-03-23,Thai,williams,https://en.wikipedia.org/wiki/Williams_Racing,Williams,British,5918758.0,0 days 00:00:36.769000,20.0,31.0,0 days 00:01:23.930000,kph,187.913,2024,13
20,15,15,0.0,15,69,Lapped,kevin_magnussen,20,MAG,http://en.wikipedia.org/wiki/Kevin_Magnussen,Kevin,Magnussen,1992-10-05,Danish,haas,https://en.wikipedia.org/wiki/Haas_F1_Team,Haas F1 Team,American,5927291.0,0 days 00:00:45.302000,19.0,50.0,0 days 00:01:23.553000,kph,188.761,2024,13
77,16,16,0.0,12,69,Lapped,bottas,77,BOT,http://en.wikipedia.org/wiki/Valtteri_Bottas,Valtteri,Bottas,1989-08-28,Finnish,sauber,https://en.wikipedia.org/wiki/Sauber_Motorsport,Sauber,Swiss,5927398.0,0 days 00:00:45.409000,13.0,52.0,0 days 00:01:22.792000,kph,190.496,2024,13
2,17,17,0.0,14,69,Lapped,sargeant,2,SAR,http://en.wikipedia.org/wiki/Logan_Sargeant,Logan,Sargeant,2000-12-31,American,williams,https://en.wikipedia.org/wiki/Williams_Racing,Williams,British,5934580.0,0 days 00:00:52.591000,2.0,65.0,0 days 00:01:20.561000,kph,195.772,2024,13
31,18,18,0.0,19,69,Lapped,ocon,31,OCO,http://en.wikipedia.org/wiki/Esteban_Ocon,Esteban,Ocon,1996-09-17,French,alpine,https://en.wikipedia.org/wiki/Alpine_F1_Team,Alpine F1 Team,French,5942918.0,0 days 00:01:00.929000,6.0,66.0,0 days 00:01:21.610000,kph,193.255,2024,13
24,19,19,0.0,18,69,Lapped,zhou,24,ZHO,http://en.wikipedia.org/wiki/Zhou_Guanyu,Guanyu,Zhou,1999-05-30,Chinese,sauber,https://en.wikipedia.org/wiki/Sauber_Motorsport,Sauber,Swiss,5945587.0,0 days 00:01:03.598000,17.0,38.0,0 days 00:01:23.487000,kph,188.91,2024,13
10,20,R,0.0,20,33,Retired,gasly,10,GAS,http://en.wikipedia.org/wiki/Pierre_Gasly,Pierre,Gasly,1996-02-07,French,alpine,https://en.wikipedia.org/wiki/Alpine_F1_Team,Alpine F1 Team,French,,,15.0,31.0,0 days 00:01:23.340000,kph,189.244,2024,13
44,1,1,25.0,3,44,Finished,hamilton,44,HAM,http://en.wikipedia.org/wiki/Lewis_Hamilton,Lewis,Hamilton,1985-01-07,British,mercedes,https://en.wikipedia.org/wiki/Mercedes-Benz_in_Formula_One,Mercedes,German,4797566.0,0 days 01:19:57.566000,6.0,33.0,0 days 00:01:46.653000,kph,236.415,2024,14
81,2,2,18.0,5,44,Finished,piastri,81,PIA,http://en.wikipedia.org/wiki/Oscar_Piastri,Oscar,Piastri,2001-04-06,Australian,mclaren,https://en.wikipedia.org/wiki/McLaren,McLaren,British,4798213.0,0 days 00:00:00.647000,3.0,32.0,0 days 00:01:45.840000,kph,238.231,2024,14
16,3,3,15.0,1,44,Finished,leclerc,16,LEC,http://en.wikipedia.org/wiki/Charles_Leclerc,Charles,Leclerc,1997-10-16,Monegasque,ferrari,https://en.wikipedia.org/wiki/Scuderia_Ferrari,Ferrari,Italian,4805589.0,0 days 00:00:08.023000,8.0,33.0,0 days 00:01:47.013000,kph,235.619,2024,14
1,4,4,12.0,11,44,Finished,max_verstappen,3,VER,http://en.wikipedia.org/wiki/Max_Verstappen,Max,Verstappen,1997-09-30,Dutch,red_bull,https://en.wikipedia.org/wiki/Red_Bull_Racing,Red Bull,Austrian,4806266.0,0 days 00:00:08.700000,4.0,32.0,0 days 00:01:46.128000,kph,237.584,2024,14
4,5,5,10.0,4,44,Finished,norris,1,NOR,http://en.wikipedia.org/wiki/Lando_Norris,Lando,Norris,1999-11-13,British,mclaren,https://en.wikipedia.org/wiki/McLaren,McLaren,British,4806890.0,0 days 00:00:09.324000,2.0,31.0,0 days 00:01:45.563000,kph,238.856,2024,14
55,6,6,8.0,7,44,Finished,sainz,55,SAI,http://en.wikipedia.org/wiki/Carlos_Sainz_Jr.,Carlos,Sainz,1994-09-01,Spanish,ferrari,https://en.wikipedia.org/wiki/Scuderia_Ferrari,Ferrari,Italian,4816835.0,0 days 00:00:19.269000,5.0,44.0,0 days 00:01:46.364000,kph,237.057,2024,14
11,7,7,7.0,2,44,Finished,perez,11,PER,http://en.wikipedia.org/wiki/Sergio_P%C3%A9rez,Sergio,Pérez,1990-01-26,Mexican,red_bull,https://en.wikipedia.org/wiki/Red_Bull_Racing,Red Bull,Austrian,4840235.0,0 days 00:00:42.669000,1.0,44.0,0 days 00:01:44.701000,kph,240.822,2024,14
14,8,8,4.0,8,44,Finished,alonso,14,ALO,http://en.wikipedia.org/wiki/Fernando_Alonso,Fernando,Alonso,1981-07-29,Spanish,aston_martin,https://en.wikipedia.org/wiki/Aston_Martin_in_Formula_One,Aston Martin,British,4847003.0,0 days 00:00:49.437000,17.0,42.0,0 days 00:01:48.051000,kph,233.356,2024,14
31,9,9,2.0,9,44,Finished,ocon,31,OCO,http://en.wikipedia.org/wiki/Esteban_Ocon,Esteban,Ocon,1996-09-17,French,alpine,https://en.wikipedia.org/wiki/Alpine_F1_Team,Alpine F1 Team,French,4849592.0,0 days 00:00:52.026000,7.0,43.0,0 days 00:01:46.957000,kph,235.743,2024,14
3,10,10,1.0,13,44,Finished,ricciardo,3,RIC,http://en.wikipedia.org/wiki/Daniel_Ricciardo,Daniel,Ricciardo,1989-07-01,Australian,rb,https://en.wikipedia.org/wiki/Racing_Bulls,RB F1 Team,Italian,4851966.0,0 days 00:00:54.400000,12.0,37.0,0 days 00:01:47.435000,kph,234.694,2024,14
18,11,11,0.0,15,44,Finished,stroll,18,STR,http://en.wikipedia.org/wiki/Lance_Stroll,Lance,Stroll,1998-10-29,Canadian,aston_martin,https://en.wikipedia.org/wiki/Aston_Martin_in_Formula_One,Aston Martin,British,4860051.0,0 days 00:01:02.485000,18.0,44.0,0 days 00:01:48.105000,kph,233.239,2024,14
23,12,12,0.0,10,44,Finished,albon,23,ALB,http://en.wikipedia.org/wiki/Alexander_Albon,Alexander,Albon,1996-03-23,Thai,williams,https://en.wikipedia.org/wiki/Williams_Racing,Williams,British,4860691.0,0 days 00:01:03.125000,16.0,44.0,0 days 00:01:47.996000,kph,233.475,2024,14
10,13,13,0.0,12,44,Finished,gasly,10,GAS,http://en.wikipedia.org/wiki/Pierre_Gasly,Pierre,Gasly,1996-02-07,French,alpine,https://en.wikipedia.org/wiki/Alpine_F1_Team,Alpine F1 Team,French,4861405.0,0 days 00:01:03.839000,11.0,30.0,0 days 00:01:47.418000,kph,234.731,2024,14
20,14,14,0.0,17,44,Finished,kevin_magnussen,20,MAG,http://en.wikipedia.org/wiki/Kevin_Magnussen,Kevin,Magnussen,1992-10-05,Danish,haas,https://en.wikipedia.org/wiki/Haas_F1_Team,Haas F1 Team,American,4863671.0,0 days 00:01:06.105000,14.0,44.0,0 days 00:01:47.848000,kph,233.795,2024,14
77,15,15,0.0,14,44,Finished,bottas,77,BOT,http://en.wikipedia.org/wiki/Valtteri_Bottas,Valtteri,Bottas,1989-08-28,Finnish,sauber,https://en.wikipedia.org/wiki/Sauber_Motorsport,Sauber,Swiss,4867678.0,0 days 00:01:10.112000,9.0,37.0,0 days 00:01:47.019000,kph,235.606,2024,14
22,16,16,0.0,20,44,Finished,tsunoda,22,TSU,http://en.wikipedia.org/wiki/Yuki_Tsunoda,Yuki,Tsunoda,2000-05-11,Japanese,rb,https://en.wikipedia.org/wiki/Racing_Bulls,RB F1 Team,Italian,4873777.0,0 days 00:01:16.211000,15.0,44.0,0 days 00:01:47.969000,kph,233.533,2024,14
2,17,17,0.0,18,44,Finished,sargeant,2,SAR,http://en.wikipedia.org/wiki/Logan_Sargeant,Logan,Sargeant,2000-12-31,American,williams,https://en.wikipedia.org/wiki/Williams_Racing,Williams,British,4883097.0,0 days 00:01:25.531000,13.0,43.0,0 days 00:01:47.490000,kph,234.574,2024,14
27,18,18,0.0,16,44,Finished,hulkenberg,27,HUL,http://en.wikipedia.org/wiki/Nico_H%C3%BClkenberg,Nico,Hülkenberg,1987-08-19,German,haas,https://en.wikipedia.org/wiki/Haas_F1_Team,Haas F1 Team,American,4885873.0,0 days 00:01:28.307000,19.0,44.0,0 days 00:01:48.954000,kph,231.422,2024,14
24,19,R,0.0,19,5,Retired,zhou,24,ZHO,http://en.wikipedia.org/wiki/Zhou_Guanyu,Guanyu,Zhou,1999-05-30,Chinese,sauber,https://en.wikipedia.org/wiki/Sauber_Motorsport,Sauber,Swiss,,,20.0,2.0,0 days 00:01:52.099000,kph,224.929,2024,14
63,20,20,0.0,6,44,Disqualified,russell,63,RUS,http://en.wikipedia.org/wiki/George_Russell_(racing_driver),George,Russell,1998-02-15,British,mercedes,https://en.wikipedia.org/wiki/Mercedes-Benz_in_Formula_One,Mercedes,German,4797040.0,,10.0,44.0,0 days 00:01:47.113000,kph,235.399,2024,14
4,1,1,26.0,1,72,Finished,norris,1,NOR,http://en.wikipedia.org/wiki/Lando_Norris,Lando,Norris,1999-11-13,British,mclaren,https://en.wikipedia.org/wiki/McLaren,McLaren,British,5445519.0,0 days 01:30:45.519000,1.0,72.0,0 days 00:01:13.817000,kph,207.708,2024,15
1,2,2,18.0,2,72,Finished,max_verstappen,3,VER,http://en.wikipedia.org/wiki/Max_Verstappen,Max,Verstappen,1997-09-30,Dutch,red_bull,https://en.wikipedia.org/wiki/Red_Bull_Racing,Red Bull,Austrian,5468415.0,0 days 00:00:22.896000,9.0,30.0,0 days 00:01:14.752000,kph,205.11,2024,15
16,3,3,15.0,6,72,Finished,leclerc,16,LEC,http://en.wikipedia.org/wiki/Charles_Leclerc,Charles,Leclerc,1997-10-16,Monegasque,ferrari,https://en.wikipedia.org/wiki/Scuderia_Ferrari,Ferrari,Italian,5470958.0,0 days 00:00:25.439000,7.0,62.0,0 days 00:01:14.585000,kph,205.569,2024,15
81,4,4,12.0,3,72,Finished,piastri,81,PIA,http://en.wikipedia.org/wiki/Oscar_Piastri,Oscar,Piastri,2001-04-06,Australian,mclaren,https://en.wikipedia.org/wiki/McLaren,McLaren,British,5472856.0,0 days 00:00:27.337000,5.0,36.0,0 days 00:01:14.237000,kph,206.533,2024,15
55,5,5,10.0,10,72,Finished,sainz,55,SAI,http://en.wikipedia.org/wiki/Carlos_Sainz_Jr.,Carlos,Sainz,1994-09-01,Spanish,ferrari,https://en.wikipedia.org/wiki/Scuderia_Ferrari,Ferrari,Italian,5477656.0,0 days 00:00:32.137000,4.0,40.0,0 days 00:01:14.117000,kph,206.867,2024,15
11,6,6,8.0,5,72,Finished,perez,11,PER,http://en.wikipedia.org/wiki/Sergio_P%C3%A9rez,Sergio,Pérez,1990-01-26,Mexican,red_bull,https://en.wikipedia.org/wiki/Red_Bull_Racing,Red Bull,Austrian,5485061.0,0 days 00:00:39.542000,8.0,69.0,0 days 00:01:14.587000,kph,205.563,2024,15
63,7,7,6.0,4,72,Finished,russell,63,RUS,http://en.wikipedia.org/wiki/George_Russell_(racing_driver),George,Russell,1998-02-15,British,mercedes,https://en.wikipedia.org/wiki/Mercedes-Benz_in_Formula_One,Mercedes,German,5490136.0,0 days 00:00:44.617000,3.0,57.0,0 days 00:01:13.927000,kph,207.399,2024,15
44,8,8,4.0,14,72,Finished,hamilton,44,HAM,http://en.wikipedia.org/wiki/Lewis_Hamilton,Lewis,Hamilton,1985-01-07,British,mercedes,https://en.wikipedia.org/wiki/Mercedes-Benz_in_Formula_One,Mercedes,German,5495118.0,0 days 00:00:49.599000,2.0,62.0,0 days 00:01:13.878000,kph,207.536,2024,15
10,9,9,2.0,9,71,Lapped,gasly,10,GAS,http://en.wikipedia.org/wiki/Pierre_Gasly,Pierre,Gasly,1996-02-07,French,alpine,https://en.wikipedia.org/wiki/Alpine_F1_Team,Alpine F1 Team,French,5454123.0,0 days 00:00:08.604000,11.0,54.0,0 days 00:01:14.855000,kph,204.828,2024,15
14,10,10,1.0,7,71,Lapped,alonso,14,ALO,http://en.wikipedia.org/wiki/Fernando_Alonso,Fernando,Alonso,1981-07-29,Spanish,aston_martin,https://en.wikipedia.org/wiki/Aston_Martin_in_Formula_One,Aston Martin,British,5459052.0,0 days 00:00:13.533000,10.0,34.0,0 days 00:01:14.758000,kph,205.093,2024,15
27,11,11,0.0,12,71,Lapped,hulkenberg,27,HUL,http://en.wikipedia.org/wiki/Nico_H%C3%BClkenberg,Nico,Hülkenberg,1987-08-19,German,haas,https://en.wikipedia.org/wiki/Haas_F1_Team,Haas F1 Team,American,5464733.0,0 days 00:00:19.214000,18.0,59.0,0 days 00:01:15.657000,kph,202.656,2024,15
3,12,12,0.0,13,71,Lapped,ricciardo,3,RIC,http://en.wikipedia.org/wiki/Daniel_Ricciardo,Daniel,Ricciardo,1989-07-01,Australian,rb,https://en.wikipedia.org/wiki/Racing_Bulls,RB F1 Team,Italian,5466586.0,0 days 00:00:21.067000,13.0,52.0,0 days 00:01:15.222000,kph,203.828,2024,15
18,13,13,0.0,8,71,Lapped,stroll,18,STR,http://en.wikipedia.org/wiki/Lance_Stroll,Lance,Stroll,1998-10-29,Canadian,aston_martin,https://en.wikipedia.org/wiki/Aston_Martin_in_Formula_One,Aston Martin,British,5471231.0,0 days 00:00:25.712000,14.0,51.0,0 days 00:01:15.255000,kph,203.739,2024,15
23,14,14,0.0,19,71,Lapped,albon,23,ALB,http://en.wikipedia.org/wiki/Alexander_Albon,Alexander,Albon,1996-03-23,Thai,williams,https://en.wikipedia.org/wiki/Williams_Racing,Williams,British,5486230.0,0 days 00:00:40.711000,6.0,71.0,0 days 00:01:14.434000,kph,205.986,2024,15
31,15,15,0.0,15,71,Lapped,ocon,31,OCO,http://en.wikipedia.org/wiki/Esteban_Ocon,Esteban,Ocon,1996-09-17,French,alpine,https://en.wikipedia.org/wiki/Alpine_F1_Team,Alpine F1 Team,French,5492397.0,0 days 00:00:46.878000,15.0,50.0,0 days 00:01:15.390000,kph,203.374,2024,15
2,16,16,0.0,18,71,Lapped,sargeant,2,SAR,http://en.wikipedia.org/wiki/Logan_Sargeant,Logan,Sargeant,2000-12-31,American,williams,https://en.wikipedia.org/wiki/Williams_Racing,Williams,British,5510058.0,0 days 00:01:04.539000,16.0,26.0,0 days 00:01:15.539000,kph,202.973,2024,15
22,17,17,0.0,11,71,Lapped,tsunoda,22,TSU,http://en.wikipedia.org/wiki/Yuki_Tsunoda,Yuki,Tsunoda,2000-05-11,Japanese,rb,https://en.wikipedia.org/wiki/Racing_Bulls,RB F1 Team,Italian,5510665.0,0 days 00:01:05.146000,17.0,16.0,0 days 00:01:15.552000,kph,202.938,2024,15
20,18,18,0.0,20,71,Lapped,kevin_magnussen,20,MAG,http://en.wikipedia.org/wiki/Kevin_Magnussen,Kevin,Magnussen,1992-10-05,Danish,haas,https://en.wikipedia.org/wiki/Haas_F1_Team,Haas F1 Team,American,5511226.0,0 days 00:01:05.707000,12.0,42.0,0 days 00:01:14.954000,kph,204.557,2024,15
77,19,19,0.0,16,70,Lapped,bottas,77,BOT,http://en.wikipedia.org/wiki/Valtteri_Bottas,Valtteri,Bottas,1989-08-28,Finnish,sauber,https://en.wikipedia.org/wiki/Sauber_Motorsport,Sauber,Swiss,5448767.0,0 days 00:00:03.248000,20.0,45.0,0 days 00:01:15.822000,kph,202.215,2024,15
24,20,20,0.0,17,70,Lapped,zhou,24,ZHO,http://en.wikipedia.org/wiki/Zhou_Guanyu,Guanyu,Zhou,1999-05-30,Chinese,sauber,https://en.wikipedia.org/wiki/Sauber_Motorsport,Sauber,Swiss,5481538.0,0 days 00:00:36.019000,19.0,67.0,0 days 00:01:15.724000,kph,202.477,2024,15
16,1,1,25.0,4,53,Finished,leclerc,16,LEC,http://en.wikipedia.org/wiki/Charles_Leclerc,Charles,Leclerc,1997-10-16,Monegasque,ferrari,https://en.wikipedia.org/wiki/Scuderia_Ferrari,Ferrari,Italian,4480727.0,0 days 01:14:40.727000,10.0,33.0,0 days 00:01:23.226000,kph,250.58,2024,16
81,2,2,18.0,2,53,Finished,piastri,81,PIA,http://en.wikipedia.org/wiki/Oscar_Piastri,Oscar,Piastri,2001-04-06,Australian,mclaren,https://en.wikipedia.org/wiki/McLaren,McLaren,British,4483391.0,0 days 00:00:02.664000,4.0,53.0,0 days 00:01:21.943000,kph,254.503,2024,16
4,3,3,16.0,1,53,Finished,norris,1,NOR,http://en.wikipedia.org/wiki/Lando_Norris,Lando,Norris,1999-11-13,British,mclaren,https://en.wikipedia.org/wiki/McLaren,McLaren,British,4486880.0,0 days 00:00:06.153000,1.0,53.0,0 days 00:01:21.432000,kph,256.1,2024,16
55,4,4,12.0,5,53,Finished,sainz,55,SAI,http://en.wikipedia.org/wiki/Carlos_Sainz_Jr.,Carlos,Sainz,1994-09-01,Spanish,ferrari,https://en.wikipedia.org/wiki/Scuderia_Ferrari,Ferrari,Italian,4496348.0,0 days 00:00:15.621000,9.0,53.0,0 days 00:01:23.219000,kph,250.601,2024,16
44,5,5,10.0,6,53,Finished,hamilton,44,HAM,http://en.wikipedia.org/wiki/Lewis_Hamilton,Lewis,Hamilton,1985-01-07,British,mercedes,https://en.wikipedia.org/wiki/Mercedes-Benz_in_Formula_One,Mercedes,German,4503547.0,0 days 00:00:22.820000,2.0,53.0,0 days 00:01:21.512000,kph,255.849,2024,16
1,6,6,8.0,7,53,Finished,max_verstappen,3,VER,http://en.wikipedia.org/wiki/Max_Verstappen,Max,Verstappen,1997-09-30,Dutch,red_bull,https://en.wikipedia.org/wiki/Red_Bull_Racing,Red Bull,Austrian,4518659.0,0 days 00:00:37.932000,3.0,43.0,0 days 00:01:21.745000,kph,255.12,2024,16
63,7,7,6.0,3,53,Finished,russell,63,RUS,http://en.wikipedia.org/wiki/George_Russell_(racing_driver),George,Russell,1998-02-15,British,mercedes,https://en.wikipedia.org/wiki/Mercedes-Benz_in_Formula_One,Mercedes,German,4520442.0,0 days 00:00:39.715000,5.0,49.0,0 days 00:01:22.036000,kph,254.215,2024,16
11,8,8,4.0,8,53,Finished,perez,11,PER,http://en.wikipedia.org/wiki/Sergio_P%C3%A9rez,Sergio,Pérez,1990-01-26,Mexican,red_bull,https://en.wikipedia.org/wiki/Red_Bull_Racing,Red Bull,Austrian,4534875.0,0 days 00:00:54.148000,8.0,47.0,0 days 00:01:22.971000,kph,251.35,2024,16
23,9,9,2.0,9,53,Finished,albon,23,ALB,http://en.wikipedia.org/wiki/Alexander_Albon,Alexander,Albon,1996-03-23,Thai,williams,https://en.wikipedia.org/wiki/Williams_Racing,Williams,British,4548183.0,0 days 00:01:07.456000,16.0,53.0,0 days 00:01:23.918000,kph,248.514,2024,16
20,10,10,1.0,13,53,Finished,kevin_magnussen,20,MAG,http://en.wikipedia.org/wiki/Kevin_Magnussen,Kevin,Magnussen,1992-10-05,Danish,haas,https://en.wikipedia.org/wiki/Haas_F1_Team,Haas F1 Team,American,4549029.0,0 days 00:01:08.302000,12.0,51.0,0 days 00:01:23.437000,kph,249.946,2024,16
14,11,11,0.0,11,53,Finished,alonso,14,ALO,http://en.wikipedia.org/wiki/Fernando_Alonso,Fernando,Alonso,1981-07-29,Spanish,aston_martin,https://en.wikipedia.org/wiki/Aston_Martin_in_Formula_One,Aston Martin,British,4549222.0,0 days 00:01:08.495000,7.0,46.0,0 days 00:01:22.944000,kph,251.432,2024,16
43,12,12,0.0,18,53,Finished,colapinto,43,COL,http://en.wikipedia.org/wiki/Franco_Colapinto,Franco,Colapinto,2003-05-27,Argentine,williams,https://en.wikipedia.org/wiki/Williams_Racing,Williams,British,4562035.0,0 days 00:01:21.308000,14.0,53.0,0 days 00:01:23.728000,kph,249.077,2024,16
3,13,13,0.0,12,53,Finished,ricciardo,3,RIC,http://en.wikipedia.org/wiki/Daniel_Ricciardo,Daniel,Ricciardo,1989-07-01,Australian,rb,https://en.wikipedia.org/wiki/Racing_Bulls,RB F1 Team,Italian,4574179.0,0 days 00:01:33.452000,17.0,52.0,0 days 00:01:24.219000,kph,247.625,2024,16
31,14,14,0.0,15,52,Lapped,ocon,31,OCO,http://en.wikipedia.org/wiki/Esteban_Ocon,Esteban,Ocon,1996-09-17,French,alpine,https://en.wikipedia.org/wiki/Alpine_F1_Team,Alpine F1 Team,French,4493386.0,0 days 00:00:12.659000,18.0,52.0,0 days 00:01:24.343000,kph,247.261,2024,16
10,15,15,0.0,14,52,Lapped,gasly,10,GAS,http://en.wikipedia.org/wiki/Pierre_Gasly,Pierre,Gasly,1996-02-07,French,alpine,https://en.wikipedia.org/wiki/Alpine_F1_Team,Alpine F1 Team,French,4499071.0,0 days 00:00:18.344000,15.0,51.0,0 days 00:01:23.755000,kph,248.997,2024,16
77,16,16,0.0,19,52,Lapped,bottas,77,BOT,http://en.wikipedia.org/wiki/Valtteri_Bottas,Valtteri,Bottas,1989-08-28,Finnish,sauber,https://en.wikipedia.org/wiki/Sauber_Motorsport,Sauber,Swiss,4507938.0,0 days 00:00:27.211000,13.0,52.0,0 days 00:01:23.609000,kph,249.432,2024,16
27,17,17,0.0,10,52,Lapped,hulkenberg,27,HUL,http://en.wikipedia.org/wiki/Nico_H%C3%BClkenberg,Nico,Hülkenberg,1987-08-19,German,haas,https://en.wikipedia.org/wiki/Haas_F1_Team,Haas F1 Team,American,4511597.0,0 days 00:00:30.870000,11.0,44.0,0 days 00:01:23.275000,kph,250.432,2024,16
24,18,18,0.0,20,52,Lapped,zhou,24,ZHO,http://en.wikipedia.org/wiki/Zhou_Guanyu,Guanyu,Zhou,1999-05-30,Chinese,sauber,https://en.wikipedia.org/wiki/Sauber_Motorsport,Sauber,Swiss,4520782.0,0 days 00:00:40.055000,19.0,17.0,0 days 00:01:25.092000,kph,245.085,2024,16
18,19,19,0.0,17,52,Lapped,stroll,18,STR,http://en.wikipedia.org/wiki/Lance_Stroll,Lance,Stroll,1998-10-29,Canadian,aston_martin,https://en.wikipedia.org/wiki/Aston_Martin_in_Formula_One,Aston Martin,British,4524235.0,0 days 00:00:43.508000,6.0,52.0,0 days 00:01:22.232000,kph,253.609,2024,16
22,20,R,0.0,16,7,Retired,tsunoda,22,TSU,http://en.wikipedia.org/wiki/Yuki_Tsunoda,Yuki,Tsunoda,2000-05-11,Japanese,rb,https://en.wikipedia.org/wiki/Racing_Bulls,RB F1 Team,Italian,,,20.0,4.0,0 days 00:01:26.198000,kph,241.94,2024,16
81,1,1,25.0,2,51,Finished,piastri,81,PIA,http://en.wikipedia.org/wiki/Oscar_Piastri,Oscar,Piastri,2001-04-06,Australian,mclaren,https://en.wikipedia.org/wiki/McLaren,McLaren,British,5578007.0,0 days 01:32:58.007000,9.0,47.0,0 days 00:01:47.060000,kph,201.856,2024,17
16,2,2,18.0,1,51,Finished,leclerc,16,LEC,http://en.wikipedia.org/wiki/Charles_Leclerc,Charles,Leclerc,1997-10-16,Monegasque,ferrari,https://en.wikipedia.org/wiki/Scuderia_Ferrari,Ferrari,Italian,5588917.0,0 days 00:00:10.910000,10.0,44.0,0 days 00:01:47.067000,kph,201.843,2024,17
63,3,3,15.0,5,51,Finished,russell,63,RUS,http://en.wikipedia.org/wiki/George_Russell_(racing_driver),George,Russell,1998-02-15,British,mercedes,https://en.wikipedia.org/wiki/Mercedes-Benz_in_Formula_One,Mercedes,German,5609335.0,0 days 00:00:31.328000,2.0,45.0,0 days 00:01:46.628000,kph,202.674,2024,17
4,4,4,13.0,15,51,Finished,norris,1,NOR,http://en.wikipedia.org/wiki/Lando_Norris,Lando,Norris,1999-11-13,British,mclaren,https://en.wikipedia.org/wiki/McLaren,McLaren,British,5614150.0,0 days 00:00:36.143000,1.0,42.0,0 days 00:01:45.255000,kph,205.318,2024,17
1,5,5,10.0,6,51,Finished,max_verstappen,3,VER,http://en.wikipedia.org/wiki/Max_Verstappen,Max,Verstappen,1997-09-30,Dutch,red_bull,https://en.wikipedia.org/wiki/Red_Bull_Racing,Red Bull,Austrian,5655105.0,0 days 00:01:17.098000,3.0,42.0,0 days 00:01:46.798000,kph,202.352,2024,17
14,6,6,8.0,7,51,Finished,alonso,14,ALO,http://en.wikipedia.org/wiki/Fernando_Alonso,Fernando,Alonso,1981-07-29,Spanish,aston_martin,https://en.wikipedia.org/wiki/Aston_Martin_in_Formula_One,Aston Martin,British,5663475.0,0 days 00:01:25.468000,8.0,48.0,0 days 00:01:47.057000,kph,201.862,2024,17
23,7,7,6.0,9,51,Finished,albon,23,ALB,http://en.wikipedia.org/wiki/Alexander_Albon,Alexander,Albon,1996-03-23,Thai,williams,https://en.wikipedia.org/wiki/Williams_Racing,Williams,British,5665403.0,0 days 00:01:27.396000,5.0,43.0,0 days 00:01:46.947000,kph,202.07,2024,17
43,8,8,4.0,8,51,Finished,colapinto,43,COL,http://en.wikipedia.org/wiki/Franco_Colapinto,Franco,Colapinto,2003-05-27,Argentine,williams,https://en.wikipedia.org/wiki/Williams_Racing,Williams,British,5667548.0,0 days 00:01:29.541000,12.0,44.0,0 days 00:01:47.274000,kph,201.454,2024,17
44,9,9,2.0,19,51,Finished,hamilton,44,HAM,http://en.wikipedia.org/wiki/Lewis_Hamilton,Lewis,Hamilton,1985-01-07,British,mercedes,https://en.wikipedia.org/wiki/Mercedes-Benz_in_Formula_One,Mercedes,German,5670408.0,0 days 00:01:32.401000,11.0,48.0,0 days 00:01:47.236000,kph,201.525,2024,17
50,10,10,1.0,10,51,Finished,bearman,87,BEA,http://en.wikipedia.org/wiki/Oliver_Bearman,Oliver,Bearman,2005-05-08,British,haas,https://en.wikipedia.org/wiki/Haas_F1_Team,Haas F1 Team,American,5671134.0,0 days 00:01:33.127000,7.0,47.0,0 days 00:01:47.048000,kph,201.879,2024,17
27,11,11,0.0,12,51,Finished,hulkenberg,27,HUL,http://en.wikipedia.org/wiki/Nico_H%C3%BClkenberg,Nico,Hülkenberg,1987-08-19,German,haas,https://en.wikipedia.org/wiki/Haas_F1_Team,Haas F1 Team,American,5671472.0,0 days 00:01:33.465000,14.0,42.0,0 days 00:01:47.691000,kph,200.674,2024,17
10,12,12,0.0,18,51,Finished,gasly,10,GAS,http://en.wikipedia.org/wiki/Pierre_Gasly,Pierre,Gasly,1996-02-07,French,alpine,https://en.wikipedia.org/wiki/Alpine_F1_Team,Alpine F1 Team,French,5695196.0,0 days 00:01:57.189000,15.0,47.0,0 days 00:01:48.018000,kph,200.066,2024,17
3,13,13,0.0,14,51,Finished,ricciardo,3,RIC,http://en.wikipedia.org/wiki/Daniel_Ricciardo,Daniel,Ricciardo,1989-07-01,Australian,rb,https://en.wikipedia.org/wiki/Racing_Bulls,RB F1 Team,Italian,5724914.0,0 days 00:02:26.907000,17.0,39.0,0 days 00:01:48.380000,kph,199.398,2024,17
24,14,14,0.0,17,51,Finished,zhou,24,ZHO,http://en.wikipedia.org/wiki/Zhou_Guanyu,Guanyu,Zhou,1999-05-30,Chinese,sauber,https://en.wikipedia.org/wiki/Sauber_Motorsport,Sauber,Swiss,5726848.0,0 days 00:02:28.841000,13.0,43.0,0 days 00:01:47.644000,kph,200.761,2024,17
31,15,15,0.0,20,50,Lapped,ocon,31,OCO,http://en.wikipedia.org/wiki/Esteban_Ocon,Esteban,Ocon,1996-09-17,French,alpine,https://en.wikipedia.org/wiki/Alpine_F1_Team,Alpine F1 Team,French,5599351.0,0 days 00:00:21.344000,19.0,35.0,0 days 00:01:48.831000,kph,198.572,2024,17
77,16,16,0.0,16,50,Lapped,bottas,77,BOT,http://en.wikipedia.org/wiki/Valtteri_Bottas,Valtteri,Bottas,1989-08-28,Finnish,sauber,https://en.wikipedia.org/wiki/Sauber_Motorsport,Sauber,Swiss,5603402.0,0 days 00:00:25.395000,18.0,41.0,0 days 00:01:48.418000,kph,199.328,2024,17
11,17,17,0.0,4,49,Retired,perez,11,PER,http://en.wikipedia.org/wiki/Sergio_P%C3%A9rez,Sergio,Pérez,1990-01-26,Mexican,red_bull,https://en.wikipedia.org/wiki/Red_Bull_Racing,Red Bull,Austrian,5321198.0,,6.0,46.0,0 days 00:01:47.013000,kph,201.945,2024,17
55,18,18,0.0,3,49,Retired,sainz,55,SAI,http://en.wikipedia.org/wiki/Carlos_Sainz_Jr.,Carlos,Sainz,1994-09-01,Spanish,ferrari,https://en.wikipedia.org/wiki/Scuderia_Ferrari,Ferrari,Italian,5321768.0,,4.0,46.0,0 days 00:01:46.866000,kph,202.223,2024,17
18,19,19,0.0,13,45,Retired,stroll,18,STR,http://en.wikipedia.org/wiki/Lance_Stroll,Lance,Stroll,1998-10-29,Canadian,aston_martin,https://en.wikipedia.org/wiki/Aston_Martin_in_Formula_One,Aston Martin,British,5001080.0,,16.0,31.0,0 days 00:01:48.148000,kph,199.826,2024,17
22,20,R,0.0,11,14,Retired,tsunoda,22,TSU,http://en.wikipedia.org/wiki/Yuki_Tsunoda,Yuki,Tsunoda,2000-05-11,Japanese,rb,https://en.wikipedia.org/wiki/Racing_Bulls,RB F1 Team,Italian,,,20.0,8.0,0 days 00:01:50.887000,kph,194.89,2024,17
4,1,1,25.0,1,62,Finished,norris,1,NOR,http://en.wikipedia.org/wiki/Lando_Norris,Lando,Norris,1999-11-13,British,mclaren,https://en.wikipedia.org/wiki/McLaren,McLaren,British,6052571.0,0 days 01:40:52.571000,2.0,48.0,0 days 00:01:34.925000,kph,187.347,2024,18
1,2,2,18.0,2,62,Finished,max_verstappen,3,VER,http://en.wikipedia.org/wiki/Max_Verstappen,Max,Verstappen,1997-09-30,Dutch,red_bull,https://en.wikipedia.org/wiki/Red_Bull_Racing,Red Bull,Austrian,6073516.0,0 days 00:00:20.945000,5.0,59.0,0 days 00:01:35.967000,kph,185.313,2024,18
81,3,3,15.0,5,62,Finished,piastri,81,PIA,http://en.wikipedia.org/wiki/Oscar_Piastri,Oscar,Piastri,2001-04-06,Australian,mclaren,https://en.wikipedia.org/wiki/McLaren,McLaren,British,6094394.0,0 days 00:00:41.823000,4.0,48.0,0 days 00:01:35.745000,kph,185.743,2024,18
63,4,4,12.0,4,62,Finished,russell,63,RUS,http://en.wikipedia.org/wiki/George_Russell_(racing_driver),George,Russell,1998-02-15,British,mercedes,https://en.wikipedia.org/wiki/Mercedes-Benz_in_Formula_One,Mercedes,German,6113611.0,0 days 00:01:01.040000,10.0,30.0,0 days 00:01:37.047000,kph,183.251,2024,18
16,5,5,10.0,9,62,Finished,leclerc,16,LEC,http://en.wikipedia.org/wiki/Charles_Leclerc,Charles,Leclerc,1997-10-16,Monegasque,ferrari,https://en.wikipedia.org/wiki/Scuderia_Ferrari,Ferrari,Italian,6115001.0,0 days 00:01:02.430000,3.0,46.0,0 days 00:01:35.371000,kph,186.471,2024,18
44,6,6,8.0,3,62,Finished,hamilton,44,HAM,http://en.wikipedia.org/wiki/Lewis_Hamilton,Lewis,Hamilton,1985-01-07,British,mercedes,https://en.wikipedia.org/wiki/Mercedes-Benz_in_Formula_One,Mercedes,German,6137819.0,0 days 00:01:25.248000,12.0,43.0,0 days 00:01:37.393000,kph,182.6,2024,18
55,7,7,6.0,10,62,Finished,sainz,55,SAI,http://en.wikipedia.org/wiki/Carlos_Sainz_Jr.,Carlos,Sainz,1994-09-01,Spanish,ferrari,https://en.wikipedia.org/wiki/Scuderia_Ferrari,Ferrari,Italian,6148610.0,0 days 00:01:36.039000,7.0,15.0,0 days 00:01:36.561000,kph,184.173,2024,18
14,8,8,4.0,7,61,Lapped,alonso,14,ALO,http://en.wikipedia.org/wiki/Fernando_Alonso,Fernando,Alonso,1981-07-29,Spanish,aston_martin,https://en.wikipedia.org/wiki/Aston_Martin_in_Formula_One,Aston Martin,British,6053444.0,0 days 00:00:00.873000,18.0,54.0,0 days 00:01:37.741000,kph,181.95,2024,18
27,9,9,2.0,6,61,Lapped,hulkenberg,27,HUL,http://en.wikipedia.org/wiki/Nico_H%C3%BClkenberg,Nico,Hülkenberg,1987-08-19,German,haas,https://en.wikipedia.org/wiki/Haas_F1_Team,Haas F1 Team,American,6055711.0,0 days 00:00:03.140000,15.0,35.0,0 days 00:01:37.470000,kph,182.456,2024,18
11,10,10,1.0,13,61,Lapped,perez,11,PER,http://en.wikipedia.org/wiki/Sergio_P%C3%A9rez,Sergio,Pérez,1990-01-26,Mexican,red_bull,https://en.wikipedia.org/wiki/Red_Bull_Racing,Red Bull,Austrian,6057195.0,0 days 00:00:04.624000,16.0,33.0,0 days 00:01:37.477000,kph,182.443,2024,18
43,11,11,0.0,12,61,Lapped,colapinto,43,COL,http://en.wikipedia.org/wiki/Franco_Colapinto,Franco,Colapinto,2003-05-27,Argentine,williams,https://en.wikipedia.org/wiki/Williams_Racing,Williams,British,6058855.0,0 days 00:00:06.284000,11.0,35.0,0 days 00:01:37.262000,kph,182.846,2024,18
22,12,12,0.0,8,61,Lapped,tsunoda,22,TSU,http://en.wikipedia.org/wiki/Yuki_Tsunoda,Yuki,Tsunoda,2000-05-11,Japanese,rb,https://en.wikipedia.org/wiki/Racing_Bulls,RB F1 Team,Italian,6061363.0,0 days 00:00:08.792000,6.0,53.0,0 days 00:01:36.393000,kph,184.494,2024,18
31,13,13,0.0,15,61,Lapped,ocon,31,OCO,http://en.wikipedia.org/wiki/Esteban_Ocon,Esteban,Ocon,1996-09-17,French,alpine,https://en.wikipedia.org/wiki/Alpine_F1_Team,Alpine F1 Team,French,6096576.0,0 days 00:00:44.005000,20.0,48.0,0 days 00:01:37.964000,kph,181.536,2024,18
18,14,14,0.0,17,61,Lapped,stroll,18,STR,http://en.wikipedia.org/wiki/Lance_Stroll,Lance,Stroll,1998-10-29,Canadian,aston_martin,https://en.wikipedia.org/wiki/Aston_Martin_in_Formula_One,Aston Martin,British,6100142.0,0 days 00:00:47.571000,19.0,36.0,0 days 00:01:37.851000,kph,181.745,2024,18
24,15,15,0.0,20,61,Lapped,zhou,24,ZHO,http://en.wikipedia.org/wiki/Zhou_Guanyu,Guanyu,Zhou,1999-05-30,Chinese,sauber,https://en.wikipedia.org/wiki/Sauber_Motorsport,Sauber,Swiss,6109791.0,0 days 00:00:57.220000,14.0,47.0,0 days 00:01:37.461000,kph,182.472,2024,18
77,16,16,0.0,19,61,Lapped,bottas,77,BOT,http://en.wikipedia.org/wiki/Valtteri_Bottas,Valtteri,Bottas,1989-08-28,Finnish,sauber,https://en.wikipedia.org/wiki/Sauber_Motorsport,Sauber,Swiss,6110400.0,0 days 00:00:57.829000,17.0,46.0,0 days 00:01:37.524000,kph,182.355,2024,18
10,17,17,0.0,18,61,Lapped,gasly,10,GAS,http://en.wikipedia.org/wiki/Pierre_Gasly,Pierre,Gasly,1996-02-07,French,alpine,https://en.wikipedia.org/wiki/Alpine_F1_Team,Alpine F1 Team,French,6111630.0,0 days 00:00:59.059000,9.0,46.0,0 days 00:01:36.927000,kph,183.478,2024,18
3,18,18,0.0,16,61,Lapped,ricciardo,3,RIC,http://en.wikipedia.org/wiki/Daniel_Ricciardo,Daniel,Ricciardo,1989-07-01,Australian,rb,https://en.wikipedia.org/wiki/Racing_Bulls,RB F1 Team,Italian,6142367.0,0 days 00:01:29.796000,1.0,60.0,0 days 00:01:34.486000,kph,188.218,2024,18
20,19,19,0.0,14,57,Retired,kevin_magnussen,20,MAG,http://en.wikipedia.org/wiki/Kevin_Magnussen,Kevin,Magnussen,1992-10-05,Danish,haas,https://en.wikipedia.org/wiki/Haas_F1_Team,Haas F1 Team,American,5811906.0,,13.0,52.0,0 days 00:01:37.425000,kph,182.54,2024,18
23,20,R,0.0,11,15,Retired,albon,23,ALB,http://en.wikipedia.org/wiki/Alexander_Albon,Alexander,Albon,1996-03-23,Thai,williams,https://en.wikipedia.org/wiki/Williams_Racing,Williams,British,,,8.0,13.0,0 days 00:01:36.888000,kph,183.552,2024,18
16,1,1,25.0,4,56,Finished,leclerc,16,LEC,http://en.wikipedia.org/wiki/Charles_Leclerc,Charles,Leclerc,1997-10-16,Monegasque,ferrari,https://en.wikipedia.org/wiki/Scuderia_Ferrari,Ferrari,Italian,5709639.0,0 days 01:35:09.639000,6.0,39.0,0 days 00:01:37.834000,kph,202.861,2024,19
55,2,2,18.0,3,56,Finished,sainz,55,SAI,http://en.wikipedia.org/wiki/Carlos_Sainz_Jr.,Carlos,Sainz,1994-09-01,Spanish,ferrari,https://en.wikipedia.org/wiki/Scuderia_Ferrari,Ferrari,Italian,5718201.0,0 days 00:00:08.562000,5.0,42.0,0 days 00:01:37.763000,kph,203.009,2024,19
1,3,3,15.0,2,56,Finished,max_verstappen,3,VER,http://en.wikipedia.org/wiki/Max_Verstappen,Max,Verstappen,1997-09-30,Dutch,red_bull,https://en.wikipedia.org/wiki/Red_Bull_Racing,Red Bull,Austrian,5729051.0,0 days 00:00:19.412000,9.0,42.0,0 days 00:01:38.117000,kph,202.276,2024,19
4,4,4,12.0,1,56,Finished,norris,1,NOR,http://en.wikipedia.org/wiki/Lando_Norris,Lando,Norris,1999-11-13,British,mclaren,https://en.wikipedia.org/wiki/McLaren,McLaren,British,5729993.0,0 days 00:00:20.354000,4.0,55.0,0 days 00:01:37.679000,kph,203.183,2024,19
81,5,5,10.0,5,56,Finished,piastri,81,PIA,http://en.wikipedia.org/wiki/Oscar_Piastri,Oscar,Piastri,2001-04-06,Australian,mclaren,https://en.wikipedia.org/wiki/McLaren,McLaren,British,5731560.0,0 days 00:00:21.921000,7.0,42.0,0 days 00:01:37.883000,kph,202.76,2024,19
63,6,6,8.0,20,56,Finished,russell,63,RUS,http://en.wikipedia.org/wiki/George_Russell_(racing_driver),George,Russell,1998-02-15,British,mercedes,https://en.wikipedia.org/wiki/Mercedes-Benz_in_Formula_One,Mercedes,German,5765934.0,0 days 00:00:56.295000,3.0,42.0,0 days 00:01:37.656000,kph,203.231,2024,19
11,7,7,6.0,9,56,Finished,perez,11,PER,http://en.wikipedia.org/wiki/Sergio_P%C3%A9rez,Sergio,Pérez,1990-01-26,Mexican,red_bull,https://en.wikipedia.org/wiki/Red_Bull_Racing,Red Bull,Austrian,5768711.0,0 days 00:00:59.072000,13.0,45.0,0 days 00:01:38.514000,kph,201.461,2024,19
27,8,8,4.0,11,56,Finished,hulkenberg,27,HUL,http://en.wikipedia.org/wiki/Nico_H%C3%BClkenberg,Nico,Hülkenberg,1987-08-19,German,haas,https://en.wikipedia.org/wiki/Haas_F1_Team,Haas F1 Team,American,5772596.0,0 days 00:01:02.957000,12.0,51.0,0 days 00:01:38.404000,kph,201.686,2024,19
30,9,9,2.0,19,56,Finished,lawson,30,LAW,http://en.wikipedia.org/wiki/Liam_Lawson,Liam,Lawson,2002-02-11,New Zealander,rb,https://en.wikipedia.org/wiki/Racing_Bulls,RB F1 Team,Italian,5780202.0,0 days 00:01:10.563000,8.0,54.0,0 days 00:01:38.091000,kph,202.33,2024,19
43,10,10,1.0,15,56,Finished,colapinto,43,COL,http://en.wikipedia.org/wiki/Franco_Colapinto,Franco,Colapinto,2003-05-27,Argentine,williams,https://en.wikipedia.org/wiki/Williams_Racing,Williams,British,5781618.0,0 days 00:01:11.979000,2.0,46.0,0 days 00:01:37.611000,kph,203.325,2024,19
20,11,11,0.0,8,56,Finished,kevin_magnussen,20,MAG,http://en.wikipedia.org/wiki/Kevin_Magnussen,Kevin,Magnussen,1992-10-05,Danish,haas,https://en.wikipedia.org/wiki/Haas_F1_Team,Haas F1 Team,American,5789421.0,0 days 00:01:19.782000,10.0,56.0,0 days 00:01:38.210000,kph,202.085,2024,19
10,12,12,0.0,6,56,Finished,gasly,10,GAS,http://en.wikipedia.org/wiki/Pierre_Gasly,Pierre,Gasly,1996-02-07,French,alpine,https://en.wikipedia.org/wiki/Alpine_F1_Team,Alpine F1 Team,French,5800197.0,0 days 00:01:30.558000,11.0,55.0,0 days 00:01:38.311000,kph,201.877,2024,19
14,13,13,0.0,7,55,Lapped,alonso,14,ALO,http://en.wikipedia.org/wiki/Fernando_Alonso,Fernando,Alonso,1981-07-29,Spanish,aston_martin,https://en.wikipedia.org/wiki/Aston_Martin_in_Formula_One,Aston Martin,British,5711365.0,0 days 00:00:01.726000,17.0,52.0,0 days 00:01:39.261000,kph,199.945,2024,19
22,14,14,0.0,10,55,Lapped,tsunoda,22,TSU,http://en.wikipedia.org/wiki/Yuki_Tsunoda,Yuki,Tsunoda,2000-05-11,Japanese,rb,https://en.wikipedia.org/wiki/Racing_Bulls,RB F1 Team,Italian,5717851.0,0 days 00:00:08.212000,15.0,54.0,0 days 00:01:39.193000,kph,200.082,2024,19
18,15,15,0.0,13,55,Lapped,stroll,18,STR,http://en.wikipedia.org/wiki/Lance_Stroll,Lance,Stroll,1998-10-29,Canadian,aston_martin,https://en.wikipedia.org/wiki/Aston_Martin_in_Formula_One,Aston Martin,British,5726622.0,0 days 00:00:16.983000,16.0,54.0,0 days 00:01:39.214000,kph,200.04,2024,19
23,16,16,0.0,14,55,Lapped,albon,23,ALB,http://en.wikipedia.org/wiki/Alexander_Albon,Alexander,Albon,1996-03-23,Thai,williams,https://en.wikipedia.org/wiki/Williams_Racing,Williams,British,5727731.0,0 days 00:00:18.092000,14.0,54.0,0 days 00:01:39.084000,kph,200.302,2024,19
77,17,17,0.0,16,55,Lapped,bottas,77,BOT,http://en.wikipedia.org/wiki/Valtteri_Bottas,Valtteri,Bottas,1989-08-28,Finnish,sauber,https://en.wikipedia.org/wiki/Sauber_Motorsport,Sauber,Swiss,5743972.0,0 days 00:00:34.333000,19.0,53.0,0 days 00:01:40.575000,kph,197.333,2024,19
31,18,18,0.0,12,55,Lapped,ocon,31,OCO,http://en.wikipedia.org/wiki/Esteban_Ocon,Esteban,Ocon,1996-09-17,French,alpine,https://en.wikipedia.org/wiki/Alpine_F1_Team,Alpine F1 Team,French,5751751.0,0 days 00:00:42.112000,1.0,53.0,0 days 00:01:37.330000,kph,203.912,2024,19
24,19,19,0.0,18,55,Lapped,zhou,24,ZHO,http://en.wikipedia.org/wiki/Zhou_Guanyu,Guanyu,Zhou,1999-05-30,Chinese,sauber,https://en.wikipedia.org/wiki/Sauber_Motorsport,Sauber,Swiss,5758879.0,0 days 00:00:49.240000,18.0,53.0,0 days 00:01:39.272000,kph,199.923,2024,19
44,20,R,0.0,17,1,Retired,hamilton,44,HAM,http://en.wikipedia.org/wiki/Lewis_Hamilton,Lewis,Hamilton,1985-01-07,British,mercedes,https://en.wikipedia.org/wiki/Mercedes-Benz_in_Formula_One,Mercedes,German,,,,,,,,2024,19
55,1,1,25.0,1,71,Finished,sainz,55,SAI,http://en.wikipedia.org/wiki/Carlos_Sainz_Jr.,Carlos,Sainz,1994-09-01,Spanish,ferrari,https://en.wikipedia.org/wiki/Scuderia_Ferrari,Ferrari,Italian,6055800.0,0 days 01:40:55.800000,7.0,62.0,0 days 00:01:20.137000,kph,193.348,2024,20
4,2,2,18.0,3,71,Finished,norris,1,NOR,http://en.wikipedia.org/wiki/Lando_Norris,Lando,Norris,1999-11-13,British,mclaren,https://en.wikipedia.org/wiki/McLaren,McLaren,British,6060505.0,0 days 00:00:04.705000,4.0,68.0,0 days 00:01:19.691000,kph,194.43,2024,20
16,3,3,16.0,4,71,Finished,leclerc,16,LEC,http://en.wikipedia.org/wiki/Charles_Leclerc,Charles,Leclerc,1997-10-16,Monegasque,ferrari,https://en.wikipedia.org/wiki/Scuderia_Ferrari,Ferrari,Italian,6090187.0,0 days 00:00:34.387000,1.0,71.0,0 days 00:01:18.336000,kph,197.794,2024,20
44,4,4,12.0,6,71,Finished,hamilton,44,HAM,http://en.wikipedia.org/wiki/Lewis_Hamilton,Lewis,Hamilton,1985-01-07,British,mercedes,https://en.wikipedia.org/wiki/Mercedes-Benz_in_Formula_One,Mercedes,German,6100580.0,0 days 00:00:44.780000,8.0,31.0,0 days 00:01:20.371000,kph,192.785,2024,20
63,5,5,10.0,5,71,Finished,russell,63,RUS,http://en.wikipedia.org/wiki/George_Russell_(racing_driver),George,Russell,1998-02-15,British,mercedes,https://en.wikipedia.org/wiki/Mercedes-Benz_in_Formula_One,Mercedes,German,6104336.0,0 days 00:00:48.536000,11.0,63.0,0 days 00:01:20.731000,kph,191.926,2024,20
1,6,6,8.0,2,71,Finished,max_verstappen,3,VER,http://en.wikipedia.org/wiki/Max_Verstappen,Max,Verstappen,1997-09-30,Dutch,red_bull,https://en.wikipedia.org/wiki/Red_Bull_Racing,Red Bull,Austrian,6115358.0,0 days 00:00:59.558000,13.0,53.0,0 days 00:01:20.872000,kph,191.591,2024,20
20,7,7,6.0,7,71,Finished,kevin_magnussen,20,MAG,http://en.wikipedia.org/wiki/Kevin_Magnussen,Kevin,Magnussen,1992-10-05,Danish,haas,https://en.wikipedia.org/wiki/Haas_F1_Team,Haas F1 Team,American,6119442.0,0 days 00:01:03.642000,9.0,61.0,0 days 00:01:20.637000,kph,192.15,2024,20
81,8,8,4.0,17,71,Finished,piastri,81,PIA,http://en.wikipedia.org/wiki/Oscar_Piastri,Oscar,Piastri,2001-04-06,Australian,mclaren,https://en.wikipedia.org/wiki/McLaren,McLaren,British,6120728.0,0 days 00:01:04.928000,5.0,65.0,0 days 00:01:20.064000,kph,193.525,2024,20
27,9,9,2.0,10,70,Lapped,hulkenberg,27,HUL,http://en.wikipedia.org/wiki/Nico_H%C3%BClkenberg,Nico,Hülkenberg,1987-08-19,German,haas,https://en.wikipedia.org/wiki/Haas_F1_Team,Haas F1 Team,American,6058520.0,0 days 00:00:02.720000,12.0,69.0,0 days 00:01:20.748000,kph,191.885,2024,20
10,10,10,1.0,8,70,Lapped,gasly,10,GAS,http://en.wikipedia.org/wiki/Pierre_Gasly,Pierre,Gasly,1996-02-07,French,alpine,https://en.wikipedia.org/wiki/Alpine_F1_Team,Alpine F1 Team,French,6074387.0,0 days 00:00:18.587000,15.0,67.0,0 days 00:01:21.274000,kph,190.643,2024,20
18,11,11,0.0,14,70,Lapped,stroll,18,STR,http://en.wikipedia.org/wiki/Lance_Stroll,Lance,Stroll,1998-10-29,Canadian,aston_martin,https://en.wikipedia.org/wiki/Aston_Martin_in_Formula_One,Aston Martin,British,6080872.0,0 days 00:00:25.072000,16.0,55.0,0 days 00:01:21.311000,kph,190.557,2024,20
43,12,12,0.0,16,70,Lapped,colapinto,43,COL,http://en.wikipedia.org/wiki/Franco_Colapinto,Franco,Colapinto,2003-05-27,Argentine,williams,https://en.wikipedia.org/wiki/Williams_Racing,Williams,British,6093297.0,0 days 00:00:37.497000,6.0,50.0,0 days 00:01:20.090000,kph,193.462,2024,20
31,13,13,0.0,0,70,Lapped,ocon,31,OCO,http://en.wikipedia.org/wiki/Esteban_Ocon,Esteban,Ocon,1996-09-17,French,alpine,https://en.wikipedia.org/wiki/Alpine_F1_Team,Alpine F1 Team,French,6095463.0,0 days 00:00:39.663000,10.0,70.0,0 days 00:01:20.659000,kph,192.097,2024,20
77,14,14,0.0,15,70,Lapped,bottas,77,BOT,http://en.wikipedia.org/wiki/Valtteri_Bottas,Valtteri,Bottas,1989-08-28,Finnish,sauber,https://en.wikipedia.org/wiki/Sauber_Motorsport,Sauber,Swiss,6098027.0,0 days 00:00:42.227000,14.0,57.0,0 days 00:01:21.085000,kph,191.088,2024,20
24,15,15,0.0,19,70,Lapped,zhou,24,ZHO,http://en.wikipedia.org/wiki/Zhou_Guanyu,Guanyu,Zhou,1999-05-30,Chinese,sauber,https://en.wikipedia.org/wiki/Sauber_Motorsport,Sauber,Swiss,6117522.0,0 days 00:01:01.722000,17.0,56.0,0 days 00:01:21.553000,kph,189.991,2024,20
30,16,16,0.0,12,70,Lapped,lawson,30,LAW,http://en.wikipedia.org/wiki/Liam_Lawson,Liam,Lawson,2002-02-11,New Zealander,rb,https://en.wikipedia.org/wiki/Racing_Bulls,RB F1 Team,Italian,6120266.0,0 days 00:01:04.466000,3.0,67.0,0 days 00:01:19.502000,kph,194.893,2024,20
11,17,17,0.0,18,70,Lapped,perez,11,PER,http://en.wikipedia.org/wiki/Sergio_P%C3%A9rez,Sergio,Pérez,1990-01-26,Mexican,red_bull,https://en.wikipedia.org/wiki/Red_Bull_Racing,Red Bull,Austrian,6129084.0,0 days 00:01:13.284000,2.0,70.0,0 days 00:01:19.209000,kph,195.614,2024,20
14,18,R,0.0,13,15,Retired,alonso,14,ALO,http://en.wikipedia.org/wiki/Fernando_Alonso,Fernando,Alonso,1981-07-29,Spanish,aston_martin,https://en.wikipedia.org/wiki/Aston_Martin_in_Formula_One,Aston Martin,British,,,18.0,7.0,0 days 00:01:22.722000,kph,187.306,2024,20
23,19,R,0.0,9,0,Retired,albon,23,ALB,http://en.wikipedia.org/wiki/Alexander_Albon,Alexander,Albon,1996-03-23,Thai,williams,https://en.wikipedia.org/wiki/Williams_Racing,Williams,British,,,,,,,,2024,20
22,20,R,0.0,11,0,Retired,tsunoda,22,TSU,http://en.wikipedia.org/wiki/Yuki_Tsunoda,Yuki,Tsunoda,2000-05-11,Japanese,rb,https://en.wikipedia.org/wiki/Racing_Bulls,RB F1 Team,Italian,,,,,,,,2024,20
1,1,1,26.0,17,69,Finished,max_verstappen,3,VER,http://en.wikipedia.org/wiki/Max_Verstappen,Max,Verstappen,1997-09-30,Dutch,red_bull,https://en.wikipedia.org/wiki/Red_Bull_Racing,Red Bull,Austrian,7614430.0,0 days 02:06:54.430000,1.0,67.0,0 days 00:01:20.472000,kph,192.767,2024,21
31,2,2,18.0,4,69,Finished,ocon,31,OCO,http://en.wikipedia.org/wiki/Esteban_Ocon,Esteban,Ocon,1996-09-17,French,alpine,https://en.wikipedia.org/wiki/Alpine_F1_Team,Alpine F1 Team,French,7633907.0,0 days 00:00:19.477000,7.0,64.0,0 days 00:01:21.771000,kph,189.705,2024,21
10,3,3,15.0,13,69,Finished,gasly,10,GAS,http://en.wikipedia.org/wiki/Pierre_Gasly,Pierre,Gasly,1996-02-07,French,alpine,https://en.wikipedia.org/wiki/Alpine_F1_Team,Alpine F1 Team,French,7636962.0,0 days 00:00:22.532000,5.0,66.0,0 days 00:01:21.645000,kph,189.998,2024,21
63,4,4,12.0,2,69,Finished,russell,63,RUS,http://en.wikipedia.org/wiki/George_Russell_(racing_driver),George,Russell,1998-02-15,British,mercedes,https://en.wikipedia.org/wiki/Mercedes-Benz_in_Formula_One,Mercedes,German,7637695.0,0 days 00:00:23.265000,6.0,66.0,0 days 00:01:21.645000,kph,189.998,2024,21
16,5,5,10.0,6,69,Finished,leclerc,16,LEC,http://en.wikipedia.org/wiki/Charles_Leclerc,Charles,Leclerc,1997-10-16,Monegasque,ferrari,https://en.wikipedia.org/wiki/Scuderia_Ferrari,Ferrari,Italian,7644607.0,0 days 00:00:30.177000,4.0,60.0,0 days 00:01:21.631000,kph,190.03,2024,21
4,6,6,8.0,1,69,Finished,norris,1,NOR,http://en.wikipedia.org/wiki/Lando_Norris,Lando,Norris,1999-11-13,British,mclaren,https://en.wikipedia.org/wiki/McLaren,McLaren,British,7645802.0,0 days 00:00:31.372000,2.0,67.0,0 days 00:01:21.517000,kph,190.296,2024,21
22,7,7,6.0,3,69,Finished,tsunoda,22,TSU,http://en.wikipedia.org/wiki/Yuki_Tsunoda,Yuki,Tsunoda,2000-05-11,Japanese,rb,https://en.wikipedia.org/wiki/Racing_Bulls,RB F1 Team,Italian,7656486.0,0 days 00:00:42.056000,8.0,69.0,0 days 00:01:21.828000,kph,189.573,2024,21
81,8,8,4.0,8,69,Finished,piastri,81,PIA,http://en.wikipedia.org/wiki/Oscar_Piastri,Oscar,Piastri,2001-04-06,Australian,mclaren,https://en.wikipedia.org/wiki/McLaren,McLaren,British,7659373.0,0 days 00:00:44.943000,3.0,69.0,0 days 00:01:21.532000,kph,190.261,2024,21
30,9,9,2.0,5,69,Finished,lawson,30,LAW,http://en.wikipedia.org/wiki/Liam_Lawson,Liam,Lawson,2002-02-11,New Zealander,rb,https://en.wikipedia.org/wiki/Racing_Bulls,RB F1 Team,Italian,7664882.0,0 days 00:00:50.452000,10.0,67.0,0 days 00:01:22.123000,kph,188.892,2024,21
44,10,10,1.0,14,69,Finished,hamilton,44,HAM,http://en.wikipedia.org/wiki/Lewis_Hamilton,Lewis,Hamilton,1985-01-07,British,mercedes,https://en.wikipedia.org/wiki/Mercedes-Benz_in_Formula_One,Mercedes,German,7665183.0,0 days 00:00:50.753000,9.0,69.0,0 days 00:01:22.041000,kph,189.081,2024,21
11,11,11,0.0,12,69,Finished,perez,11,PER,http://en.wikipedia.org/wiki/Sergio_P%C3%A9rez,Sergio,Pérez,1990-01-26,Mexican,red_bull,https://en.wikipedia.org/wiki/Red_Bull_Racing,Red Bull,Austrian,7665961.0,0 days 00:00:51.531000,11.0,67.0,0 days 00:01:22.143000,kph,188.846,2024,21
50,12,12,0.0,15,69,Finished,bearman,87,BEA,http://en.wikipedia.org/wiki/Oliver_Bearman,Oliver,Bearman,2005-05-08,British,haas,https://en.wikipedia.org/wiki/Haas_F1_Team,Haas F1 Team,American,7671515.0,0 days 00:00:57.085000,13.0,64.0,0 days 00:01:22.494000,kph,188.042,2024,21
77,13,13,0.0,11,69,Finished,bottas,77,BOT,http://en.wikipedia.org/wiki/Valtteri_Bottas,Valtteri,Bottas,1989-08-28,Finnish,sauber,https://en.wikipedia.org/wiki/Sauber_Motorsport,Sauber,Swiss,7678018.0,0 days 00:01:03.588000,14.0,67.0,0 days 00:01:22.877000,kph,187.173,2024,21
14,14,14,0.0,9,69,Finished,alonso,14,ALO,http://en.wikipedia.org/wiki/Fernando_Alonso,Fernando,Alonso,1981-07-29,Spanish,aston_martin,https://en.wikipedia.org/wiki/Aston_Martin_in_Formula_One,Aston Martin,British,7692479.0,0 days 00:01:18.049000,12.0,59.0,0 days 00:01:22.293000,kph,188.502,2024,21
24,15,15,0.0,19,69,Finished,zhou,24,ZHO,http://en.wikipedia.org/wiki/Zhou_Guanyu,Guanyu,Zhou,1999-05-30,Chinese,sauber,https://en.wikipedia.org/wiki/Sauber_Motorsport,Sauber,Swiss,7694079.0,0 days 00:01:19.649000,15.0,65.0,0 days 00:01:23.058000,kph,186.765,2024,21
55,16,R,0.0,20,38,Retired,sainz,55,SAI,http://en.wikipedia.org/wiki/Carlos_Sainz_Jr.,Carlos,Sainz,1994-09-01,Spanish,ferrari,https://en.wikipedia.org/wiki/Scuderia_Ferrari,Ferrari,Italian,,,16.0,19.0,0 days 00:01:24.201000,kph,184.23,2024,21
43,17,R,0.0,16,30,Retired,colapinto,43,COL,http://en.wikipedia.org/wiki/Franco_Colapinto,Franco,Colapinto,2003-05-27,Argentine,williams,https://en.wikipedia.org/wiki/Williams_Racing,Williams,British,,,17.0,21.0,0 days 00:01:24.296000,kph,184.022,2024,21
23,18,W,0.0,7,0,Did not start,albon,23,ALB,http://en.wikipedia.org/wiki/Alexander_Albon,Alexander,Albon,1996-03-23,Thai,williams,https://en.wikipedia.org/wiki/Williams_Racing,Williams,British,,,,,,,,2024,21
18,19,W,0.0,10,0,Did not start,stroll,18,STR,http://en.wikipedia.org/wiki/Lance_Stroll,Lance,Stroll,1998-10-29,Canadian,aston_martin,https://en.wikipedia.org/wiki/Aston_Martin_in_Formula_One,Aston Martin,British,,,,,,,,2024,21
27,20,D,0.0,18,0,Disqualified,hulkenberg,27,HUL,http://en.wikipedia.org/wiki/Nico_H%C3%BClkenberg,Nico,Hülkenberg,1987-08-19,German,haas,https://en.wikipedia.org/wiki/Haas_F1_Team,Haas F1 Team,American,,,,,,,,2024,21
63,1,1,25.0,1,50,Finished,russell,63,RUS,http://en.wikipedia.org/wiki/George_Russell_(racing_driver),George,Russell,1998-02-15,British,mercedes,https://en.wikipedia.org/wiki/Mercedes-Benz_in_Formula_One,Mercedes,German,4925969.0,0 days 01:22:05.969000,4.0,46.0,0 days 00:01:35.717000,kph,233.225,2024,22
44,2,2,18.0,10,50,Finished,hamilton,44,HAM,http://en.wikipedia.org/wiki/Lewis_Hamilton,Lewis,Hamilton,1985-01-07,British,mercedes,https://en.wikipedia.org/wiki/Mercedes-Benz_in_Formula_One,Mercedes,German,4933282.0,0 days 00:00:07.313000,2.0,41.0,0 days 00:01:35.480000,kph,233.803,2024,22
55,3,3,15.0,2,50,Finished,sainz,55,SAI,http://en.wikipedia.org/wiki/Carlos_Sainz_Jr.,Carlos,Sainz,1994-09-01,Spanish,ferrari,https://en.wikipedia.org/wiki/Scuderia_Ferrari,Ferrari,Italian,4937875.0,0 days 00:00:11.906000,5.0,44.0,0 days 00:01:35.875000,kph,232.84,2024,22
16,4,4,12.0,4,50,Finished,leclerc,16,LEC,http://en.wikipedia.org/wiki/Charles_Leclerc,Charles,Leclerc,1997-10-16,Monegasque,ferrari,https://en.wikipedia.org/wiki/Scuderia_Ferrari,Ferrari,Italian,4940252.0,0 days 00:00:14.283000,3.0,40.0,0 days 00:01:35.674000,kph,233.329,2024,22
1,5,5,10.0,5,50,Finished,max_verstappen,3,VER,http://en.wikipedia.org/wiki/Max_Verstappen,Max,Verstappen,1997-09-30,Dutch,red_bull,https://en.wikipedia.org/wiki/Red_Bull_Racing,Red Bull,Austrian,4942551.0,0 days 00:00:16.582000,6.0,43.0,0 days 00:01:36.248000,kph,231.938,2024,22
4,6,6,9.0,6,50,Finished,norris,1,NOR,http://en.wikipedia.org/wiki/Lando_Norris,Lando,Norris,1999-11-13,British,mclaren,https://en.wikipedia.org/wiki/McLaren,McLaren,British,4969354.0,0 days 00:00:43.385000,1.0,50.0,0 days 00:01:34.876000,kph,235.292,2024,22
81,7,7,6.0,8,50,Finished,piastri,81,PIA,http://en.wikipedia.org/wiki/Oscar_Piastri,Oscar,Piastri,2001-04-06,Australian,mclaren,https://en.wikipedia.org/wiki/McLaren,McLaren,British,4977334.0,0 days 00:00:51.365000,13.0,44.0,0 days 00:01:36.598000,kph,231.097,2024,22
27,8,8,4.0,9,50,Finished,hulkenberg,27,HUL,http://en.wikipedia.org/wiki/Nico_H%C3%BClkenberg,Nico,Hülkenberg,1987-08-19,German,haas,https://en.wikipedia.org/wiki/Haas_F1_Team,Haas F1 Team,American,4985777.0,0 days 00:00:59.808000,12.0,48.0,0 days 00:01:36.585000,kph,231.129,2024,22
22,9,9,2.0,7,50,Finished,tsunoda,22,TSU,http://en.wikipedia.org/wiki/Yuki_Tsunoda,Yuki,Tsunoda,2000-05-11,Japanese,rb,https://en.wikipedia.org/wiki/Racing_Bulls,RB F1 Team,Italian,4988777.0,0 days 00:01:02.808000,16.0,48.0,0 days 00:01:36.957000,kph,230.242,2024,22
11,10,10,1.0,15,50,Finished,perez,11,PER,http://en.wikipedia.org/wiki/Sergio_P%C3%A9rez,Sergio,Pérez,1990-01-26,Mexican,red_bull,https://en.wikipedia.org/wiki/Red_Bull_Racing,Red Bull,Austrian,4989083.0,0 days 00:01:03.114000,8.0,42.0,0 days 00:01:36.326000,kph,231.75,2024,22
14,11,11,0.0,16,50,Finished,alonso,14,ALO,http://en.wikipedia.org/wiki/Fernando_Alonso,Fernando,Alonso,1981-07-29,Spanish,aston_martin,https://en.wikipedia.org/wiki/Aston_Martin_in_Formula_One,Aston Martin,British,4995164.0,0 days 00:01:09.195000,10.0,39.0,0 days 00:01:36.553000,kph,231.205,2024,22
20,12,12,0.0,12,50,Finished,kevin_magnussen,20,MAG,http://en.wikipedia.org/wiki/Kevin_Magnussen,Kevin,Magnussen,1992-10-05,Danish,haas,https://en.wikipedia.org/wiki/Haas_F1_Team,Haas F1 Team,American,4995772.0,0 days 00:01:09.803000,11.0,49.0,0 days 00:01:36.557000,kph,231.196,2024,22
24,13,13,0.0,13,50,Finished,zhou,24,ZHO,http://en.wikipedia.org/wiki/Zhou_Guanyu,Guanyu,Zhou,1999-05-30,Chinese,sauber,https://en.wikipedia.org/wiki/Sauber_Motorsport,Sauber,Swiss,5000054.0,0 days 00:01:14.085000,7.0,46.0,0 days 00:01:36.324000,kph,231.755,2024,22
43,14,14,0.0,20,50,Finished,colapinto,43,COL,http://en.wikipedia.org/wiki/Franco_Colapinto,Franco,Colapinto,2003-05-27,Argentine,williams,https://en.wikipedia.org/wiki/Williams_Racing,Williams,British,5001141.0,0 days 00:01:15.172000,15.0,37.0,0 days 00:01:36.867000,kph,230.456,2024,22
18,15,15,0.0,18,50,Finished,stroll,18,STR,http://en.wikipedia.org/wiki/Lance_Stroll,Lance,Stroll,1998-10-29,Canadian,aston_martin,https://en.wikipedia.org/wiki/Aston_Martin_in_Formula_One,Aston Martin,British,5010071.0,0 days 00:01:24.102000,18.0,43.0,0 days 00:01:37.179000,kph,229.716,2024,22
30,16,16,0.0,14,50,Finished,lawson,30,LAW,http://en.wikipedia.org/wiki/Liam_Lawson,Liam,Lawson,2002-02-11,New Zealander,rb,https://en.wikipedia.org/wiki/Racing_Bulls,RB F1 Team,Italian,5016974.0,0 days 00:01:31.005000,17.0,45.0,0 days 00:01:36.980000,kph,230.187,2024,22
31,17,17,0.0,11,49,Lapped,ocon,31,OCO,http://en.wikipedia.org/wiki/Esteban_Ocon,Esteban,Ocon,1996-09-17,French,alpine,https://en.wikipedia.org/wiki/Alpine_F1_Team,Alpine F1 Team,French,4928029.0,0 days 00:00:02.060000,9.0,47.0,0 days 00:01:36.511000,kph,231.306,2024,22
77,18,18,0.0,19,49,Lapped,bottas,77,BOT,http://en.wikipedia.org/wiki/Valtteri_Bottas,Valtteri,Bottas,1989-08-28,Finnish,sauber,https://en.wikipedia.org/wiki/Sauber_Motorsport,Sauber,Swiss,4937254.0,0 days 00:00:11.285000,14.0,46.0,0 days 00:01:36.601000,kph,231.09,2024,22
23,19,R,0.0,17,25,Retired,albon,23,ALB,http://en.wikipedia.org/wiki/Alexander_Albon,Alexander,Albon,1996-03-23,Thai,williams,https://en.wikipedia.org/wiki/Williams_Racing,Williams,British,,,19.0,21.0,0 days 00:01:38.008000,kph,227.773,2024,22
10,20,R,0.0,3,15,Retired,gasly,10,GAS,http://en.wikipedia.org/wiki/Pierre_Gasly,Pierre,Gasly,1996-02-07,French,alpine,https://en.wikipedia.org/wiki/Alpine_F1_Team,Alpine F1 Team,French,,,20.0,13.0,0 days 00:01:38.314000,kph,227.064,2024,22
1,1,1,25.0,2,57,Finished,max_verstappen,3,VER,http://en.wikipedia.org/wiki/Max_Verstappen,Max,Verstappen,1997-09-30,Dutch,red_bull,https://en.wikipedia.org/wiki/Red_Bull_Racing,Red Bull,Austrian,5465323.0,0 days 01:31:05.323000,2.0,55.0,0 days 00:01:22.905000,kph,235.31,2024,23
16,2,2,18.0,5,57,Finished,leclerc,16,LEC,http://en.wikipedia.org/wiki/Charles_Leclerc,Charles,Leclerc,1997-10-16,Monegasque,ferrari,https://en.wikipedia.org/wiki/Scuderia_Ferrari,Ferrari,Italian,5471354.0,0 days 00:00:06.031000,4.0,53.0,0 days 00:01:23.242000,kph,234.357,2024,23
81,3,3,15.0,4,57,Finished,piastri,81,PIA,http://en.wikipedia.org/wiki/Oscar_Piastri,Oscar,Piastri,2001-04-06,Australian,mclaren,https://en.wikipedia.org/wiki/McLaren,McLaren,British,5472142.0,0 days 00:00:06.819000,3.0,51.0,0 days 00:01:23.218000,kph,234.425,2024,23
63,4,4,12.0,1,57,Finished,russell,63,RUS,http://en.wikipedia.org/wiki/George_Russell_(racing_driver),George,Russell,1998-02-15,British,mercedes,https://en.wikipedia.org/wiki/Mercedes-Benz_in_Formula_One,Mercedes,German,5479427.0,0 days 00:00:14.104000,5.0,50.0,0 days 00:01:23.355000,kph,234.039,2024,23
10,5,5,10.0,11,57,Finished,gasly,10,GAS,http://en.wikipedia.org/wiki/Pierre_Gasly,Pierre,Gasly,1996-02-07,French,alpine,https://en.wikipedia.org/wiki/Alpine_F1_Team,Alpine F1 Team,French,5482105.0,0 days 00:00:16.782000,8.0,56.0,0 days 00:01:23.705000,kph,233.061,2024,23
55,6,6,8.0,7,57,Finished,sainz,55,SAI,http://en.wikipedia.org/wiki/Carlos_Sainz_Jr.,Carlos,Sainz,1994-09-01,Spanish,ferrari,https://en.wikipedia.org/wiki/Scuderia_Ferrari,Ferrari,Italian,5482799.0,0 days 00:00:17.476000,6.0,52.0,0 days 00:01:23.465000,kph,233.731,2024,23
14,7,7,6.0,8,57,Finished,alonso,14,ALO,http://en.wikipedia.org/wiki/Fernando_Alonso,Fernando,Alonso,1981-07-29,Spanish,aston_martin,https://en.wikipedia.org/wiki/Aston_Martin_in_Formula_One,Aston Martin,British,5485190.0,0 days 00:00:19.867000,7.0,57.0,0 days 00:01:23.667000,kph,233.167,2024,23
24,8,8,4.0,12,57,Finished,zhou,24,ZHO,http://en.wikipedia.org/wiki/Zhou_Guanyu,Guanyu,Zhou,1999-05-30,Chinese,sauber,https://en.wikipedia.org/wiki/Sauber_Motorsport,Sauber,Swiss,5490683.0,0 days 00:00:25.360000,10.0,57.0,0 days 00:01:23.889000,kph,232.55,2024,23
20,9,9,2.0,10,57,Finished,kevin_magnussen,20,MAG,http://en.wikipedia.org/wiki/Kevin_Magnussen,Kevin,Magnussen,1992-10-05,Danish,haas,https://en.wikipedia.org/wiki/Haas_F1_Team,Haas F1 Team,American,5497500.0,0 days 00:00:32.177000,11.0,55.0,0 days 00:01:24.259000,kph,231.528,2024,23
4,10,10,2.0,3,57,Finished,norris,1,NOR,http://en.wikipedia.org/wiki/Lando_Norris,Lando,Norris,1999-11-13,British,mclaren,https://en.wikipedia.org/wiki/McLaren,McLaren,British,5501085.0,0 days 00:00:35.762000,1.0,56.0,0 days 00:01:22.384000,kph,236.798,2024,23
77,11,11,0.0,13,57,Finished,bottas,77,BOT,http://en.wikipedia.org/wiki/Valtteri_Bottas,Valtteri,Bottas,1989-08-28,Finnish,sauber,https://en.wikipedia.org/wiki/Sauber_Motorsport,Sauber,Swiss,5515566.0,0 days 00:00:50.243000,13.0,53.0,0 days 00:01:25.533000,kph,228.08,2024,23
44,12,12,0.0,6,57,Finished,hamilton,44,HAM,http://en.wikipedia.org/wiki/Lewis_Hamilton,Lewis,Hamilton,1985-01-07,British,mercedes,https://en.wikipedia.org/wiki/Mercedes-Benz_in_Formula_One,Mercedes,German,5521445.0,0 days 00:00:56.122000,9.0,52.0,0 days 00:01:23.865000,kph,232.616,2024,23
22,13,13,0.0,14,57,Finished,tsunoda,22,TSU,http://en.wikipedia.org/wiki/Yuki_Tsunoda,Yuki,Tsunoda,2000-05-11,Japanese,rb,https://en.wikipedia.org/wiki/Racing_Bulls,RB F1 Team,Italian,5526423.0,0 days 00:01:01.100000,17.0,47.0,0 days 00:01:26.144000,kph,226.462,2024,23
30,14,14,0.0,17,57,Finished,lawson,30,LAW,http://en.wikipedia.org/wiki/Liam_Lawson,Liam,Lawson,2002-02-11,New Zealander,rb,https://en.wikipedia.org/wiki/Racing_Bulls,RB F1 Team,Italian,5527979.0,0 days 00:01:02.656000,16.0,46.0,0 days 00:01:26.076000,kph,226.641,2024,23
23,15,15,0.0,16,56,Lapped,albon,23,ALB,http://en.wikipedia.org/wiki/Alexander_Albon,Alexander,Albon,1996-03-23,Thai,williams,https://en.wikipedia.org/wiki/Williams_Racing,Williams,British,5478292.0,0 days 00:00:12.969000,14.0,47.0,0 days 00:01:25.559000,kph,228.011,2024,23
27,16,R,0.0,18,39,Retired,hulkenberg,27,HUL,http://en.wikipedia.org/wiki/Nico_H%C3%BClkenberg,Nico,Hülkenberg,1987-08-19,German,haas,https://en.wikipedia.org/wiki/Haas_F1_Team,Haas F1 Team,American,,,15.0,33.0,0 days 00:01:25.767000,kph,227.458,2024,23
11,17,R,0.0,9,38,Retired,perez,11,PER,http://en.wikipedia.org/wiki/Sergio_P%C3%A9rez,Sergio,Pérez,1990-01-26,Mexican,red_bull,https://en.wikipedia.org/wiki/Red_Bull_Racing,Red Bull,Austrian,,,12.0,31.0,0 days 00:01:25.288000,kph,228.735,2024,23
18,18,R,0.0,15,8,Retired,stroll,18,STR,http://en.wikipedia.org/wiki/Lance_Stroll,Lance,Stroll,1998-10-29,Canadian,aston_martin,https://en.wikipedia.org/wiki/Aston_Martin_in_Formula_One,Aston Martin,British,,,18.0,6.0,0 days 00:01:30.935000,kph,214.531,2024,23
43,19,R,0.0,19,0,Retired,colapinto,43,COL,http://en.wikipedia.org/wiki/Franco_Colapinto,Franco,Colapinto,2003-05-27,Argentine,williams,https://en.wikipedia.org/wiki/Williams_Racing,Williams,British,,,,,,,,2024,23
31,20,R,0.0,20,0,Retired,ocon,31,OCO,http://en.wikipedia.org/wiki/Esteban_Ocon,Esteban,Ocon,1996-09-17,French,alpine,https://en.wikipedia.org/wiki/Alpine_F1_Team,Alpine F1 Team,French,,,,,,,,2024,23
4,1,1,25.0,1,58,Finished,norris,1,NOR,http://en.wikipedia.org/wiki/Lando_Norris,Lando,Norris,1999-11-13,British,mclaren,https://en.wikipedia.org/wiki/McLaren,McLaren,British,5193291.0,0 days 01:26:33.291000,3.0,52.0,0 days 00:01:27.438000,kph,217.429,2024,24
55,2,2,18.0,3,58,Finished,sainz,55,SAI,http://en.wikipedia.org/wiki/Carlos_Sainz_Jr.,Carlos,Sainz,1994-09-01,Spanish,ferrari,https://en.wikipedia.org/wiki/Scuderia_Ferrari,Ferrari,Italian,5199123.0,0 days 00:00:05.832000,5.0,55.0,0 days 00:01:27.765000,kph,216.619,2024,24
16,3,3,15.0,19,58,Finished,leclerc,16,LEC,http://en.wikipedia.org/wiki/Charles_Leclerc,Charles,Leclerc,1997-10-16,Monegasque,ferrari,https://en.wikipedia.org/wiki/Scuderia_Ferrari,Ferrari,Italian,5225219.0,0 days 00:00:31.928000,9.0,51.0,0 days 00:01:28.018000,kph,215.996,2024,24
44,4,4,12.0,16,58,Finished,hamilton,44,HAM,http://en.wikipedia.org/wiki/Lewis_Hamilton,Lewis,Hamilton,1985-01-07,British,mercedes,https://en.wikipedia.org/wiki/Mercedes-Benz_in_Formula_One,Mercedes,German,5229774.0,0 days 00:00:36.483000,2.0,44.0,0 days 00:01:27.278000,kph,217.828,2024,24
63,5,5,10.0,6,58,Finished,russell,63,RUS,http://en.wikipedia.org/wiki/George_Russell_(racing_driver),George,Russell,1998-02-15,British,mercedes,https://en.wikipedia.org/wiki/Mercedes-Benz_in_Formula_One,Mercedes,German,5230829.0,0 days 00:00:37.538000,10.0,56.0,0 days 00:01:28.195000,kph,215.563,2024,24
1,6,6,8.0,4,58,Finished,max_verstappen,3,VER,http://en.wikipedia.org/wiki/Max_Verstappen,Max,Verstappen,1997-09-30,Dutch,red_bull,https://en.wikipedia.org/wiki/Red_Bull_Racing,Red Bull,Austrian,5243138.0,0 days 00:00:49.847000,6.0,56.0,0 days 00:01:27.765000,kph,216.619,2024,24
10,7,7,6.0,5,58,Finished,gasly,10,GAS,http://en.wikipedia.org/wiki/Pierre_Gasly,Pierre,Gasly,1996-02-07,French,alpine,https://en.wikipedia.org/wiki/Alpine_F1_Team,Alpine F1 Team,French,5265851.0,0 days 00:01:12.560000,16.0,30.0,0 days 00:01:29.251000,kph,213.012,2024,24
27,8,8,4.0,7,58,Finished,hulkenberg,27,HUL,http://en.wikipedia.org/wiki/Nico_H%C3%BClkenberg,Nico,Hülkenberg,1987-08-19,German,haas,https://en.wikipedia.org/wiki/Haas_F1_Team,Haas F1 Team,American,5268845.0,0 days 00:01:15.554000,14.0,17.0,0 days 00:01:29.152000,kph,213.249,2024,24
14,9,9,2.0,8,58,Finished,alonso,14,ALO,http://en.wikipedia.org/wiki/Fernando_Alonso,Fernando,Alonso,1981-07-29,Spanish,aston_martin,https://en.wikipedia.org/wiki/Aston_Martin_in_Formula_One,Aston Martin,British,5275664.0,0 days 00:01:22.373000,7.0,51.0,0 days 00:01:27.948000,kph,216.168,2024,24
81,10,10,1.0,2,58,Finished,piastri,81,PIA,http://en.wikipedia.org/wiki/Oscar_Piastri,Oscar,Piastri,2001-04-06,Australian,mclaren,https://en.wikipedia.org/wiki/McLaren,McLaren,British,5277112.0,0 days 00:01:23.821000,4.0,51.0,0 days 00:01:27.690000,kph,216.804,2024,24
23,11,11,0.0,18,57,Lapped,albon,23,ALB,http://en.wikipedia.org/wiki/Alexander_Albon,Alexander,Albon,1996-03-23,Thai,williams,https://en.wikipedia.org/wiki/Williams_Racing,Williams,British,5204542.0,0 days 00:00:11.251000,18.0,46.0,0 days 00:01:29.438000,kph,212.567,2024,24
22,12,12,0.0,11,57,Lapped,tsunoda,22,TSU,http://en.wikipedia.org/wiki/Yuki_Tsunoda,Yuki,Tsunoda,2000-05-11,Japanese,rb,https://en.wikipedia.org/wiki/Racing_Bulls,RB F1 Team,Italian,5208029.0,0 days 00:00:14.738000,15.0,41.0,0 days 00:01:29.200000,kph,213.134,2024,24
24,13,13,0.0,15,57,Lapped,zhou,24,ZHO,http://en.wikipedia.org/wiki/Zhou_Guanyu,Guanyu,Zhou,1999-05-30,Chinese,sauber,https://en.wikipedia.org/wiki/Sauber_Motorsport,Sauber,Swiss,5210595.0,0 days 00:00:17.304000,8.0,56.0,0 days 00:01:27.982000,kph,216.085,2024,24
18,14,14,0.0,13,57,Lapped,stroll,18,STR,http://en.wikipedia.org/wiki/Lance_Stroll,Lance,Stroll,1998-10-29,Canadian,aston_martin,https://en.wikipedia.org/wiki/Aston_Martin_in_Formula_One,Aston Martin,British,5211764.0,0 days 00:00:18.473000,11.0,42.0,0 days 00:01:28.604000,kph,214.568,2024,24
61,15,15,0.0,17,57,Lapped,doohan,7,DOO,http://en.wikipedia.org/wiki/Jack_Doohan,Jack,Doohan,2003-01-20,Australian,alpine,https://en.wikipedia.org/wiki/Alpine_F1_Team,Alpine F1 Team,French,5219846.0,0 days 00:00:26.555000,13.0,56.0,0 days 00:01:29.121000,kph,213.323,2024,24
20,16,16,0.0,14,57,Lapped,kevin_magnussen,20,MAG,http://en.wikipedia.org/wiki/Kevin_Magnussen,Kevin,Magnussen,1992-10-05,Danish,haas,https://en.wikipedia.org/wiki/Haas_F1_Team,Haas F1 Team,American,5270888.0,0 days 00:01:17.597000,1.0,57.0,0 days 00:01:25.637000,kph,222.002,2024,24
30,17,17,0.0,12,55,Retired,lawson,30,LAW,http://en.wikipedia.org/wiki/Liam_Lawson,Liam,Lawson,2002-02-11,New Zealander,rb,https://en.wikipedia.org/wiki/Racing_Bulls,RB F1 Team,Italian,5076949.0,,12.0,52.0,0 days 00:01:28.751000,kph,214.212,2024,24
77,18,R,0.0,9,30,Retired,bottas,77,BOT,http://en.wikipedia.org/wiki/Valtteri_Bottas,Valtteri,Bottas,1989-08-28,Finnish,sauber,https://en.wikipedia.org/wiki/Sauber_Motorsport,Sauber,Swiss,,,19.0,14.0,0 days 00:01:29.482000,kph,212.462,2024,24
43,19,R,0.0,20,26,Retired,colapinto,43,COL,http://en.wikipedia.org/wiki/Franco_Colapinto,Franco,Colapinto,2003-05-27,Argentine,williams,https://en.wikipedia.org/wiki/Williams_Racing,Williams,British,,,17.0,5.0,0 days 00:01:29.411000,kph,212.631,2024,24
11,20,R,0.0,10,0,Retired,perez,11,PER,http://en.wikipedia.org/wiki/Sergio_P%C3%A9rez,Sergio,Pérez,1990-01-26,Mexican,red_bull,https://en.wikipedia.org/wiki/Red_Bull_Racing,Red Bull,Austrian,,,,,,,,2024,24
